com_id,label,regis_cap,month_fou,industry_code,region
壤塘县阳培畜牧产品发展有限公司,0,70.24,18,4,aba
阿坝州晟禾智慧现代农业发展有限公司,0,60.0,13,1,aba
壤塘县云杨商贸有限公司,0,50.0,16,0,aba
黑水县迪格呐机械租赁有限公司,0,50.0,15,5,aba
阿坝县星臣广告传媒有限责任公司,0,50.0,8,3,aba
阿坝州云硕信息技术有限公司,0,50.0,4,10,aba
阿坝县云上四季酒店有限公司,0,50.0,14,3,aba
阿坝县芊羽酒店有限公司,0,50.0,14,3,aba
黑水基木运输有限公司,0,30.0,17,5,aba
阿坝四季旅行社有限公司,0,30.0,16,3,aba
四川金封顶远电子科技有限公司,0,30.0,13,10,aba
黑水佳新装饰工程有限公司,0,30.0,4,7,aba
沪超比那多（黑水县）超市有限公司,0,45.1,4,10,aba
壤塘县壹叁柒陆农牧技术有限公司,0,16.0,19,9,aba
黑水县西红苏劳务专业合作社,0,15.0,18,3,aba
四川皓涵建筑劳务有限公司,0,20.0,18,7,aba
黑水县让朱劳务专业合作社,0,20.0,16,1,aba
壤塘合顺商贸有限公司,0,20.0,15,3,aba
阿坝县弘辰文化传媒有限公司,0,20.0,15,6,aba
阿坝州鑫耀阳装修工程有限责任公司,0,20.0,15,7,aba
四川藏域行旅游服务有限公司,0,20.0,6,3,aba
壤塘县雪域藏家商贸服务有限公司,0,10.0,18,0,aba
阿坝县中瑾企业服务有限公司,0,10.0,15,3,aba
壤塘县鼎晟机电维修经营部,0,1.0,20,4,aba
壤塘县发金优选生活超市（个体工商户）,0,10.0,19,0,aba
阿坝县辉鑫五金销售商行（个体工商户）,0,10.0,19,0,aba
壤塘县秀城建筑维修部（个体工商户）,0,1.0,19,7,aba
壤塘县百信四店药房加盟店（个人独资）,0,8.0,18,0,aba
壤塘县谢氏百货经营部（个人独资）,0,10.0,18,0,aba
壤塘县棒托工艺品销售有限公司,0,5.0,18,0,aba
阿坝县玖航广告传播有限责任公司,0,10.0,16,3,aba
黑水县亿年农业科技有限责任公司,0,3.0,15,1,aba
壤塘县聚鑫广告设计部（个体工商户）,0,5.0,14,3,aba
阿坝州壤塘县福地文化广告传媒有限公司,0,10.0,15,3,aba
壤塘县金源机械设备租赁服务部（个体工商户）,0,2.0,12,3,aba
壤塘县壤兴建材部（个体工商户）,0,1.0,12,0,aba
阿坝州亿欣广告传媒有限公司,0,10.0,12,3,aba
阿坝县自然雅农业科技有限公司,0,10.0,11,10,aba
阿坝县国昆电器贸易有限公司,0,10.0,9,4,aba
壤塘县赞普林卡酒店管理有限公司,0,10.0,8,2,aba
壤塘县诚信装饰维修部（个体工商户）,0,2.0,7,7,aba
黑水县强动机械租赁有限公司,0,88.0,15,3,aba
阿坝县绿航环保科技有限公司,0,50.0,15,11,aba
四川七小福旅行社有限公司,0,30.0,8,3,aba
壤塘县浩翔医疗救援服务有限责任公司,0,10.0,16,13,aba
壤塘县秀城装修工程有限责任公司,0,50.0,19,7,aba
黑水天顺同辉农业科技有限公司,0,50.0,9,9,aba
黑水佳鑫消防器材工程有限公司,0,28.0,12,0,aba
阿坝县金亿智航教育咨询有限责任公司,0,40.0,7,3,aba
阿坝县森跃达食品有限公司,0,50.0,7,0,aba
壤塘县幸福李花卉销售有限公司,0,10.0,19,0,aba
阿坝州红色文旅有限责任公司,0,30.0,11,11,aba
壤塘县虹洋广告部（个体工商户）,0,2.0,19,3,aba
阿坝州小冬农副食品商贸有限责任公司,0,1.0,10,4,aba
黑水县扎窝定点生猪屠宰有限责任公司,0,50.0,19,4,aba
阿坝县噶启成医健康科技服务有限公司,0,20.0,15,9,aba
壤塘县鑫盛五金建材机电部（个体工商户）,0,5.0,7,4,aba
阿坝县龙一康健福药店（个人独资）,0,5.0,20,0,aba
黑水县鑫隆文化娱乐有限公司,1,20.0,16,6,aba
阿坝县锦锋源建筑装饰设计工程有限责任公司,0,60.0,8,7,aba
阿坝县合惠百货商行（个体工商户）,0,8.0,6,0,aba
益丰（阿坝县）食品科技有限公司,0,30.0,16,9,aba
四川乐邦劳务有限公司,0,50.0,4,3,aba
阿坝县汇星工程管理有限公司,0,5.0,13,0,aba
阿坝州维源白油生物科技有限责任公司,0,10.0,18,9,aba
黑水县维多核桃食品有限公司,0,10.0,19,4,aba
阿坝县致腾汽车服务有限公司,0,60.0,18,3,aba
四川省诺尔斯基酒店管理有限责任公司,0,50.0,9,2,aba
阿坝县希塞生态农业专业合作社,0,10.0,18,1,aba
阿坝州诺金玛文化交流有限公司,0,10.0,15,3,aba
黑水县豪庭文化娱乐有限公司,0,50.0,18,6,aba
壤塘县文尚蔬菜批发店（个体工商户）,0,15.0,16,0,aba
阿坝县润雨农业发展农民专业合作社,0,50.0,15,1,aba
壤塘县嘉鸿农副产品商贸有限公司,0,10.0,13,4,aba
壤塘县好物集日用百货店（个人独资）,0,0.5,19,0,aba
壤塘县贡唐文旅游客接待中心（个体工商户）,0,20.0,16,2,aba
阿坝县好友多多便利店（个体工商户）,0,38.0,7,0,aba
阿坝县浙景优选生活超市（个体工商户）,0,50.0,8,0,aba
壤塘县尚雅恒新能源科技有限公司,0,10.0,15,9,aba
壤塘县作马百货销售商店（个人独资）,0,5.0,19,0,aba
壤塘县壤甲劳务服务经营部（个人独资）,0,40.0,17,3,aba
壤塘县昌鼎粮油有限公司,1,10.0,19,0,aba
四川荣信远达供应链科技有限公司,0,50.0,4,5,aba
壤塘县浙川日化用品有限公司,0,10.0,19,0,aba
阿坝县芊树酒店有限公司,0,10.0,20,3,aba
阿坝州华旺新能源有限公司,0,50.0,12,9,aba
壤塘县圣力建筑劳务经营部（个人独资）,0,10.0,17,7,aba
阿坝县龙一众康药店（个人独资）,0,5.0,15,0,aba
四川太古麟酒店管理有限责任公司,0,50.0,15,2,aba
黑水县新谷丰家庭农场（个人独资）,0,50.0,20,1,aba
阿坝县坝西农业发展有限公司,0,50.0,15,0,aba
阿坝县金穗农产品开发有限公司,0,10.0,20,9,aba
壤塘县福旺食品销售有限公司,0,20.0,18,2,aba
阿坝锦亿酒店有限公司,0,10.0,13,2,aba
四川羊茸哈德同富租赁有限公司,0,50.0,7,8,aba
阿坝州壤塘县杰尕扎尔甲利众慈谊百货店（个人独资）,0,5.0,19,0,aba
壤塘县尚南天路劳务服务有限公司,0,10.0,9,3,aba
黑水县维民劳务专业合作社,0,10.0,19,1,aba
黑水县刃嵴户外向导服务有限公司,0,5.0,11,6,aba
黑水县泽盖砖厂建材销售有限责任公司,0,30.0,13,0,aba
阿坝县泰恒商贸有限公司,0,10.0,5,0,aba
壤塘县草原工程建筑商务有限公司,0,5.0,12,7,aba
黑水县合元劳务专业合作社,0,10.0,20,1,aba
阿坝县康正利他大药房（个人独资）,0,5.0,10,0,aba
阿坝县康正爱健大药房（个人独资）,0,5.0,9,0,aba
四川三合诚信装修有限公司,0,10.0,16,7,aba
阿坝县鹿羊种养殖专业合作社,0,10.0,5,1,aba
壤塘县紫更婆婆农业科技发展有限责任公司,0,30.0,8,4,aba
壤塘县华家休闲食品店（个人独资）,0,0.5,19,0,aba
壤塘县阿斯玛租赁服务部（个人独资）,0,10.0,18,3,aba
阿坝县康正健福大药房（个人独资）,0,5.0,12,0,aba
壤塘县肖沃龙机械租赁有限公司,0,50.0,17,3,aba
阿坝县佳兴广告传媒店（个体工商户）,0,10.0,14,3,aba
阿坝县贰加壹二手车销售有限公司,0,50.0,18,3,aba
阿坝州壤塘噶拉巴藏香文化传习所文化传播有限公司,0,10.0,15,6,aba
阿坝县龚璞仓体育俱乐部有限公司,0,30.0,10,6,aba
阿坝县东创机械租赁经营部（个体工商户）,0,5.0,15,3,aba
阿坝县康正福康盛药房（个人独资）,0,5.0,15,0,aba
阿坝智科技术服务部（个体工商户）,0,10.0,6,10,aba
壤塘县壤源农产品销售有限责任公司,0,10.0,19,0,aba
壤塘县所欲百货批发有限责任公司,0,65.0,17,0,aba
阿坝圣安机械租赁有限公司,0,5.0,9,3,aba
黑水格里让家庭农场（个人独资）,0,50.0,9,1,aba
阿坝县重亚克健身服务有限公司,0,20.0,6,6,aba
阿坝县涵冰供销合作社有限责任公司,0,50.0,17,3,aba
阿坝县恒甲体育赛事策划馆（个人独资）,0,50.0,20,6,aba
四川省吉祥农业农民专业合作社,0,5.0,12,1,aba
阿坝县浠岸酒店管理有限公司,0,20.0,16,3,aba
壤塘县博燚广告有限公司,0,40.0,10,3,aba
黑水县初学家庭农场（个人独资）,0,10.0,16,1,aba
壤塘县景天生态农业发展有限公司,0,30.0,9,1,aba
壤塘县方圆生鲜批发超市（个人独资）,0,20.0,8,0,aba
阿坝县岗吉茶叶有限公司,0,80.0,13,0,aba
四川栖焱农业科技有限公司,0,50.0,11,9,aba
阿坝县亿联商贸有限公司,0,10.0,9,4,aba
阿坝县华梦达建筑工程设计有限公司,0,80.0,6,9,aba
阿坝县众康健生药店（个人独资）,0,10.0,4,0,aba
四川省重泰建筑机械租赁有限责任公司,0,10.0,16,3,aba
阿坝县越来越好商贸有限公司,0,30.0,9,0,aba
壤塘县三头牦头农产品中心（个人独资）,0,20.0,8,0,aba
壤塘县神木商业科技服务中心（个体工商户）,0,5.0,4,9,aba
阿坝县川遇航文化艺术有限责任公司,0,5.0,16,6,aba
阿坝县欣和创新能源有限公司,0,50.0,7,9,aba
黑水县洛哩措文旅有限责任公司,0,20.0,12,3,aba
黑水县达农滋补品店（个体工商户）,0,20.0,8,0,aba
黑水县丰淼商贸有限责任公司,0,50.0,8,0,aba
壤塘县不凡广告传媒店（个体工商户）,0,50.0,5,4,aba
壤塘县壤巴拉藏文文化艺术工作室（个人独资）,0,10.0,19,6,aba
黑水县三业建筑工程机械租赁有限公司,0,20.0,4,3,aba
阿坝县余粮农牧有限公司,0,20.0,13,0,aba
壤塘县宏胜建筑材料有限公司,0,10.0,19,4,aba
阿坝县缇妖叁演艺有限责任公司,0,40.0,19,6,aba
黑水县咱家家庭农场（个人独资）,0,50.0,16,1,aba
阿坝县炉新建设安装工程有限责任公司,0,50.0,13,7,aba
阿坝县贡哇玛百货店（个体工商户）,0,5.0,4,0,aba
壤塘县央洛食品销售门市部（个人独资）,0,10.0,19,0,aba
壤塘县金诃藏香行（个人独资）,0,3.0,20,0,aba
阿坝县夺兰便利店（个体工商户）,0,5.0,16,0,aba
四川省极地天下农业科技有限公司,0,50.0,11,1,aba
阿坝县峰云忠尚农业科技有限公司,0,5.0,10,9,aba
黑水县宏鑫达酒水商贸有限公司,0,50.0,19,0,aba
阿坝县义合百货店（个体工商户）,0,8.0,7,0,aba
阿坝瑞祥机械租赁有限公司,0,10.0,16,3,aba
壤塘县索旺综合商店（个体工商户）,0,6.0,19,0,aba
阿坝县鑫萌娱乐有限责任公司,0,10.0,16,6,aba
阿坝县伦坤酒店管理有限公司,0,20.0,15,3,aba
阿坝县了不起商贸有限公司,0,10.0,9,0,aba
黑水扎西龙卡机械租赁有限公司,0,50.0,19,3,aba
阿坝县领家便利店（个体工商户）,0,20.0,4,0,aba
壤塘县胜庄严服装批发店（个人独资）,0,10.0,19,0,aba
阿坝县欣怡百货店（个体工商户）,0,8.0,10,0,aba
阿坝县伊品源牦牛肉销售有限公司,0,50.0,10,0,aba
阿坝县桑氏五金日杂商行（个体工商户）,0,5.0,7,0,aba
黑水县养心沙卡乡村旅游农民专业合作社,0,5.0,16,1,aba
壤塘县圣圣聚百货商店（个体工商户）,0,15.0,15,0,aba
阿坝州万利兴货物运输服务有限公司,0,10.0,10,5,aba
阿坝县俊熙信息技术咨询服务店（个体工商户）,0,1.0,15,15,aba
壤塘县泽让甲百货店（个体工商户）,0,15.0,16,0,aba
阿坝县昶玖盛电动车销售有限责任公司,0,5.0,12,0,aba
阿坝春归机械租赁有限公司,0,50.0,4,3,aba
壤塘县浙丽休闲食品有限公司,0,10.0,19,0,aba
阿坝县疏炉厨具经营店（个体工商户）,0,20.0,20,0,aba
阿坝州尕尔仓手艺术品有限公司,0,50.0,19,0,aba
壤塘县旺登日用百货店（个人独资）,0,5.0,19,0,aba
黑水七色纺百货店（个体工商户）,0,60.0,19,3,aba
阿坝无问户外运动有限公司,0,20.0,16,6,aba
黑水县五金保家庭农场（个人独资）,0,50.0,15,1,aba
阿坝山莨菪农业发展合伙企业（有限合伙）,0,50.0,14,1,aba
阿坝县勤耕农收种养殖有限公司,0,6.0,10,1,aba
黑水宝佳机械租赁有限公司,0,50.0,8,3,aba
阿坝县极维手机维修店（个体工商户）,0,5.0,15,3,aba
壤塘县千元二手车车行（个人独资）,0,20.0,15,0,aba
阿坝州阿坝县卡雅拿达体育发展有限公司,0,5.0,12,6,aba
阿坝县力成达建材有限公司,0,50.0,10,8,aba
阿坝县一家便利店（个体工商户）,0,20.0,10,0,aba
壤塘县云端小卖部（个体工商户）,0,5.0,7,0,aba
壤塘县乐吃派食品店（个人独资）,0,0.5,19,0,aba
壤塘县三哥食品销售铺（个人独资）,0,5.0,19,0,aba
壤塘县添辰假日酒店（个人独资）,0,50.0,7,2,aba
壤塘县拉板商贸有限公司,0,50.0,19,0,aba
阿坝县进栎酒店管理有限公司,0,20.0,15,3,aba
阿坝县韩食记餐饮管理有限公司,0,68.0,8,3,aba
壤塘县旺休百货店（个体工商户）,0,6.0,20,0,aba
阿坝县誉同美商贸有限公司,0,3.0,9,1,aba
壤塘县私房火锅餐饮文化有限责任公司,0,80.0,7,2,aba
壤塘县卓玛家服装零售店（个人独资）,0,20.0,17,0,aba
阿坝鲲鹏物流有限公司,0,5.0,16,5,aba
黑水三兰木家庭农场（个人独资）,0,60.0,15,1,aba
四川省卡斯达温文化传媒有限公司,0,30.0,8,6,aba
阿坝州国亿工程机械租赁有限责任公司,0,20.0,19,3,aba
黑水县晴扎粮经作物种植农民专业合作社,0,10.0,10,1,aba
壤塘县尕尔玛食品小店（个体工商户）,0,1.0,4,4,aba
壤塘县川丰机械租赁有限公司,0,10.0,19,3,aba
壤塘县头单自助火锅店（个体工商户）,0,35.0,16,2,aba
壤塘县润生高原中草药经营部（个体工商户）,0,5.0,15,0,aba
阿坝县锦福达商贸有限公司,0,3.0,10,0,aba
黑水县扬次格西机械租赁店（个体工商户）,0,2.0,6,3,aba
黑水县唐姐百货有限责任公司,0,5.0,20,0,aba
四川省阿坝壤塘县泽让劳务信息咨询服务有限责任公司,1,30.0,15,3,aba
黑水县啊啦啦家庭农场（个人独资）,0,88.0,16,1,aba
阿坝县仁瑄荣商贸有限公司,0,3.0,9,0,aba
黑水县郎基家庭农场（个人独资）,0,28.0,19,1,aba
四川阿坝县阿柯仓中草药销售农民专业合作社,0,20.0,16,0,aba
阿坝县玛朵绿色种养殖有限责任公司,1,12.6,15,1,aba
阿坝县乐尚酒店管理有限责任公司,0,10.0,12,3,aba
中壤塘游客接待中心,0,60.0,19,2,aba
壤塘县玖源新能源科技有限公司,0,10.0,15,4,aba
阿坝县洛米洛伊商贸有限公司,0,6.0,10,0,aba
黑水嘉绒仓储经营部（个体工商户）,0,20.0,5,5,aba
黑水奥太雪山家庭农场（个人独资）,0,36.0,16,1,aba
阿坝藏韵农舍家庭农场（个人独资）,0,20.0,8,1,aba
黑水三奥雪山藏韵特产坊（个体工商户）,0,2.0,5,0,aba
阿坝县利客生活超市（个体工商户）,0,10.0,19,0,aba
壤塘县零食驾到店（个体工商户）,0,5.0,14,0,aba
阿坝县渝英烟酒店（个体工商户）,0,8.0,8,2,aba
阿坝县佳欣缘百货店（个体工商户）,0,5.0,19,0,aba
黑水县扎西东作家庭农场（个人独资）,0,10.0,17,1,aba
阿坝斯总机械租赁有限公司,0,20.0,15,3,aba
壤塘县银宙综合批发部（个体工商户）,0,5.0,15,0,aba
阿坝县鑫途电动车有限责任公司,0,20.0,10,4,aba
阿坝州措曲运输有限责任公司,0,1.0,12,5,aba
四川省阿坝州华茸农业开发有限公司,0,10.0,18,1,aba
黑水县穆荣家庭农场（个人独资）,0,20.0,18,1,aba
阿坝县菩然茶叶销售有限责任公司,0,50.0,10,4,aba
四川省三隆建筑工程机械租赁有限责任公司,0,50.0,11,2,aba
黑水阿泽通讯代理店（个体工商户）,0,1.0,20,0,aba
阿坝县五十六朵雪宝宝托育服务有限公司,0,30.0,19,3,aba
阿坝县桑格让俄体育场馆管理馆（个体工商户）,0,20.0,8,6,aba
阿坝县红浩酒店管理有限公司,0,30.0,7,3,aba
阿坝县阿军五金配件经营店（个体工商户）,0,2.0,18,0,aba
壤塘县益乐格萨尔王文化传承中心（个体工商户）,0,50.0,15,6,aba
阿坝县众仁康保健服务馆（个人独资）,0,1.0,12,3,aba
阿坝县如是民宿酒店（个体工商户）,0,30.0,6,2,aba
壤塘县青丝坊美容美发中心（个人独资）,0,5.0,7,3,aba
壤塘县聚福综合批发零售店（个体工商户）,0,20.0,8,0,aba
四川省壤塘县日柯庆食品销售有限责任公司,0,2.0,19,0,aba
四川壤塘县杨老五食品销售有限责任公司,0,2.0,19,0,aba
阿坝县格登汽车维修店（个体工商户）,0,20.0,8,3,aba
壤塘县添辰餐馆（个体工商户）,0,5.0,7,2,aba
壤塘县念胜商贸中心（个体工商户）,0,10.0,6,0,aba
黑水三奥仙境民宿（个体工商户）,0,5.0,5,2,aba
黑水县森宝家庭农场（个人独资）,0,98.0,15,1,aba
四川省阿坝州壤塘县热窝中药材种植农民专业合作社,0,20.0,15,4,aba
四川省神山营户外运动有限公司,0,6.0,11,6,aba
阿坝县丰维慧勤农业有限公司,0,5.0,10,1,aba
壤塘县壤拉百货店（个体工商户）,0,10.0,7,0,aba
黑水茸氏兽药经营部（个人独资）,0,2.0,16,0,aba
阿坝县天泰鸿网络有限公司,0,3.0,8,9,aba
壤塘县红英蔬菜有限责任公司,0,5.0,13,0,aba
黑水县阿朱家庭农场（个人独资）,0,10.0,18,1,aba
四川省六金物流有限责任公司,0,20.0,11,5,aba
壤塘县霞妹饭店（个体工商户）,0,6.8,5,2,aba
阿坝县尕玛阿丹石材工艺经营商行（个体工商户）,0,10.0,4,0,aba
壤塘县锋锐建材销售部,0,20.0,19,3,aba
壤塘县博亚百货销售有限责任公司,0,10.0,13,0,aba
黑水拉姆种植家庭农场（个人独资）,0,8.5,18,1,aba
壤塘县上壤塘乡海子山雪域农民专业合作社,0,11.0,15,4,aba
阿坝县佳选副食零售便利店（个体工商户）,0,20.0,14,0,aba
阿坝县惠多多食品便利店（个体工商户）,0,10.0,14,0,aba
壤塘县隆兴百货店（个体工商户）,0,20.0,14,0,aba
吉美（壤塘）文化艺术交流有限责任公司,0,50.0,13,6,aba
壤塘县格平藏医诊所（个人独资）,0,50.0,11,13,aba
阿坝县阿诺玛球馆篮球培训馆（个体工商户）,0,10.0,20,6,aba
壤塘县四维空间网吧（个人独资）,0,11.0,18,10,aba
阿坝县勤锦业商贸有限公司,0,2.0,9,0,aba
阿坝县乐小二宜创生活超市店（个体工商户）,0,10.0,5,0,aba
黑水县宝盛种植农民专业合作社,0,50.0,19,1,aba
壤塘县基尔巴百货商店（个体工商户）,0,10.0,15,0,aba
壤塘县兰卡五金建筑材料店（个体工商户）,0,10.0,12,0,aba
阿坝县宗巴雅姆餐厅（个体工商户）,0,50.0,8,2,aba
阿坝县飞帆电动车销售店（个体工商户）,0,8.0,7,3,aba
壤塘县供销社农资综合服务宗科便民店,0,10.0,19,0,aba
黑水达木家庭场（个人独资）,0,30.0,20,1,aba
阿坝县睿智佳托育服务有限公司,0,30.0,19,3,aba
黑水赵瑞种养殖农民专业合作社,0,50.0,13,1,aba
阿坝县雪域营地餐饮文化吧（个人独资）,0,10.0,10,6,aba
阿坝县已见山民宿酒店（个体工商户）,0,10.0,10,2,aba
阿坝县博锐丰种养殖有限公司,0,10.0,7,1,aba
壤塘县鸿锦岗木达镇物流中心（个人独资）,0,3.0,6,5,aba
阿坝县丹增服装店（个体工商户）,0,70.0,4,4,aba
黑水顺发装饰店（个体工商户）,0,20.0,18,7,aba
阿坝县刊商百货店（个体工商户）,0,15.0,16,0,aba
壤塘县梦熙澜庭商务酒店（个人独资）,0,9.6,12,2,aba
阿坝县福惠正商贸有限公司,0,3.0,10,0,aba
黑水县自由人家家庭农场（个人独资）,0,5.0,10,1,aba
阿坝县如锦华农业信息咨询有限公司,0,2.0,8,3,aba
阿坝县忆达藏毯百货店（个体工商户）,0,20.0,8,0,aba
壤塘县阿斯玛百货商店（个体工商户）,0,20.0,6,0,aba
阿坝县诚智蔬菜水果店（个体工商户）,0,8.0,4,0,aba
壤塘县浙景酒水销售有限公司,0,10.0,19,0,aba
黑水县鼎信五金店（个体工商户）,0,8.0,18,0,aba
壤塘县鸿锦石里乡物流中心（个人独资）,0,3.0,6,5,aba
阿坝县各莫镇惠利劳务专业合作社,0,1.0,20,1,aba
壤塘拾光部落旅游服务社（个体工商户）,0,5.0,17,3,aba
黑水皖美窗帘店（个体工商户）,0,50.0,16,0,aba
阿坝县椿田理娱乐吧（个人独资）,0,90.0,10,6,aba
阿坝县阿泽便利店（个体工商户）,0,20.0,9,0,aba
黑水鑫达植物油批发部（个体工商户）,0,3.0,8,0,aba
黑水嘉宜无人便利店（个体工商户）,0,5.0,8,0,aba
壤塘县跟地道服装店（个体工商户）,0,30.0,7,0,aba
壤塘县鸿锦茸木达乡物流中心（个人独资）,0,3.0,6,5,aba
壤塘县仁妹蔬菜水果店（个体工商户）,0,8.0,20,2,aba
壤塘县泽央摩托维修店（个体工商户）,0,2.0,15,3,aba
阿坝县陆叁柒汽车美容店（个体工商户）,0,20.0,13,3,aba
阿坝县仟芊办公家具销售店（个人独资）,0,30.0,9,0,aba
阿坝县瑞盈通农副产品商贸有限公司,0,5.0,7,0,aba
壤塘县鸿锦上攘塘乡物流中心（个人独资）,0,3.0,7,5,aba
壤塘县鸿锦蒲西物流中心（个人独资）,0,3.0,6,5,aba
壤塘县雪域臻源食品有限责任公司,0,50.0,19,0,aba
阿坝县小祖宗童装经营店（个体工商户）,1,10.0,16,0,aba
壤塘楷博电子商务有限公司,0,10.0,12,2,aba
阿坝县诺威尕偲护肤品经营店（个体工商户）,0,28.0,8,0,aba
壤塘县鸿锦中攘塘物流中心（个人独资）,0,3.0,7,5,aba
壤塘县鸿锦上杜柯乡物流中心（个人独资）,0,3.0,7,5,aba
黑水三奥攀山舍客栈（个体工商户）,0,5.0,7,2,aba
壤塘县鸿锦南木达镇物流中心（个人独资）,0,3.0,6,5,aba
壤塘县鸿锦宗科乡物流中心（个人独资）,0,3.0,6,5,aba
壤塘县沐沐泽泽休闲食品店（个人独资）,0,1.0,19,0,aba
壤塘县海添蔬菜店（个体工商户）,0,6.0,15,0,aba
黑水县森鹿酒店（个体工商户）,0,68.0,14,2,aba
黑水罗嘉家庭农场（个人独资）,0,6.0,12,1,aba
阿坝县飞诺诚农业信息咨询有限公司,0,3.0,8,3,aba
壤塘县上杜柯乡藏地花香电子商务中心（个人独资）,0,2.0,7,0,aba
壤塘县鸿锦尕多乡物流中心（个人独资）,0,3.0,7,5,aba
阿坝县玛吉阿妈食品销售店（个体工商户）,0,2.0,8,4,aba
壤塘县鸿锦吾伊乡物流中心（个人独资）,0,3.0,7,5,aba
阿坝县财之源百货店（个体工商户）,0,6.0,20,0,aba
四川绿波食品有限公司,1,50.0,18,0,aba
阿坝县南木色种植家庭农场（个体工商户）,0,70.0,10,1,aba
黑水天岩机载机械租赁有限公司,0,50.0,10,3,aba
壤塘县岗木达镇电子商务中心（个人独资）,0,2.0,7,0,aba
壤塘县宗科乡藏地花香电子商务中心（个人独资）,0,2.0,7,1,aba
阿坝县无处不在商店（个体工商户）,0,5.0,6,0,aba
阿坝县宝盛道吉服装经营店（个体工商户）,0,10.0,7,6,aba
壤塘县蒲西达木电子商务中心（个人独资）,0,2.0,7,0,aba
壤塘县中攘塘镇藏地电子商务中心（个人独资）,0,2.0,7,0,aba
壤塘县尕多乡藏地花香电子商务中心（个人独资）,0,2.0,7,0,aba
黑水县灸贤堂家庭农场（个人独资）,0,10.0,4,1,aba
壤塘县麦田坊生活馆有限公司,0,10.0,19,0,aba
阿坝县大勇牦牛肉销售有限公司,0,10.0,14,0,aba
阿坝县麦尔玛镇平安劳务专业合作社,0,1.0,20,1,aba
阿坝县柯河乡下玛荣劳务专业合作社,0,5.0,20,3,aba
黑水额拉木家庭农场（个人独资）,0,20.0,20,1,aba
阿坝县聚福宝洲珠宝首饰经营行（个体工商户）,0,3.0,16,0,aba
阿坝县聚慧宝洲珠宝首饰经营行（个体工商户）,0,3.0,16,0,aba
壤塘县好再来小卖部（个体工商户）,0,15.0,16,0,aba
阿坝县高原之星餐饮文化吧（个人独资）,0,10.0,12,6,aba
壤塘县仁妹果蔬店（个体工商户）,0,8.0,7,0,aba
阿坝县泽让欧真日用百货店（个体工商户）,0,2.0,15,0,aba
阿坝县风笛商务服务有限公司,0,10.0,10,0,aba
壤塘县茸木达乡电子商务中心（个人独资）,0,2.0,7,0,aba
阿坝县悦旭湖商贸有限公司,0,5.0,7,0,aba
阿坝县龙达亚卓手机配件店（个体工商户）,0,9.0,4,10,aba
黑水芳邻便利店（个体工商户）,0,10.0,20,0,aba
黑水谢春水果店（个体工商户）,0,5.0,20,0,aba
阿坝县启福美家庭农场（个体工商户）,0,10.0,18,1,aba
阿坝县好友五金日杂店（个体工商户）,0,10.0,16,0,aba
阿坝县师兄汽修厂（个体工商户）,0,8.0,16,3,aba
壤塘县央庆百货商店（个体工商户）,0,5.0,16,0,aba
黑水县祥旺家庭农场（个人独资）,0,5.0,10,1,aba
阿坝县宝远讯商贸有限公司,0,2.0,8,0,aba
阿坝县阿炯甲桑服装店（个体工商户）,0,50.0,8,0,aba
阿坝县珍珍名店服装店（个体工商户）,0,40.0,4,0,aba
黑水康珠百货店（个人独资）,0,9.0,9,0,aba
黑水县格让蔬菜种植农民专业合作社,0,25.0,18,1,aba
阿坝县乐园便利店（个体工商户）,0,10.0,16,0,aba
阿坝县博源瑞商贸有限公司,0,6.0,9,4,aba
壤塘县石里乡电子商务中心（个人独资）,0,2.0,7,0,aba
阿坝县尚福旭种养殖有限公司,0,5.0,7,1,aba
阿坝县诺热桑波服装店（个体工商户）,0,25.0,7,0,aba
阿坝县昇达日杂用品店（个体工商户）,0,10.0,5,0,aba
阿坝县悠品铺子百货销售铺（个体工商户）,0,6.0,19,0,aba
壤塘县卓力特常联系手机店（个体工商户）,0,5.0,18,0,aba
阿坝县桑吉桑日用品经营店（个体工商户）,0,5.0,14,0,aba
阿坝县鹏达户外服装店（个体工商户）,0,10.0,12,0,aba
阿坝县运欣欣农副产品商贸有限公司,0,3.0,8,0,aba
壤塘县吾依乡电子商务中心（个人独资）,0,2.0,7,0,aba
黑水县之韵网络科技店（个体工商户）,0,50.0,6,10,aba
黑水山野行露营点（个体工商户）,0,10.0,4,2,aba
黑水高军茶坊（个人独资）,0,30.0,9,2,aba
阿坝县兰驿居民宿酒店（个体工商户）,0,10.0,16,2,aba
壤塘县索郎多小卖部（个体工商户）,0,5.0,14,0,aba
壤塘县菲芘演艺厅（个体工商户）,0,80.0,12,0,aba
阿坝县虫虫尕莫服装经销店（个体工商户）,0,50.0,10,4,aba
壤塘县南木达镇电子商务中心（个人独资）,0,2.0,7,0,aba
壤塘县欣欣电子商务中心（个人独资）,0,2.0,7,0,aba
阿坝县奢菲季护肤用品店（个体工商户）,0,5.0,4,3,aba
阿坝县稻田人家咖啡店（个体工商户）,0,3.0,19,2,aba
黑水彩林雪山向导俱乐部（个体工商户）,0,10.0,18,3,aba
阿坝县客拉亚藏餐店（个体工商户）,0,10.0,17,2,aba
黑水县鑫亿诚酒店厨具设备经营部（个体工商户）,0,40.0,15,0,aba
壤塘县萨隅拉姆服装店（个体工商户）,0,10.0,13,0,aba
阿坝州冰川运业有限责任公司,0,30.0,11,5,aba
阿坝县瑞韵商贸有限公司,0,3.0,9,8,aba
阿坝县源来如此商贸有限公司,0,2.0,8,0,aba
壤塘县鸿运盛源铜器工艺品艺术展览厅（个体工商户）,0,10.0,7,4,aba
壤塘县聚宝阁百货店（个体工商户）,0,2.0,4,0,aba
阿坝县都领商贸有限公司,0,5.0,12,0,aba
阿坝县康城日用百货经营铺（个体工商户）,0,10.0,19,0,aba
黑水县乾泉聚工程管理部（个体工商户）,0,10.0,17,3,aba
阿坝县孝永钢材销售店（个体工商户）,0,10.0,15,0,aba
壤塘县巴玛尕查洗浴中心（个体工商户）,0,70.0,15,3,aba
壤塘县楠粽茶楼（个体工商户）,0,10.0,13,2,aba
阿坝空中客体育发展有限责任公司,0,50.0,12,6,aba
阿坝县凤平家电维修店（个体工商户）,0,1.0,9,3,aba
黑水冰川朗措服装店（个体工商户）,0,15.0,7,0,aba
黑水西里便利店（个体工商户）,0,2.0,6,0,aba
阿坝县万谢便利店（个体工商户）,0,10.0,17,0,aba
壤塘县索朗珠弥服装店（个体工商户）,0,10.0,13,0,aba
黑水县泽盖建筑机械租赁有限公司,0,30.0,9,3,aba
阿坝县翔元星服装零售有限公司,0,1.0,8,0,aba
壤塘县王氏石里乡猪肉销售铺（个人独资）,0,2.0,7,0,aba
黑水绿萌食光家庭农场（个人独资）,0,21.0,7,1,aba
阿坝县侠游娱乐有限公司,0,20.0,6,6,aba
阿坝县阿那玛那摄影服务部（个体工商户）,0,10.0,4,3,aba
黑水明润娱乐有限责任公司,0,50.0,9,6,aba
阿坝县三周泽让电信代办店（个体工商户）,0,3.0,19,10,aba
阿坝县小杨甄选副食零售店（个体工商户）,0,10.0,16,0,aba
阿坝县唐师傅水电安装部（个体工商户）,0,1.0,8,7,aba
壤塘县叁叁零酒吧（个体工商户）,0,32.0,4,2,aba
阿坝县喜马拉台球俱乐部（个体工商户）,0,50.0,4,6,aba
黑水山居海景民宿（个体工商户）,0,60.0,4,2,aba
壤塘县顺风摩托维修有限责任公司,0,10.0,7,3,aba
阿坝县茸安祥盛劳务专业合作社,0,1.0,20,3,aba
阿坝县夸刚广告图文设计店（个体工商户）,0,10.0,18,3,aba
阿坝县路橙便利店（个体工商户）,0,1.0,17,0,aba
阿坝县清风庭足浴店（个体工商户）,0,30.0,15,3,aba
黑水南街小吃店（个体工商户）,0,5.0,15,2,aba
阿坝县更尕日用百货店（个体工商户）,0,5.0,10,0,aba
壤塘县兴鸿洗涤店（个体工商户）,0,10.0,8,3,aba
壤塘县王氏岗木达镇猪肉销售铺（个人独资）,0,2.0,7,0,aba
壤塘县索朗通讯店（个体工商户）,0,10.0,7,10,aba
黑水县富兴机械租赁有限公司,0,50.0,7,3,aba
阿坝县旺登手机维修店（个体工商户）,0,20.0,6,4,aba
阿坝县泽缘日杂用品店（个体工商户）,0,2.0,4,0,aba
黑水卡斯达演绎餐吧（个人独资）,0,30.0,19,6,aba
阿坝县食味天中餐店（个体工商户）,0,8.0,20,2,aba
壤塘县准姐百货店（个体工商户）,0,10.0,19,0,aba
阿坝县格热汽车修理店（个体工商户）,1,15.0,16,3,aba
黑水县布斯彩林驿站（个体工商户）,0,80.0,16,2,aba
阿坝县元元百货店（个体工商户）,0,2.0,13,0,aba
阿坝县金马壹号农家乐（个体工商户）,0,20.0,10,2,aba
阿坝县雅克府娱乐有限公司,0,20.0,9,6,aba
阿坝县军军副食销售便利店（个体工商户）,0,4.0,7,0,aba
黑水相亲相爱服饰用品店（个体工商户）,0,1.0,7,6,aba
阿坝县小嘎五金店（个体工商户）,0,2.0,6,0,aba
黑水达古雪山鲜肉铺（个体工商户）,0,50.0,4,0,aba
黑水晓英食品销售有限公司,0,3.0,13,0,aba
壤塘县今夜不打杨,0,5.0,19,5,aba
壤塘县军茂烤饼店（个体工商户）,0,2.0,16,2,aba
黑水阿尔麦民宿酒店（个体工商户）,0,50.0,12,2,aba
阿坝县宏锦音乐火锅店（个体工商户）,1,8.0,11,6,aba
黑水县蓝江诚养殖有限公司,0,50.0,7,1,aba
阿坝县碗碗菜牦牛肉火锅馆（个体工商户）,0,8.0,20,2,aba
黑水仁禾圆商行经营部（个体工商户）,0,5.0,17,0,aba
黑水县泽若扎西蔬菜店（个体工商户）,0,6.0,16,0,aba
阿坝县阿妈诺杨副食零售店（个体工商户）,0,1.0,16,0,aba
壤塘县凯文百货商店（个体工商户）,0,5.0,16,0,aba
阿坝县小兰小食品经营店（个体工商户）,0,3.0,16,0,aba
壤塘县杰莫汉堡店（个体工商户）,0,2.0,16,2,aba
阿坝县蜀汇鸡鱼天下餐饮服务店（个体工商户）,0,60.0,16,2,aba
阿坝县辉旺赛副食销售有限公司,0,2.0,8,0,aba
壤塘县老虎山食品经营部（个体工商户）,0,20.5,8,0,aba
阿坝县小祖宗服装店（个体工商户）,0,10.0,7,0,aba
壤塘县王氏蒲西猪肉销售铺（个人独资）,0,2.0,7,0,aba
阿坝县腾木桑蔬菜店（个体工商户）,0,4.0,6,0,aba
黑水泓通水电安装维护中心（个体工商户）,0,10.0,6,7,aba
壤塘县阿漫尼娱乐演艺厅（个体工商户）,0,40.0,6,6,aba
四川君信酒店管理有限公司,0,5.0,13,2,aba
阿坝县金达商贸部（个体工商户）,1,1.0,19,0,aba
黑水县维拉斯健康生活馆（个体工商户）,0,50.0,19,3,aba
黑水弘睿文具店（个体工商户）,0,2.0,16,0,aba
阿坝县王宇良汽车修理店（个体工商户）,0,1.0,16,3,aba
阿坝县金杆台球厅（个体工商户）,0,5.0,15,6,aba
阿坝县浩宇中草药销售有限公司,0,20.0,15,0,aba
阿坝县蚕木扎桑云下花海民宿旅店（个体工商户）,0,7.0,13,2,aba
黑水县红兴家庭农场（个人独资）,0,40.0,9,1,aba
阿坝县锦勤福商贸有限公司,0,2.0,8,0,aba
壤塘县王氏茸木达猪肉销售铺（个人独资）,0,2.0,7,0,aba
壤塘县王氏上杜柯乡猪肉销售铺（个人独资）,0,2.0,7,0,aba
壤塘县王氏宗科乡猪肉销售铺（个人独资）,0,2.0,7,0,aba
壤塘县王氏中攘塘镇猪肉销售铺（个人独资）,0,2.0,6,0,aba
阿坝县徐渡桑千万副食品批发商行（个体工商户）,0,6.0,6,0,aba
壤塘县云中客川菜馆（个体工商户）,0,13.0,20,2,aba
阿坝县拉阿沃服装店（个体工商户）,0,50.0,19,0,aba
阿坝县洛斗家庭农场（个体工商户）,0,50.0,19,1,aba
壤塘县青年篮球馆（个体工商户）,0,70.0,19,6,aba
黑水星运休闲厅（个体工商户）,0,4.0,15,2,aba
阿坝县金草地牦牛肉经营部（个体工商户）,0,3.0,15,0,aba
阿坝县罗尔登小卖铺店（个体工商户）,0,10.0,15,0,aba
黑水县美帕民宿（个体工商户）,0,10.0,15,2,aba
阿坝县鑫优家建材经营店（个体工商户）,0,2.0,13,7,aba
壤塘县德藏科技有限责任公司,0,10.0,11,4,aba
阿坝县德拉雅日用品店（个体工商户）,0,10.0,10,0,aba
黑水县罗让家庭农场（个人独资）,0,10.0,9,1,aba
阿坝县俄郎民宿酒店（个体工商户）,0,60.0,8,2,aba
壤塘县王氏南木达镇猪肉销售铺（个人独资）,0,2.0,7,0,aba
阿坝县蓝姆瑞酒店（个体工商户）,0,80.0,6,2,aba
阿坝县强盛创意文印铺（个体工商户）,0,10.0,6,3,aba
阿坝县诺基酒店（个体工商户）,0,35.0,20,2,aba
阿坝县次真百货店（个体工商户）,0,30.0,18,0,aba
壤塘县贡德服装店（个体工商户）,0,10.0,15,0,aba
黑水县客来香饭店（个体工商户）,0,20.0,15,2,aba
阿坝县罗尔江农副产品店（个体工商户）,0,10.0,14,0,aba
壤塘县春茶小卖部（个体工商户）,1,1.0,13,0,aba
阿坝县遂路机械租赁有限公司,0,20.0,12,3,aba
阿坝县谢然嘉措百货店（个体工商户）,0,3.0,12,0,aba
黑水县尕基家庭农场（个人独资）,0,5.0,11,1,aba
阿坝县学益堂营销策划有限公司,0,2.0,8,3,aba
阿坝县炼羊阁餐饮服务店（个体工商户）,0,10.0,8,2,aba
壤塘县伊香园一面之缘店（个体工商户）,0,10.0,7,5,aba
壤塘县王氏吾伊乡猪肉销售铺（个人独资）,0,2.0,7,0,aba
阿坝县清涟茗源茶楼（个体工商户）,0,10.0,6,2,aba
阿坝县沃福儿童服装饰品商店（个体工商户）,1,15.0,20,0,aba
阿坝县卓花尚农副产品商店（个体工商户）,0,20.0,19,0,aba
阿坝县辉辉蔬菜零售店（个体工商户）,0,3.0,16,0,aba
阿坝县藏安黄金首饰店（个体工商户）,0,50.0,15,0,aba
阿坝县巴尔宗土特产店（个体工商户）,0,10.0,14,0,aba
壤塘县恩波电动车行（个人独资）,0,15.0,13,0,aba
阿坝县洋萨服装店（个体工商户）,0,5.0,10,0,aba
阿坝县帮达洛商贸有限公司,0,2.0,8,0,aba
阿坝县讯铭博商务服务有限公司,0,6.0,8,3,aba
阿坝县沃里玛民宿酒店（个体工商户）,0,16.0,8,2,aba
阿坝县微巧便利店（个体工商户）,0,1.0,8,0,aba
壤塘县覃氏肉铺（个人独资）,0,10.0,8,0,aba
壤塘县塔吾松药渣和杂草店（个体工商户）,0,60.0,8,1,aba
壤塘县王氏上攘塘乡猪肉销售铺（个人独资）,0,2.0,7,0,aba
阿坝县顾得服装店（个体工商户）,0,10.0,7,0,aba
壤塘县王氏尕多乡猪肉销售铺（个人独资）,0,2.0,6,0,aba
黑水如益精品民宿（个体工商户）,0,60.0,5,2,aba
阿坝县祥泽林恩生物质新材料有限责任公司,0,50.0,4,4,aba
壤塘县风马汽修有限责任公司,0,60.0,13,3,aba
壤塘县甲木滚茶楼（个体工商户）,0,70.0,20,2,aba
壤塘县爱美丽美妆店（个体工商户）,0,7.0,20,0,aba
壤塘县德巴厨具经营部（个体工商户）,0,10.0,20,0,aba
阿坝县意梦家庭农场店（个体工商户）,0,50.0,19,1,aba
阿坝县喀拉雅餐厅（个体工商户）,0,1.0,19,2,aba
阿坝县聚之德餐饮服务馆（个体工商户）,0,50.0,16,2,aba
阿坝县小叶门窗加工服务店（个体工商户）,0,5.0,15,4,aba
黑水伍谷康机械租赁部（个体工商户）,0,50.0,8,3,aba
壤塘县巴老冒豆花冒菜店（个体工商户）,0,10.0,4,2,aba
阿坝县这碗肉馆家常菜饭馆（个体工商户）,0,2.0,20,2,aba
壤塘县幸源通讯店（个体工商户）,0,10.0,16,0,aba
阿坝县好肉来鲜肉销售店（个体工商户）,0,2.0,15,0,aba
壤塘县山边人家农家乐园（个体工商户）,0,87.0,14,2,aba
阿坝县超体电竞科技馆（个人独资）,0,3.0,14,9,aba
阿坝县德越汽修铺（个体工商户）,0,8.0,13,3,aba
阿坝县阿玛拉仓餐饮文化吧（个人独资）,0,10.0,13,6,aba
阿坝县芳芳蔬菜水果店（个体工商户）,0,5.0,10,0,aba
壤塘县胡老表小卖部（个体工商户）,1,10.0,10,0,aba
阿坝县俄生畜禽养殖农民专业合作社,0,20.0,9,1,aba
阿坝县跃光冠网络科技有限公司,0,5.0,8,10,aba
黑水县酷炫手机店（个体工商户）,0,5.0,8,0,aba
黑水藏式木艺建材销售店（个体工商户）,0,5.0,8,0,aba
阿坝县宁贡桑百货店（个体工商户）,0,10.0,8,0,aba
阿坝县永得百货店（个体工商户）,0,3.0,8,0,aba
黑水冰川牧歌民宿（个体工商户）,0,60.0,4,2,aba
黑水张师铁花门销售部（个体工商户）,0,2.0,4,4,aba
壤塘县宏盛机电销售有限公司,0,5.0,12,3,aba
阿坝县志勇便利店（个体工商户）,1,10.0,19,5,aba
黑水一平经营部（个体工商户）,0,50.0,19,5,aba
黑水县漫炉烤肉店（个体工商户）,0,50.0,18,2,aba
阿坝县秘境酒店（个体工商户）,0,50.0,17,2,aba
阿坝县宗坝雅百货店（个体工商户）,0,2.0,16,0,aba
阿坝县泽木滚日用百货便利店（个体工商户）,0,5.0,16,0,aba
壤塘县型木达副食商店（个体工商户）,0,6.0,16,0,aba
阿坝县光影婚纱摄影工作室（个体工商户）,0,50.0,16,3,aba
阿坝县博客代理电信代理铺（个体工商户）,0,1.0,15,10,aba
阿坝县索兰甲木初女装铺（个体工商户）,0,5.0,15,0,aba
阿坝县诺日央宗百货店（个体工商户）,0,3.0,14,0,aba
壤塘县飞飞食品店（个体工商户）,0,5.0,14,0,aba
四川省阿坝州壤塘县扎姐百货超市经营部（个人独资）,0,5.0,13,0,aba
阿坝县今喜服装店（个体工商户）,0,1.0,12,0,aba
黑水县泽拉家庭农场（个人独资）,0,10.0,11,1,aba
阿坝县藏家乐藏式实木家具店（个体工商户）,0,50.0,10,4,aba
阿坝县云雅民宿酒店（个体工商户）,0,5.0,8,2,aba
黑水县阿洪手机店（个体工商户）,0,5.0,8,0,aba
阿坝县日长咖啡馆（个体工商户）,0,10.0,8,2,aba
阿坝县和睦台球俱乐部（个体工商户）,0,20.0,7,6,aba
阿坝县尕德中药材铺（个体工商户）,0,80.0,5,0,aba
壤塘县卓木尕茶坊（个体工商户）,0,8.0,5,6,aba
阿坝县索郎亚卓收藏艺术品店（个体工商户）,0,3.0,4,6,aba
阿坝县扎西雅卓手机销售店（个体工商户）,0,50.0,18,0,aba
阿坝县香金尚旅游产品店（个体工商户）,0,10.0,17,0,aba
阿坝县丹嘎尔酒店（个体工商户）,0,50.0,14,2,aba
阿坝县桥这头老火锅餐饮店（个体工商户）,0,2.0,14,2,aba
壤塘县阿妈拉藏餐店（个体工商户）,0,3.0,13,2,aba
阿坝县诺央仓便利店（个体工商户）,0,3.0,12,0,aba
黑水食林间农副产品销售店（个人独资）,0,5.0,11,4,aba
黑水县占他木拖拉机修配厂（个人独资）,0,15.0,9,1,aba
黑水星宫餐厅（个体工商户）,0,70.0,8,2,aba
黑水达古云境民宿（个体工商户）,0,80.0,4,2,aba
阿坝县邓四姐蔬菜水果店（个体工商户）,0,5.0,4,0,aba
阿坝县宗巴叶餐饮服务店（个体工商户）,0,10.0,17,2,aba
壤塘县确尔基寺商店（个体工商户）,0,80.0,17,0,aba
壤塘县韩式炭火烧烤店（个体工商户）,0,20.0,16,2,aba
阿坝县索郎迫中药材店（个体工商户）,0,50.0,15,0,aba
阿坝县牧民之家农家乐店（个体工商户）,0,3.0,12,2,aba
阿坝县克真天珠艺术品行（个体工商户）,0,20.0,10,0,aba
壤塘县鑫河再生资源回收站（个体工商户）,0,10.0,10,4,aba
阿坝县扎西杨吉百货店（个体工商户）,0,3.0,10,0,aba
黑水鸿福饭店（个人独资）,0,3.0,7,2,aba
阿坝县蓝措西姆百货店（个体工商户）,0,6.0,9,0,aba
阿坝县金源兴农产品经营有限公司,0,1.0,8,0,aba
壤塘县猛河高山牦牛肉销售店（个人独资）,0,5.0,8,0,aba
壤塘县华尔登百货铺（个体工商户）,0,7.0,7,0,aba
阿坝县宗拉嘎博百货店（个体工商户）,0,5.0,7,4,aba
阿坝县酸蜜麻花面包经营店（个体工商户）,0,5.0,6,4,aba
阿坝县迹象茗香阁茶楼坊（个体工商户）,0,20.0,5,2,aba
阿坝县仲州百货店（个体工商户）,0,5.0,4,0,aba
黑水百姓通讯店（个体工商户）,0,1.0,4,10,aba
阿坝县勒么措服装销售店（个体工商户）,0,10.0,18,0,aba
壤塘县扎拉桑藏餐馆（个体工商户）,0,60.0,16,2,aba
阿坝县嘉锐森消防器材销售店（个体工商户）,0,6.0,14,0,aba
黑水县沁园春茶坊（个体工商户）,0,8.0,14,6,aba
阿坝县香香米线小吃铺（个体工商户）,1,0.1,12,2,aba
阿坝县利鑫泰委托寄卖铺（个体工商户）,0,2.0,12,3,aba
阿坝县吉曲藏面馆（个体工商户）,0,8.0,8,2,aba
阿坝县咔啦亿休闲食品店（个体工商户）,0,3.0,6,0,aba
阿坝县书亦烧仙草奶茶店（个体工商户）,0,28.0,4,4,aba
壤塘县净土佛缘有限公司,0,20.0,8,0,aba
壤塘县小刚美食饭店（个体工商户）,0,10.0,20,2,aba
壤塘县泽珍餐饮茶楼（个体工商户）,0,3.0,19,2,aba
阿坝县仁青甲措中药材经营部（个体工商户）,0,70.0,19,0,aba
黑水县御福箖状元水饺店（个体工商户）,0,20.0,18,2,aba
阿坝县泽巴措通讯设备销售服务店（个体工商户）,0,2.0,17,0,aba
阿坝县王加泽郎家庭家庭农场（个体工商户）,0,10.0,17,0,aba
壤塘县诺央自助火锅店（个体工商户）,0,3.0,16,2,aba
阿坝县旦措伦果吉化妆品店（个体工商户）,0,10.0,16,0,aba
壤塘墨与默日杂用品店（个体工商户）,0,10.0,15,0,aba
阿坝县椿天里餐饮服务店（个体工商户）,0,18.0,14,2,aba
阿坝县独特的酒吧店（个体工商户）,0,2.0,14,2,aba
壤塘县克喽波炭火烧烤店（个体工商户）,0,20.0,14,2,aba
黑水县李马西家庭农场（个人独资）,0,3.0,11,1,aba
阿坝县南加百货店（个体工商户）,0,6.0,8,0,aba
阿坝县托嘎百货店（个体工商户）,0,1.0,8,0,aba
黑水茶香缘茶楼（个体工商户）,0,20.0,8,2,aba
壤塘县更尕租赁店（个人独资）,0,1.0,8,3,aba
阿坝县春蓝卡布代理电信代理店（个体工商户）,0,10.0,7,3,aba
阿坝县贝吉百货店（个体工商户）,0,6.0,6,0,aba
阿坝县彭军商行（个体工商户）,0,3.0,6,0,aba
壤塘县花亦茶奶茶店（个体工商户）,0,20.0,20,2,aba
黑水县云端赏林酒店（个体工商户）,0,30.0,18,2,aba
阿坝县营养食神仓餐饮服务店（个体工商户）,0,5.0,16,2,aba
阿坝县直桑中药材店（个体工商户）,0,50.0,15,0,aba
壤塘县泽旺丹百货店（个体工商户）,0,2.0,15,4,aba
阿坝县欢朋酒店（个体工商户）,0,40.0,15,2,aba
阿坝县见山茶楼店（个体工商户）,0,20.0,14,2,aba
阿坝县味之源家乡菜店（个体工商户）,0,50.0,14,2,aba
壤塘县俊荜情谊台球俱乐部（个体工商户）,0,20.0,14,6,aba
阿坝县孜喜牧农副产品销售店（个体工商户）,0,3.0,14,0,aba
阿坝县贡仁婚纱工作室（个体工商户）,1,3.0,9,3,aba
阿坝县更青民宿酒店（个体工商户）,0,30.0,8,2,aba
黑水县恩德家庭农场（个人独资）,0,3.0,4,1,aba
壤塘县滚波顶服装店（个体工商户）,0,20.0,20,0,aba
阿坝县百鑫水果经营店（个体工商户）,0,2.0,19,0,aba
黑水滋卜蹄花馆（个体工商户）,0,15.0,18,2,aba
黑水墟渡音乐烤吧（个体工商户）,0,10.0,18,2,aba
阿坝县河茸汽车喷漆修理店（个体工商户）,0,10.0,16,3,aba
黑水县山居客栈（个体工商户）,0,35.0,15,2,aba
壤塘县曼泊尔牛肉面炒面馆（个体工商户）,0,30.0,15,2,aba
阿坝县甲央洛周中草药店（个体工商户）,0,50.0,15,0,aba
壤塘县曲格尔百货商店（个体工商户）,0,40.0,15,0,aba
壤塘县绿能再生资源回收站（个体工商户）,0,3.0,15,0,aba
阿坝县罗巴木石工艺雕刻坊（个体工商户）,0,3.0,15,4,aba
阿坝县玉真面餐饮服务店（个体工商户）,0,1.0,14,2,aba
阿坝县衣家汇服装店（个体工商户）,0,2.0,12,0,aba
黑水县何加家庭农场（个人独资）,0,20.0,9,1,aba
黑水县泽拉东作小卖部（个人独资）,0,2.0,9,0,aba
阿坝县慈爱之光劳务专业合作社,0,1.0,9,1,aba
壤塘县管与楠鸡公煲店（个体工商户）,0,15.0,8,2,aba
阿坝县川味美烤五花烧烤店（个体工商户）,0,10.0,8,2,aba
阿坝县善木周通讯设备经营店（个体工商户）,0,6.0,7,0,aba
阿坝县央氢餐饮服务店（个体工商户）,0,6.0,7,2,aba
阿坝县俄准佳牦牛肉销售有限责任公司,0,16.0,7,0,aba
壤塘县求攘台球俱乐部（个体工商户）,0,5.0,7,6,aba
壤塘县阿妈啦服饰店（个体工商户）,0,5.0,7,0,aba
黑水友茗茶楼（个体工商户）,0,2.0,6,2,aba
壤塘县肖肖川渝川菜馆（个体工商户）,0,2.0,6,2,aba
壤塘县吴嵩冒菜店（个体工商户）,0,10.0,20,2,aba
壤塘县再来一碗面食店（个体工商户）,0,9.0,20,2,aba
壤塘县青春驿站服饰店（个体工商户）,0,10.0,19,0,aba
壤塘县富源藏餐吧（个体工商户）,0,10.0,18,2,aba
阿坝县央宗百货铺（个体工商户）,0,4.0,17,0,aba
阿坝县荆嘟烤鱼店（个体工商户）,1,40.0,17,2,aba
阿坝县雅吉优优材商行（个体工商户）,0,78.0,16,0,aba
阿坝县食在缘川味家乡菜店（个体工商户）,0,5.0,16,2,aba
壤塘县四姐服装店（个体工商户）,0,30.0,15,0,aba
阿坝县达沃茶楼店（个体工商户）,0,30.0,12,2,aba
阿坝县热贡藏家粮食加工店（个体工商户）,0,5.0,10,4,aba
黑水自古基家庭农场（个人独资）,0,50.0,10,1,aba
壤塘县三辉商贸部（个人独资）,1,2.0,7,4,aba
黑水红木初货运部（个体工商户）,0,10.0,7,1,aba
阿坝县德木确仓餐饮服务店（个体工商户）,0,10.0,7,2,aba
黑水藏风雅居民宿（个体工商户）,0,15.0,7,2,aba
阿坝县嘎雄古玩店（个体工商户）,0,10.0,5,0,aba
阿坝县泓道茗茶茶楼店（个体工商户）,0,10.0,4,2,aba
阿坝县扎索尕牛肉冒菜店（个体工商户）,0,5.0,20,2,aba
阿坝县何氏川味馆餐饮店（个体工商户）,1,5.0,20,2,aba
阿坝县曼八台球店（个体工商户）,0,20.0,20,6,aba
阿坝县杨家川菜馆（个体工商户）,0,5.0,20,2,aba
阿坝县马一卜拉餐饮店（个体工商户）,0,3.0,18,2,aba
阿坝县飞行之地旱冰场（个体工商户）,0,8.0,17,6,aba
壤塘县福味小吃店（个体工商户）,1,5.0,16,2,aba
阿坝县曲华自助火锅店（个体工商户）,0,5.0,15,2,aba
阿坝县色日民宿旅店（个体工商户）,0,30.0,14,2,aba
黑水县若玛扎西家庭农场（个人独资）,0,80.0,10,1,aba
阿坝县水垧膛桑拿店（个体工商户）,0,25.0,10,3,aba
黑水县杨泽王畜禽养殖家庭农场（个人独资）,0,5.0,9,1,aba
阿坝县雪原网境网吧（个人独资）,0,10.0,8,6,aba
阿坝县炜桑日用品店（个体工商户）,0,10.0,8,0,aba
壤塘县凯丽格服装店（个体工商户）,0,10.0,7,0,aba
阿坝县共瓦桑茶楼服务馆（个体工商户）,0,20.0,7,2,aba
阿坝县金刚腾达建材铺（个体工商户）,0,30.0,5,4,aba
壤塘县法拉基水泥销售有限公司,0,20.0,19,0,aba
阿坝县康机商铺蔬菜零售店（个体工商户）,0,10.0,19,0,aba
阿坝县贵军便利店（个体工商户）,0,2.0,19,0,aba
阿坝县央宗百货铺（个体工商户）,1,3.0,19,0,aba
黑水新米小卖部（个体工商户）,0,10.0,18,0,aba
阿坝县千鼎客自助火锅店（个体工商户）,0,9.0,18,2,aba
壤塘县文盛铁艺加工铺（个体工商户）,0,10.0,16,4,aba
阿坝县厨香天下家乡菜店（个体工商户）,0,10.0,16,2,aba
阿坝县焰遇地摊烤肉餐饮店（个体工商户）,1,5.0,14,2,aba
阿坝县通远门火锅店（个体工商户）,0,20.0,14,2,aba
黑水鑫隆演艺中心（个体工商户）,0,20.0,9,6,aba
阿坝县吉惠鑫百货店（个体工商户）,0,10.0,8,0,aba
阿坝县荆都烤鱼店（个体工商户）,0,10.0,7,2,aba
阿坝县惠农供销合作社有限公司,0,30.0,5,3,aba
阿坝县好运汽修店（个体工商户）,0,13.0,5,3,aba
阿坝县露莫的藏潮饰界小屋饰品店（个体工商户）,0,10.0,19,0,aba
阿坝县德机小食品经营铺（个体工商户）,0,1.0,19,0,aba
阿坝县黑母牦牛家畜养殖场（个体工商户）,0,50.0,19,1,aba
阿坝县拉尔本中药材经营店（个体工商户）,0,20.0,18,0,aba
阿坝县旺清牦牛家畜养殖场（个体工商户）,0,50.0,18,1,aba
黑水富达货运部（个体工商户）,0,3.0,16,5,aba
壤塘县索南服装商店（个体工商户）,0,5.0,16,0,aba
阿坝县依山日杂用品店（个体工商户）,0,2.0,15,0,aba
壤塘县岗德思造像艺术中心（个体工商户）,0,3.0,15,15,aba
阿坝县吉祥之家农家乐（个体工商户）,0,10.0,14,2,aba
阿坝县辣妹馆家乡菜店（个体工商户）,0,45.0,14,2,aba
阿坝县卓嘎央家藏餐餐饮服务店（个体工商户）,0,3.0,14,2,aba
阿坝县锅里香砂锅经营店（个体工商户）,0,10.0,13,2,aba
阿坝县伊兰盛羊羔肉家乡菜店（个体工商户）,0,10.0,13,2,aba
壤塘县下半场夜宵店（个体工商户）,0,3.0,12,2,aba
阿坝县球霸台球店（个体工商户）,0,20.0,11,6,aba
黑水县格让玖家庭农场（个人独资）,0,80.0,9,1,aba
黑水卡龙蔬菜店（个人独资）,0,8.0,9,0,aba
阿坝县扎布拉劳务专业合作社,0,1.0,9,3,aba
阿坝县喜公子小吃店（个体工商户）,0,20.0,8,2,aba
阿坝县金忠唐卡百货店（个体工商户）,0,2.0,8,0,aba
阿坝县牧牦客益丰食品店（个体工商户）,0,30.0,8,4,aba
阿坝县施曲藏獒养殖场（个体工商户）,0,15.0,8,1,aba
黑水老傅火炉子销售店（个体工商户）,0,5.0,8,4,aba
阿坝县叁代餐饮店（个体工商户）,0,10.0,7,2,aba
黑水阿马百货店（个人独资）,0,2.0,6,0,aba
黑水挚友砂锅店（个体工商户）,0,20.0,6,2,aba
阿坝县蓝图鞋吧（个体工商户）,0,12.0,6,4,aba
黑水秦小容私房老川菜馆（个体工商户）,0,18.0,6,2,aba
黑水奥太娜雪山民宿（个体工商户）,0,10.0,6,2,aba
壤塘县对角线台球馆（个体工商户）,0,13.0,5,6,aba
阿坝县泽真茶之缘茶楼餐厅（个体工商户）,0,2.4,4,2,aba
阿坝县麦秀桑食品店（个体工商户）,0,5.0,20,0,aba
阿坝县艾米夫砂埚鸡冒鸭子餐馆店（个体工商户）,0,1.0,19,2,aba
阿坝县何氏川味馆餐饮店（个体工商户）,0,5.0,18,2,aba
阿坝县吉祥茶坊茶楼馆（个体工商户）,1,10.0,18,2,aba
阿坝县煮小篓盘盘麻辣烫店（个体工商户）,1,5.0,16,2,aba
阿坝县秋伯日用百货店（个体工商户）,0,5.0,16,0,aba
阿坝县康健理疗服务馆（个体工商户）,0,5.0,16,3,aba
阿坝县一间烧烤屋（个体工商户）,1,7.0,15,2,aba
阿坝县戈美土特产经营店（个体工商户）,0,10.0,15,0,aba
阿坝县和谐藏茶餐饮服务店（个体工商户）,0,2.0,14,2,aba
阿坝县瓦尔玛日用百货店（个体工商户）,0,7.0,13,0,aba
壤塘县曼都理发店（个体工商户）,0,20.0,13,3,aba
阿坝县文海门窗加工服务店（个体工商户）,0,10.0,13,4,aba
壤塘县陈多多奶茶店（个体工商户）,0,6.0,13,2,aba
阿坝县乐周多杰服装店（个体工商户）,0,3.0,13,0,aba
阿坝县达瓦洗车店（个体工商户）,0,8.0,12,3,aba
阿坝县斗鸣鸡公煲店（个体工商户）,1,30.0,11,2,aba
阿坝县荣吉强装修店（个体工商户）,0,10.0,11,7,aba
阿坝县杨记罐罐米线店（个体工商户）,0,15.0,11,2,aba
阿坝县瑞源祥煤炭有限责任公司,0,20.0,10,8,aba
黑水县云雅酒店（个人独资）,0,48.0,9,2,aba
阿坝县翁甘日沃劳务专业合作社,0,1.0,9,3,aba
阿坝县尚机甲木戈中药材店（个体工商户）,0,20.0,8,0,aba
壤塘县蒋邱氏川菜馆（个人独资）,0,10.0,8,2,aba
壤塘县有间猪脚饭店（个体工商户）,0,3.0,8,2,aba
阿坝县优利副食商行（个体工商户）,0,16.0,8,0,aba
壤塘县华顺彩钢铺（个体工商户）,0,10.0,8,0,aba
阿坝县先林猪肉店（个体工商户）,0,6.0,7,0,aba
黑水县牲源家庭农场（个人独资）,0,50.0,6,1,aba
阿坝县热吉桑冻品店（个体工商户）,0,5.0,4,0,aba
阿坝县华尔扎餐饮店（个体工商户）,0,10.0,20,2,aba
阿坝县罗白玛汽车维修店（个体工商户）,0,10.0,19,3,aba
阿坝县齐默泽旺洗涤服务店（个体工商户）,0,50.0,18,3,aba
阿坝县桑白东周茶水茶楼（个体工商户）,0,4.0,17,2,aba
阿坝县食味鲜家乡菜馆（个体工商户）,0,1.0,16,2,aba
阿坝县轮缘世界汽车轮胎修理店（个体工商户）,0,9.0,16,3,aba
阿坝县仓吉便利店（个体工商户）,0,1.0,16,0,aba
阿坝县给啦夏家乡菜铺（个体工商户）,0,5.0,15,2,aba
阿坝县晓渝火锅店（个体工商户）,0,10.0,15,2,aba
阿坝县华戈吉童装经营店（个体工商户）,1,10.0,15,0,aba
阿坝县哈泽汽车修理店（个体工商户）,0,5.0,15,3,aba
壤塘县星派对酒吧（个体工商户）,0,14.0,14,6,aba
壤塘县三三台球俱乐部（个体工商户）,0,13.0,14,6,aba
壤塘县杰静燃料供应点（个体工商户）,0,3.0,14,8,aba
阿坝县小熊哈利奶茶店（个体工商户）,0,12.0,13,2,aba
阿坝县旦支台球店（个体工商户）,0,4.0,13,6,aba
阿坝县非凡男装店（个体工商户）,0,10.0,11,0,aba
阿坝县央阔尔台球馆（个体工商户）,1,10.0,9,6,aba
阿坝县回源华商贸有限公司,0,1.0,8,0,aba
阿坝县西川院中餐店（个体工商户）,0,10.0,8,2,aba
壤塘县祈旺高原牦牛肉店（个体工商户）,0,10.0,8,2,aba
阿坝县龙兴猪脚饭餐饮服务店（个体工商户）,0,12.0,7,2,aba
阿坝县铁绒泽旺水饺面食店（个体工商户）,0,15.0,7,2,aba
阿坝县绰穆咪布茶楼馆（个体工商户）,0,2.0,7,2,aba
黑水明天见服装店（个体工商户）,0,10.0,6,0,aba
黑水县正丰家庭农场（个人独资）,0,20.0,6,1,aba
阿坝县竟界台球厅（个体工商户）,0,20.0,5,6,aba
阿坝县达沃茶楼服务店（个体工商户）,0,5.0,4,2,aba
阿坝县民惠公宝副食店（个体工商户）,0,2.0,20,0,aba
阿坝县卡帝奥尼专卖店（个体工商户）,0,10.0,19,0,aba
阿坝县洛尔波肉牛养殖场（个体工商户）,0,30.0,19,1,aba
阿坝县裕昌茶楼服务店（个体工商户）,0,5.0,19,2,aba
阿坝县海发源小吃店（个体工商户）,0,8.0,19,2,aba
阿坝县东伊顺餐饮店（个体工商户）,0,10.0,19,2,aba
阿坝县尼美昂真中药材店（个体工商户）,0,30.0,18,0,aba
阿坝县拉唐富饶餐馆店（个体工商户）,0,5.0,17,2,aba
阿坝县引福餐饮店（个体工商户）,0,18.0,16,2,aba
阿坝县求干茶楼（个体工商户）,0,10.0,16,2,aba
壤塘县黄财台球俱乐部（个体工商户）,0,30.0,15,6,aba
阿坝县匠心木坊装修店（个体工商户）,0,20.0,15,7,aba
阿坝县炊事班牦牛火锅店（个体工商户）,0,9.0,14,2,aba
壤塘县尕玛欧青手机维修店（个体工商户）,0,3.0,14,3,aba
阿坝县琪宝私房菜餐饮铺（个体工商户）,0,10.0,13,2,aba
阿坝县雪域美食藏餐餐饮服务店（个体工商户）,0,6.0,13,2,aba
阿坝县甲特服装店（个体工商户）,0,10.0,13,4,aba
壤塘县柔姐香烤时光烧烤店（个体工商户）,0,2.0,13,2,aba
黑水锦上中药材店（个体工商户）,0,60.0,12,4,aba
阿坝县龙兴猪脚饭餐饮服务店（个体工商户）,1,3.0,12,2,aba
阿坝县穆海麦餐饮服务店（个体工商户）,0,10.0,12,2,aba
阿坝县然罗仓百货店（个体工商户）,0,1.0,12,0,aba
黑水游子百货店（个人独资）,0,3.0,11,0,aba
黑水县俄扬金家庭农场（个人独资）,0,3.0,11,1,aba
黑水县岩松家庭农场（个人独资）,0,50.0,10,1,aba
阿坝县叶姐洗车店（个体工商户）,0,6.0,9,3,aba
黑水彩林之畔藏舍民宿（个体工商户）,0,40.0,8,2,aba
阿坝县星野食光农家乐店（个体工商户）,0,10.0,7,2,aba
壤塘县独牙台球俱乐部（个体工商户）,0,8.0,6,6,aba
阿坝县格先生餐饮服务店（个体工商户）,0,1.0,6,2,aba
阿坝县飘味家乡菜饭店（个体工商户）,0,7.0,6,2,aba
黑水青稞藏香鸡家庭农场（个人独资）,0,25.0,5,1,aba
黑水县仙境户外俱乐部（个体工商户）,0,10.0,5,6,aba
阿坝县舒神堂美颜养生馆（个体工商户）,0,7.0,4,3,aba
阿坝县正华旦珠家乡菜馆（个体工商户）,0,5.0,4,2,aba
阿坝县煨桑日用百货店（个体工商户）,0,10.0,20,0,aba
阿坝县阿爷娜餐饮服务店（个体工商户）,0,5.0,20,2,aba
阿坝县撮莫副食百货店（个体工商户）,0,2.0,19,0,aba
阿坝县昂莫家庭农场（个体工商户）,0,50.0,19,1,aba
阿坝县城香苑烤馆烧烤店（个体工商户）,0,10.0,19,2,aba
阿坝县吉拉若餐厅（个体工商户）,0,10.0,18,2,aba
阿坝县尼杨古工艺美术品经营店（个体工商户）,0,10.0,18,0,aba
阿坝县太缘恒温游泳馆（个体工商户）,0,6.0,16,3,aba
阿坝县桃花屋鲜花店（个体工商户）,0,10.0,15,0,aba
阿坝县茶缘舍茶楼店（个体工商户）,1,4.0,15,2,aba
阿坝县飘味香小吃店（个体工商户）,1,5.0,15,2,aba
壤塘县银氏面馆（个体工商户）,0,6.0,15,2,aba
壤塘县米欧服装店（个体工商户）,0,10.0,13,0,aba
黑水木林百货店（个人独资）,0,3.0,11,0,aba
阿坝县醉馋大排档店（个体工商户）,0,5.0,10,2,aba
黑水保生新旺牛养殖场（个人独资）,0,1.0,10,1,aba
黑水达盖扎西家庭农场（个人独资）,0,8.0,10,1,aba
黑水县达盖家庭农场（个人独资）,0,10.0,10,1,aba
黑水县如阳保牛养殖场（个人独资）,0,1.0,10,1,aba
黑水县仁忠他家庭农场（个人独资）,0,20.0,9,1,aba
黑水泽王仁真小卖部（个人独资）,0,4.0,9,0,aba
黑水县梁宝花蔬菜种植家庭农场（个人独资）,0,10.0,9,1,aba
黑水三奥旅游家庭农场（个人独资）,0,50.0,8,3,aba
阿坝县索郎昂么中草药店（个体工商户）,0,18.0,8,0,aba
黑水福聚园火锅店（个体工商户）,0,40.0,8,2,aba
阿坝县扎卓藏餐饮店（个体工商户）,0,5.0,8,2,aba
阿坝县坛福拉措茶楼馆（个体工商户）,0,1.0,7,2,aba
壤塘县快乐台球馆（个体工商户）,0,10.0,7,0,aba
黑水索郎特产店（个体工商户）,0,3.0,7,0,aba
阿坝县切江草农产品销售店（个体工商户）,0,1.0,6,1,aba
阿坝县三妹蔬菜零售店（个体工商户）,0,10.0,6,0,aba
黑水东尕铁别农家乐（个体工商户）,0,20.0,5,6,aba
阿坝县花儿玩具经营店（个体工商户）,0,4.0,4,4,aba
阿坝县星叶茶楼餐厅（个体工商户）,0,10.0,4,2,aba
壤塘县泰华工程机械租赁站（个体工商户）,0,50.0,20,3,aba
壤塘县阿米玛洛童装店（个体工商户）,0,10.0,20,0,aba
阿坝县雪域珍品粮食加工坊（个体工商户）,0,6.0,20,4,aba
阿坝县周梓妍美甲店（个体工商户）,0,1.0,20,3,aba
壤塘县网红石锅泡泡鸡店（个体工商户）,0,1.0,19,2,aba
阿坝县旦伯甲木参茶水馆（个体工商户）,0,8.0,19,2,aba
阿坝县措德桑中药材店（个体工商户）,0,10.0,19,0,aba
阿坝县知华家庭农场（个体工商户）,0,60.0,19,1,aba
阿坝县开哈给餐饮店（个体工商户）,0,6.0,18,2,aba
阿坝县星期八台球房（个体工商户）,0,5.0,18,6,aba
阿坝县娴女餐饮服务店（个体工商户）,0,5.0,17,2,aba
阿坝县饺乡浓餐饮店（个体工商户）,0,3.0,16,2,aba
黑水洪信百货店（个体工商户）,0,15.0,16,0,aba
阿坝县云准副食销售店（个体工商户）,0,20.0,16,0,aba
黑水麦香手擀面店（个体工商户）,0,2.0,16,2,aba
阿坝县根号五咖啡店（个体工商户）,0,10.0,16,2,aba
阿坝县华亿汽车修理店（个体工商户）,0,5.0,15,3,aba
阿坝县落呀台球厅（个体工商户）,0,10.0,14,6,aba
壤塘乐享跑腿服务店（个人独资）,0,10.0,14,2,aba
阿坝县云玖食品销售店（个体工商户）,0,12.5,13,0,aba
阿坝县马应虎餐饮服务店（个体工商户）,1,3.0,12,2,aba
壤塘县雪域茶府（个人独资）,0,1.0,12,2,aba
黑水县恩妹百货店（个人独资）,0,2.0,11,0,aba
黑水县卡明家庭农场（个人独资）,0,20.0,10,1,aba
黑水县玉尔寨牛养殖场（个人独资）,0,1.0,10,1,aba
阿坝县川滋味中餐厅（个体工商户）,0,25.0,10,2,aba
阿坝县夺巴日用百货店（个体工商户）,0,10.0,10,0,aba
黑水比日坝磨坊（个人独资）,1,10.0,10,4,aba
黑水县英中家庭农场（个人独资）,0,20.0,9,1,aba
阿坝县唯良服装销售店（个人独资）,0,30.0,9,0,aba
黑水县天牧牛养殖场（个人独资）,0,1.0,9,1,aba
阿坝县吕记砂锅米线店（个体工商户）,0,9.0,9,2,aba
黑水绿丰家庭农场（个人独资）,0,50.0,7,1,aba
阿坝县索郎彭措家庭牧场（个体工商户）,0,30.0,6,1,aba
阿坝州泽盖商贸有限公司,0,30.0,6,0,aba
阿坝县薇家理发店（个体工商户）,0,18.0,6,3,aba
黑水县若梅酸菜面块店（个体工商户）,0,10.0,5,2,aba
黑水县日克酸菜面块店（个体工商户）,0,5.0,5,2,aba
阿坝县小怪兽餐饮服务店（个体工商户）,0,10.0,4,2,aba
黑水县扬子玛咖啤酒批发部（个体工商户）,0,30.0,4,0,aba
壤塘县匠心梵洗汽车美容工作室（个体工商户）,0,12.0,20,3,aba
阿坝县枪拉尕布餐饮店（个体工商户）,0,2.0,19,2,aba
阿坝县裕创草种经营部（个体工商户）,0,2.0,19,0,aba
阿坝县川渔壹号餐饮服务餐厅（个体工商户）,0,3.0,19,2,aba
黑水县优卡甜心食品有限公司,0,3.0,13,0,aba
阿坝县大口餐饮服务店（个体工商户）,0,10.0,17,2,aba
壤塘县羊克综合小卖部（个体工商户）,0,3.0,16,0,aba
壤塘县闲聚茶楼（个体工商户）,0,9.0,16,6,aba
黑水湘浪红高粱酒坊（个体工商户）,0,10.0,15,0,aba
阿坝县勒家面餐饮服务店（个体工商户）,0,1.0,15,2,aba
阿坝县聚鑫益便利店（个体工商户）,0,3.0,15,0,aba
阿坝县泽旦夺尔基汽车维修设备店（个体工商户）,0,2.0,15,0,aba
阿坝县徐哥牦牛肉店（个体工商户）,0,8.0,15,0,aba
壤塘县热拉牛肉销售店（个体工商户）,0,5.0,15,0,aba
阿坝县旦措姐鞋帽店（个体工商户）,0,3.0,15,15,aba
壤塘县川味居砂锅面店（个体工商户）,0,3.0,14,2,aba
阿坝县曲拉苍食品有限责任公司,0,5.0,13,4,aba
壤塘县尕波砖厂（个人独资）,0,42.5,12,4,aba
黑水县叶西养殖场（个人独资）,0,3.0,10,1,aba
黑水扎西杨泽家庭农场（个人独资）,0,6.0,10,1,aba
黑水县旦珍家庭农场（个人独资）,0,20.0,10,1,aba
黑水县新本金鑫牛养殖场（个人独资）,0,1.0,10,1,aba
黑水县马西姐家庭农场（个人独资）,0,10.0,10,1,aba
黑水县板花家庭农场（个人独资）,0,3.0,9,1,aba
阿坝县情满高原川菜馆（个体工商户）,0,2.0,8,2,aba
阿坝县老陕大碗面食店（个体工商户）,0,20.0,8,2,aba
阿坝县夜遇烧烤店（个体工商户）,0,15.0,7,2,aba
阿坝县兰嘎布咖啡西餐馆（个体工商户）,0,10.0,7,2,aba
阿坝县香味客快餐店（个体工商户）,0,3.0,7,2,aba
阿坝县兰木尖茶楼馆（个体工商户）,0,16.0,7,2,aba
阿坝县更尕玛服装店（个体工商户）,0,3.0,4,0,aba
黑水岛主小吃店（个体工商户）,0,2.0,4,2,aba
黑水县何金头货运部（个体工商户）,0,36.0,4,5,aba
黑水小刘五金销售店（个体工商户）,0,5.0,4,0,aba
阿坝县安有不饲料销售店（个体工商户）,0,10.0,4,4,aba
阿坝县洁乐餐饮服务店（个体工商户）,0,5.0,19,2,aba
阿坝县鲜食餐饮店（个体工商户）,1,1.0,18,2,aba
阿坝县仲丹副食零售店（个体工商户）,0,1.0,18,0,aba
阿坝县蒙德牧畜牧养殖场（个体工商户）,0,10.0,18,1,aba
阿坝县开心茶楼服务店（个体工商户）,0,8.0,18,2,aba
阿坝县伊兰顺家乡菜店（个体工商户）,0,1.0,17,2,aba
阿坝县泽昂中药材店（个体工商户）,0,10.0,17,0,aba
黑水王西机械租赁部（个体工商户）,0,15.0,17,3,aba
壤塘县斯跃武川菜馆（个体工商户）,0,4.0,16,2,aba
阿坝县供美餐饮服务店（个体工商户）,0,1.0,16,2,aba
阿坝县天海金盘便利店（个体工商户）,0,2.0,15,0,aba
阿坝县深夜烧烤店（个体工商户）,1,3.0,15,2,aba
阿坝县拉甲缝纫店（个体工商户）,0,9.0,14,4,aba
阿坝县周记面馆餐饮店（个体工商户）,0,3.0,14,2,aba
阿坝县澜庭酒店（个体工商户）,0,10.0,12,2,aba
阿坝县华味喜餐饮服务店（个体工商户）,1,5.0,12,2,aba
阿坝县味雅砂锅菜店（个体工商户）,0,3.0,12,2,aba
阿坝县饼先生早餐铺（个体工商户）,1,1.0,12,2,aba
阿坝县食子路口小吃店（个体工商户）,0,5.0,12,2,aba
阿坝县鑫牧牦牛肉店（个体工商户）,0,10.0,12,0,aba
阿坝县德堂日用百货店（个体工商户）,0,30.0,10,0,aba
壤塘县城远劳务专业合作社,0,0.4,9,1,aba
阿坝县小魏手工馒头店（个体工商户）,0,4.0,9,2,aba
阿坝县景大哥面食馆（个体工商户）,0,3.0,8,2,aba
阿坝县孙记川菜馆（个体工商户）,0,8.0,8,2,aba
阿坝县洁梅家政服务店（个体工商户）,0,1.0,7,3,aba
阿坝县得清措保洁服务中心（个体工商户）,0,15.0,7,3,aba
黑水灏霖鞋服店（个体工商户）,0,10.0,7,0,aba
阿坝县渝百味牦牛火锅店（个体工商户）,0,9.0,6,15,aba
黑水康波机械租赁站（个体工商户）,0,10.0,6,15,aba
阿坝县富军川菜馆（个体工商户）,0,2.0,6,2,aba
阿坝县渝味江湖菜馆（个体工商户）,0,20.0,4,2,aba
阿坝县竹缘阁茶楼馆（个体工商户）,0,6.0,4,2,aba
黑水顺发货运部（个体工商户）,0,20.0,4,5,aba
阿坝县熙美啵啵化妆服务店（个体工商户）,0,3.0,4,3,aba
阿坝县贡玛仓服装店（个体工商户）,0,5.0,20,0,aba
阿坝县郭乐玛咖啡馆（个体工商户）,0,7.0,20,0,aba
阿坝县微家理发店（个体工商户）,1,20.0,20,3,aba
阿坝县木叶茶舍餐饮服务店（个体工商户）,0,5.0,19,2,aba
阿坝县先巴缝纫店（个体工商户）,0,38.0,19,3,aba
阿坝县缘汇家具销售经营店（个体工商户）,0,20.0,19,0,aba
阿坝县诺日玛商店（个体工商户）,0,3.0,17,0,aba
阿坝县风于牛肉面馆（个体工商户）,0,2.0,17,2,aba
壤塘县花之缘花卉店（个体工商户）,0,6.0,16,0,aba
阿坝县俄让服装店（个体工商户）,0,8.0,16,0,aba
黑水阿兰小吃店（个体工商户）,1,3.0,16,2,aba
阿坝县良沙茶楼（个体工商户）,0,3.0,15,2,aba
黑水县常运货运部（个体工商户）,0,20.0,15,5,aba
阿坝县衣品汇服装店（个体工商户）,0,9.0,14,0,aba
阿坝县金瓶酒店（个体工商户）,0,90.0,13,2,aba
黑水南卡次忠家庭农场（个人独资）,0,40.0,11,1,aba
黑水古古基家庭农场（个人独资）,0,2.0,10,1,aba
黑水县瓦瓦寨牛养殖场（个人独资）,0,1.0,10,1,aba
阿坝县好运小吃店（个体工商户）,0,3.0,9,2,aba
阿坝县兰兰五金建材店（个体工商户）,0,10.0,9,0,aba
黑水三兰俄满藏装店（个人独资）,0,8.0,9,0,aba
黑水县墨问小卖部（个人独资）,0,5.0,9,0,aba
阿坝县合创汽修行（个体工商户）,0,5.0,8,3,aba
阿坝县秋妹农家小菜馆（个体工商户）,0,6.0,8,2,aba
阿坝县星河玩具经营店（个体工商户）,0,10.0,7,4,aba
黑水宋宋家庭农场（个人独资）,0,1.0,6,1,aba
壤塘县壤拉酒店（个体工商户）,0,25.0,6,2,aba
阿坝县十三眼天珠石雕店（个体工商户）,0,30.0,5,4,aba
阿坝县付二姐川菜馆（个体工商户）,0,5.0,4,2,aba
阿坝县张三姐土特产店（个体工商户）,0,1.0,4,0,aba
阿坝县高原菜籽食品店（个体工商户）,0,5.0,20,0,aba
阿坝县爱依净洗衣服务店（个体工商户）,0,2.0,20,3,aba
壤塘县小里台球茶楼（个体工商户）,0,3.0,18,2,aba
壤塘县星铖休闲茶楼（个体工商户）,0,12.0,18,6,aba
黑水县冰雪农副产品批发部（个体工商户）,0,2.0,18,0,aba
阿坝县曼巴桑中药材店（个体工商户）,0,10.0,16,0,aba
阿坝县来亿串烧烤店（个体工商户）,0,3.0,16,2,aba
黑水洛古废品回收站（个体工商户）,0,8.0,16,4,aba
阿坝县洮汇小百货经营店（个体工商户）,0,8.0,16,0,aba
阿坝县田记牛肉粉店（个体工商户）,1,1.0,15,2,aba
阿坝县魏记小吃店（个体工商户）,0,10.0,14,2,aba
阿坝县掌门土豆小吃店（个体工商户）,1,5.0,13,2,aba
阿坝县王生餐饮服务店（个体工商户）,0,2.0,12,2,aba
黑水业格家庭农场（个人独资）,0,5.0,10,1,aba
黑水县尕让扎西家庭农场（个人独资）,0,5.0,10,1,aba
阿坝县老杜家饺子店（个体工商户）,0,5.0,8,2,aba
阿坝县小余川菜馆（个体工商户）,0,10.0,8,2,aba
壤塘县清王洗涤用品经营店（个体工商户）,0,12.0,7,3,aba
黑水金富家庭农场（个人独资）,0,30.0,6,1,aba
阿坝县酥油糌粑食品店（个体工商户）,0,10.0,5,4,aba
黑水陈德全货运部（个体工商户）,0,2.0,4,5,aba
黑水哈青货运部（个体工商户）,0,26.0,4,5,aba
壤塘县祥如百货有限公司,0,15.0,19,0,aba
阿坝县文林煤炭经营店（个体工商户）,0,5.0,20,0,aba
阿坝县秋让卓玛轮胎销售店（个体工商户）,0,15.0,19,0,aba
黑水仁初藏饰店（个体工商户）,0,5.0,19,0,aba
阿坝县阿玛桑家庭农场（个体工商户）,0,20.0,19,1,aba
阿坝县沙漠中药材铺（个体工商户）,0,10.0,19,0,aba
阿坝县迈尕桑中药材店（个体工商户）,0,10.0,18,0,aba
黑水县一香源茶楼（个体工商户）,0,20.0,16,2,aba
黑水嘉茸小吃店（个体工商户）,0,2.0,16,2,aba
阿坝县达共服装店（个体工商户）,0,10.0,15,0,aba
阿坝县泽郎饭店（个体工商户）,0,1.0,15,2,aba
壤塘县妈咯妈果钢炉子专卖店（个体工商户）,0,10.0,14,4,aba
壤塘县措日磨料磨具店（个人独资）,0,10.0,13,0,aba
阿坝县白师铁艺加工店（个体工商户）,0,10.0,12,4,aba
阿坝县旋转火锅店（个体工商户）,0,5.0,10,2,aba
黑水县热河若马家庭农场（个人独资）,0,1.0,10,1,aba
阿坝县火鸡面小吃店（个体工商户）,0,3.0,10,2,aba
黑水县沙拉阿合基养殖场（个人独资）,0,2.0,10,1,aba
阿坝县仁青罗日手工艺品店（个体工商户）,0,10.0,9,4,aba
黑水县牛健健牛养殖场（个人独资）,0,1.0,9,1,aba
阿坝县曲三台球店（个体工商户）,0,10.0,7,6,aba
黑水有间烧烤店（个体工商户）,0,2.0,7,2,aba
阿坝县花帝玩具经营店（个体工商户）,0,8.0,7,4,aba
黑水县何作蔬菜种殖家庭农场（个人独资）,0,1.0,6,1,aba
阿坝县尼德日用百货店（个体工商户）,0,1.0,6,0,aba
黑水业格木运输部（个体工商户）,0,2.0,4,5,aba
阿坝县格桑拉家庭牧场（个体工商户）,0,10.0,4,1,aba
壤塘县阿若吉尕茶楼（个体工商户）,0,10.0,19,2,aba
壤塘县云宗茶府（个体工商户）,0,3.0,19,2,aba
阿坝县南木塞工艺品销售店（个体工商户）,0,1.0,19,0,aba
壤塘县云艺首饰店（个体工商户）,0,10.0,19,0,aba
黑水鹏飞汽车修理厂（个体工商户）,0,7.0,16,3,aba
阿坝县赞玫启殿座化妆品店（个体工商户）,0,5.0,16,0,aba
壤塘县祥和蒸汽牛肉面馆（个体工商户）,0,15.0,16,2,aba
壤塘县兴创通讯店（个体工商户）,0,2.0,16,10,aba
阿坝县小龙副食销售店（个体工商户）,0,10.0,15,0,aba
阿坝县多扎中药材店（个体工商户）,0,10.0,14,0,aba
壤塘县焕味私烤烧烤店（个体工商户）,0,3.0,14,2,aba
壤塘县壹叁柒陆洗车店（个体工商户）,0,10.0,13,3,aba
阿坝县多哆到家水果配送站（个体工商户）,0,5.0,12,2,aba
阿坝县袜元素针纺织品店（个体工商户）,0,10.0,12,4,aba
黑水昂初满家庭农场（个人独资）,0,3.0,10,1,aba
黑水斯东达家庭农场（个人独资）,0,4.0,10,1,aba
黑水县热河兰卡木家庭农场（个人独资）,0,1.0,10,1,aba
黑水县木木基家庭农场（个人独资）,0,10.0,10,1,aba
黑水阳梅百货店（个人独资）,0,2.0,10,0,aba
阿坝县味燃烧烤店（个体工商户）,0,10.0,10,2,aba
阿坝县麦子茶楼馆（个体工商户）,0,5.0,9,2,aba
阿坝县顶顺建材铺（个体工商户）,0,15.0,7,4,aba
黑水县金鑫家庭农场（个人独资）,0,22.0,7,1,aba
壤塘县恩德餐馆（个体工商户）,0,30.0,7,2,aba
黑水苏郎运输部（个体工商户）,0,2.0,6,5,aba
阿坝县旺角台球厅（个体工商户）,0,20.0,6,6,aba
壤塘县八方牧歌畜牧饲料商店（个体工商户）,0,15.0,6,0,aba
阿坝县云水间洗浴店（个体工商户）,0,3.0,4,3,aba
黑水宏盛副食批发中心（个体工商户）,0,3.0,4,0,aba
黑水福德洗烫服务中心（个体工商户）,0,20.0,20,3,aba
阿坝县许尔多珠石利众店（个体工商户）,0,10.0,19,0,aba
阿坝县牟尼百货店（个体工商户）,1,10.0,19,11,aba
壤塘县班尔确藏餐店（个体工商户）,0,20.0,19,2,aba
阿坝县见一面水饺面食店（个体工商户）,0,1.0,19,2,aba
阿坝县天配手机配件店（个体工商户）,0,6.0,19,0,aba
黑水嘉绒卓仓音乐餐吧（个体工商户）,0,80.0,17,2,aba
壤塘县香卤记冒菜店（个体工商户）,0,5.0,16,2,aba
壤塘县寻眼手机美颜店（个体工商户）,0,3.0,16,4,aba
壤塘县玖然快餐饭堂（个体工商户）,0,5.0,16,2,aba
壤塘县开华早餐店（个体工商户）,0,3.0,16,2,aba
阿坝县旦巴达尔基干洗店（个体工商户）,0,3.0,15,3,aba
阿坝县每朵日用百货店（个体工商户）,0,5.0,15,0,aba
黑水猛女潮牌服饰店（个体工商户）,0,8.0,14,0,aba
黑水县西克百货店（个人独资）,0,4.0,10,0,aba
黑水二西木家庭农场（个人独资）,0,2.0,10,1,aba
黑水县卡沙木家庭农场（个人独资）,0,10.0,10,1,aba
黑水县拉基他家庭农场（个人独资）,0,10.0,10,1,aba
黑水县沙拉阿学家庭农场（个人独资）,0,2.0,10,1,aba
阿坝县仲磨石材雕刻店（个体工商户）,0,5.0,10,4,aba
黑水县泽瓦杨泽家庭农场（个人独资）,0,8.0,10,1,aba
黑水曲斯基家庭农场（个人独资）,0,20.0,9,1,aba
黑水县东周家庭农场（个人独资）,0,12.0,9,1,aba
黑水县罗代牛养殖场（个人独资）,0,1.0,8,1,aba
阿坝县时代衣阁服装店（个体工商户）,0,10.0,8,0,aba
壤塘县明尚劳务服务部（个体工商户）,0,3.0,7,5,aba
黑水县泽里用中家庭农场（个人独资）,0,25.0,6,1,aba
阿坝县斯日哈家庭牧场（个体工商户）,0,20.0,6,1,aba
黑水县才金家庭农场（个人独资）,0,10.0,6,1,aba
黑水县青农家庭农场（个人独资）,0,20.0,6,1,aba
黑水藏乡阁民宿（个体工商户）,0,20.0,5,2,aba
黑水县罗福餐饮有限责任公司,0,5.0,20,2,aba
黑水银师按摩店（个体工商户）,0,1.0,20,13,aba
壤塘县妈咪宝贝服装店（个体工商户）,0,15.0,20,0,aba
壤塘县勒莫措餐饮店（个体工商户）,0,2.16,19,2,aba
壤塘县班南阿妈茶楼（个体工商户）,0,7.0,18,2,aba
阿坝县运来茶楼服务店（个体工商户）,0,3.0,16,2,aba
壤塘县右岸服装工作室（个体工商户）,0,1.0,15,0,aba
壤塘县马祥牛肉面馆（个体工商户）,0,9.2,14,2,aba
阿坝县小小玩具店（个体工商户）,0,5.0,14,0,aba
壤塘县上寨亚美兰朵酒店（个体工商户）,0,10.0,13,2,aba
阿坝县嘉米服装店（个体工商户）,0,10.0,10,0,aba
黑水县水长保家庭农场（个人独资）,0,1.0,9,1,aba
黑水县直瓜姐家庭农场（个人独资）,0,1.0,9,1,aba
阿坝县树明建筑材料有限责任公司,0,10.0,7,0,aba
阿坝县利成达峰日用百货店（个体工商户）,0,2.0,7,0,aba
黑水县初六满家庭农场（个人独资）,0,5.0,6,1,aba
阿坝县旦白中药材行（个体工商户）,0,1.0,6,0,aba
阿坝县盛伦涂料销售店（个体工商户）,0,5.0,4,4,aba
阿坝县火焱烤吧烧烤店（个体工商户）,0,5.0,19,2,aba
阿坝县确甲中药材铺（个体工商户）,0,3.0,19,0,aba
阿坝县更波中药材铺（个体工商户）,0,10.0,18,0,aba
阿坝县夏东仓服装店（个体工商户）,0,10.0,18,0,aba
壤塘县百味烤肉店（个体工商户）,0,10.0,16,2,aba
壤塘县黑曼捌台球馆（个体工商户）,0,9.0,16,6,aba
黑水县阿洪茶楼（个体工商户）,0,15.0,15,15,aba
阿坝县藏式门窗加工制作店（个体工商户）,0,10.0,14,4,aba
黑水邻距离批发部（个体工商户）,1,1.0,14,0,aba
阿坝县雪域步韵鞋业店（个体工商户）,0,9.0,13,0,aba
黑水杜干泽仁家庭农场（个人独资）,0,4.0,10,1,aba
黑水县苏朗家庭农场（个人独资）,0,3.0,10,1,aba
黑水县拉西家庭农场（个人独资）,0,35.0,9,1,aba
黑水县克卡学家庭农场（个人独资）,0,3.0,6,1,aba
阿坝县德思曲诊所有限责任公司,0,5.0,6,13,aba
阿坝县艺剪少主理发店（个体工商户）,0,2.0,5,3,aba
阿坝县速达通物流服务店（个体工商户）,0,5.0,4,5,aba
黑水福聚园火锅店（个体工商户）,0,50.0,4,2,aba
黑水吉彩百货店（个体工商户）,0,7.0,20,0,aba
黑水王保家庭农场（个人独资）,1,30.0,20,1,aba
壤塘县锐变美甲店（个体工商户）,0,6.0,20,3,aba
壤塘县噶智藏文书法传习所（个体工商户）,0,4.0,19,6,aba
阿坝县渤运建筑钢管租赁站（个体工商户）,0,5.0,19,3,aba
阿坝县哇嘎家庭农场（个体工商户）,0,30.0,19,1,aba
黑水县东周补胎店（个体工商户）,0,2.0,18,3,aba
阿坝县尼参牦牛饲养场家庭农场（个体工商户）,0,50.0,18,1,aba
阿坝县罗日扎登家庭农场（个体工商户）,0,10.0,18,1,aba
黑水尼足茶楼（个体工商户）,0,1.0,17,2,aba
黑水县清山墅民宿（个体工商户）,0,90.0,17,2,aba
壤塘县福来小卖部（个体工商户）,0,8.0,17,0,aba
黑水业总粮油批发部（个体工商户）,0,2.0,16,0,aba
阿坝县萨满达服装销售店（个体工商户）,1,3.0,16,0,aba
阿坝县帕邦咔打字复印服务店（个体工商户）,0,10.0,16,3,aba
黑水玖玖汽修厂（个体工商户）,0,15.0,16,3,aba
阿坝县仁拉机儿童服装店（个体工商户）,0,10.0,16,0,aba
阿坝县温暖服装销售店（个体工商户）,1,3.0,15,0,aba
阿坝县顺材五金建材经营店（个体工商户）,0,3.0,15,0,aba
壤塘县满口福面馆（个体工商户）,0,2.0,14,2,aba
壤塘县波哥餐馆（个体工商户）,0,9.0,14,2,aba
阿坝县华尔琼汽修店（个体工商户）,0,15.0,13,3,aba
阿坝县帅哥水果店（个体工商户）,0,6.0,13,0,aba
阿坝县雪琼民宿酒店（个体工商户）,0,90.0,13,2,aba
黑水县下拉家庭农场（个人独资）,0,15.0,10,1,aba
黑水县王东生中药材种植家庭农场（个人独资）,0,5.0,9,1,aba
黑水县保基家庭农场（个人独资）,0,7.0,8,1,aba
阿坝县潮玩玩具店（个体工商户）,0,10.0,7,0,aba
黑水陈勇家庭农场（个人独资）,0,2.0,6,1,aba
壤塘县房氏货运部（个体工商户）,0,10.0,6,0,aba
黑水王浩家庭农场（个人独资）,0,5.0,6,1,aba
壤塘县洁白哈达酒店（个体工商户）,0,2.0,6,2,aba
黑水县南卡家庭农场（个人独资）,0,5.0,6,1,aba
黑水县措曲粮仓农家乐（个体工商户）,0,20.0,4,2,aba
壤塘县泽尔科百货有限公司,0,10.0,19,0,aba
壤塘县夏真板肉肠专卖店（个体工商户）,0,2.5,20,0,aba
阿坝县华仔网店日杂百货店（个体工商户）,0,2.0,20,0,aba
阿坝县洛泽桑畜牧养殖场（个体工商户）,0,10.0,19,1,aba
黑水县阿梅服装店（个体工商户）,0,5.0,18,0,aba
黑水县美丽之源日化店（个体工商户）,0,10.0,17,0,aba
黑水县昊宇广告部（个体工商户）,1,10.0,16,3,aba
壤塘县丁真太鲜肉店（个体工商户）,0,5.0,15,0,aba
黑水县托生头家庭农场（个人独资）,0,2.0,11,1,aba
黑水新本家庭农场（个人独资）,0,3.0,10,1,aba
黑水扬差百货店（个人独资）,1,3.0,10,0,aba
黑水县阿马姐养殖场（个人独资）,0,2.0,9,1,aba
黑水县阿马姐家庭农场（个人独资）,0,2.0,9,1,aba
黑水县长保家庭农场（个人独资）,0,1.0,9,1,aba
黑水县瓜姐家庭农场（个人独资）,0,1.0,9,1,aba
黑水能次家庭农场（个人独资）,0,10.0,9,1,aba
黑水县杨保家庭农场（个人独资）,0,6.5,9,1,aba
黑水云金小卖部（个体工商户）,0,10.0,8,0,aba
壤塘县欣熠蛋糕店（个体工商户）,0,5.0,7,4,aba
阿坝县抿一口音乐餐厅（个体工商户）,0,27.0,7,6,aba
黑水斯得基家庭农场（个人独资）,0,3.0,6,1,aba
阿坝县尕叶罗州洗车店（个体工商户）,0,1.0,4,3,aba
阿坝县罗木服装店（个体工商户）,0,6.0,4,0,aba
黑水益丰茶坊（个体工商户）,0,6.0,20,5,aba
黑水周吴传媒工作室（个体工商户）,0,2.0,20,3,aba
壤塘县新派火锅串串店（个体工商户）,0,10.0,19,2,aba
阿坝县花各家庭农场（个体工商户）,0,10.0,19,1,aba
阿坝县参托家庭农场（个体工商户）,0,3.0,19,1,aba
阿坝县漾嘎露家庭农场（个体工商户）,0,45.0,19,1,aba
壤塘县阿佳啦卓尕美容坊（个体工商户）,0,20.0,18,3,aba
黑水川西民宿（个体工商户）,0,60.0,17,2,aba
阿坝县云端干洗店（个体工商户）,0,20.0,16,3,aba
阿坝县尚甲服装店（个体工商户）,0,8.0,15,0,aba
壤塘县曲基货运部（个体工商户）,0,10.0,15,5,aba
阿坝县拉兄铝合金门窗加工店（个体工商户）,0,1.0,15,4,aba
壤塘县成来茶楼（个体工商户）,0,6.0,15,0,aba
壤塘县艺简美理发店（个体工商户）,0,6.0,15,3,aba
壤塘县顺心理发店（个体工商户）,0,5.0,15,3,aba
阿坝县酷力潮玩体验馆电子游戏店（个人独资）,0,10.0,15,6,aba
壤塘县同创通讯店（个体工商户）,0,10.0,14,10,aba
阿坝县湾隆纯餐饮服务店（个体工商户）,0,80.0,14,2,aba
壤塘巴生百货超市店（个人独资）,0,5.0,13,0,aba
黑水圣境栖居酒店（个人独资）,0,45.0,9,2,aba
壤塘县格玛热劳务农民专业合作社,0,1.0,11,1,aba
黑水初米家庭农场（个人独资）,0,5.0,10,1,aba
壤塘县福生劳务专业合作社,0,0.4,9,1,aba
阿坝州鑫正鑫口腔诊所有限公司,0,10.0,8,13,aba
阿坝县海光煤炭经营部（个体工商户）,0,5.0,4,4,aba
壤塘县青稞故事咖啡馆（个体工商户）,0,55.0,20,2,aba
阿坝县斯尔情酒店（个体工商户）,0,1.0,20,2,aba
阿坝县真拉牙藏医诊所（个体工商户）,0,10.0,19,13,aba
阿坝县罗科洗车服务店（个体工商户）,0,1.0,19,3,aba
阿坝县涛翔源百货店（个体工商户）,0,10.0,19,0,aba
阿坝县卓玛花店花艺坊（个体工商户）,0,12.0,18,3,aba
阿坝县仲周家庭农场（个体工商户）,0,5.0,18,1,aba
阿坝县腾泽日化用品经营店（个体工商户）,0,1.0,15,0,aba
阿坝县由布馍馍店食品加工店（个体工商户）,1,5.0,13,4,aba
阿坝县德吉琳民宿酒店（个体工商户）,0,50.0,13,2,aba
黑水县高洁清洗部（个人独资）,0,20.0,11,3,aba
黑水慈坝百货店（个人独资）,0,3.0,10,0,aba
阿坝县马衣日用百货店（个体工商户）,0,30.0,8,0,aba
壤塘县扎西雅卓餐饮店（个人独资）,0,10.0,8,2,aba
壤塘县更藏牛羊肉专卖店（个体工商户）,0,5.0,20,2,aba
阿坝县醒豁老火锅餐饮店（个体工商户）,0,50.0,19,2,aba
壤塘县旺休缝纫店（个体工商户）,0,10.0,16,4,aba
阿坝县圣川岭酒店（个体工商户）,0,50.0,14,2,aba
壤塘县柔谢藏餐店（个体工商户）,0,4.0,13,2,aba
阿坝县扩行补胎店（个体工商户）,0,3.0,10,3,aba
阿坝县一城一味烧烤店（个体工商户）,0,20.0,8,2,aba
阿坝县二手鞋王鞋子铺（个体工商户）,0,3.0,8,0,aba
壤塘县壤拉酒店（个人独资）,1,25.0,7,2,aba
阿坝县脚板鞋之家鞋业店（个体工商户）,0,2.0,7,0,aba
壤塘县旺旺小卖部（个体工商户）,0,2.0,6,0,aba
黑水瑞祥家庭农场（个人独资）,0,6.0,6,1,aba
阿坝县福鑫藏饼铺餐饮服务店（个体工商户）,0,9.0,6,2,aba
阿坝县张妈砂锅菜店（个体工商户）,0,25.0,6,2,aba
黑水县彩林路洗车店（个体工商户）,0,8.0,5,3,aba
黑水兰康初家庭农场（个人独资）,0,3.0,4,1,aba
阿坝县严则民宿旅店（个体工商户）,0,50.0,4,2,aba
黑水初初小院民宿（个体工商户）,0,80.0,20,2,aba
阿坝县桑青理发店（个体工商户）,0,9.0,18,3,aba
黑水接触酒吧（个体工商户）,0,50.0,17,2,aba
黑水遇见归宿客栈（个体工商户）,0,60.0,15,2,aba
阿坝县谭师汽配店（个体工商户）,0,2.0,12,0,aba
黑水县康若小卖部（个人独资）,0,4.0,10,0,aba
阿坝县满口香川菜馆（个体工商户）,0,10.0,7,2,aba
壤塘县开心台球馆（个体工商户）,0,5.0,6,6,aba
阿坝县淑女服装店（个体工商户）,0,9.0,20,0,aba
阿坝县彦卓家庭农场（个体工商户）,0,10.0,19,1,aba
阿坝县东主波汽车美容店（个体工商户）,1,6.0,18,3,aba
阿坝县东哥洗车店（个体工商户）,0,1.0,17,3,aba
壤塘县一诺通讯店（个体工商户）,0,4.0,16,10,aba
阿坝县蓝溪农家乐店（个体工商户）,0,30.0,14,2,aba
黑水嘉运洗车店（个体工商户）,0,8.0,13,3,aba
壤塘县汇金超市,0,10.0,19,0,aba
壤塘县贾军生擒宰杀点（个体工商户）,0,10.0,20,0,aba
壤塘县俄周洛服装商店（个体工商户）,0,18.0,20,0,aba
阿坝县吉让洗车店（个体工商户）,0,5.0,16,3,aba
黑水潮香现卤店（个体工商户）,0,9.0,16,2,aba
阿坝县凯莱雅酒店（个体工商户）,0,10.0,16,2,aba
黑水普惠诊所（个体工商户）,0,3.0,14,13,aba
阿坝县达吉鲜面坊（个体工商户）,0,10.0,4,4,aba
阿坝县蒸巴适餐饮服务店（个体工商户）,0,5.0,18,2,aba
阿坝县骑悠牧云农家乐店（个体工商户）,0,3.0,12,2,aba
黑水县冰川铜锅馆（个体工商户）,0,8.0,8,2,aba
阿坝县微醺酒吧（个体工商户）,0,15.0,8,2,aba
阿坝县格阳民宿酒店（个体工商户）,0,30.0,7,2,aba
壤塘县阿假日酒店（个体工商户）,0,20.0,7,2,aba
壤塘县裘斯中小卖部,0,20.0,19,0,aba
壤塘县贵夫人美发有限责任公司,0,5.0,12,3,aba
阿坝县三仔豆腐加工店（个体工商户）,0,1.0,19,4,aba
阿坝县扎西样吉餐饮服务店（个体工商户）,0,15.0,18,2,aba
壤塘县冈坚巴台球俱乐部（个体工商户）,0,6.5,17,6,aba
阿坝县盼结足浴店（个体工商户）,0,1.0,16,3,aba
黑水县五阿哥火锅店（个体工商户）,0,10.0,14,2,aba
黑水博君一笑小卖部（个体工商户）,0,10.0,10,0,aba
阿坝县清净快餐店（个体工商户）,0,1.0,8,2,aba
阿坝县阿东夜市烧烤店（个体工商户）,0,5.0,6,2,aba
黑水县彩林之涧客栈（个体工商户）,0,20.0,10,2,aba
黑水洪木扎西运输部（个体工商户）,0,40.0,19,5,aba
黑水格西江小吃店（个体工商户）,1,0.5,19,2,aba
阿坝县雪域营地酒吧（个体工商户）,1,8.9,18,4,aba
黑水斯门她客栈（个体工商户）,0,40.0,17,2,aba
阿坝县迪赛咖啡西餐馆（个体工商户）,0,25.0,8,2,aba
阿坝县杨记冒鸭子卤菜经营店（个体工商户）,1,10.0,19,4,aba
黑水县肆月咖啡店（个体工商户）,0,25.0,16,2,aba
壤塘县容特洗车店（个体工商户）,0,15.0,16,3,aba
阿坝县求加运输服务店（个体工商户）,0,2.0,15,5,aba
阿坝县马师纯缄馍馍粮食加工铺（个体工商户）,0,3.0,12,4,aba
黑水彩林之家农家院（个人独资）,0,20.0,10,2,aba
阿坝县拐弯馍馍食品销售店（个体工商户）,0,10.0,10,4,aba
黑水红缘阁酒店（个人独资）,0,10.0,9,2,aba
阿坝县蜀麻府老火锅店（个体工商户）,0,30.0,8,2,aba
阿坝县冬周茶楼馆（个体工商户）,0,5.0,7,2,aba
阿坝县油香饼子坊（个体工商户）,0,10.0,5,4,aba
壤塘县勇者球馆（个体工商户）,0,10.0,19,6,aba
黑水县精酿德啤坊（个体工商户）,0,20.0,17,4,aba
黑水红叶石楠民宿（个体工商户）,0,30.0,17,2,aba
黑水县京京货运部（个体工商户）,0,18.0,15,15,aba
壤塘县徐记中餐小吃馆（个体工商户）,0,8.0,14,2,aba
黑水县嘎茸托生头养殖场（个人独资）,0,3.0,11,1,aba
阿坝县相约酒吧（个体工商户）,0,7.0,8,2,aba
黑水泽如扎西运输部（个体工商户）,0,18.7,8,5,aba
阿坝县麦香源烤饼店（个体工商户）,0,3.0,7,4,aba
阿坝县次波民宿酒店（个体工商户）,0,10.0,7,2,aba
阿坝县鑫吧啦藏餐饮服务店（个体工商户）,0,3.0,6,2,aba
阿坝县廖明刚家乡菜馆（个体工商户）,0,8.0,5,2,aba
黑水更邓东主运输部（个体工商户）,0,20.0,19,5,aba
黑水县尕让三机货运部（个体工商户）,0,10.0,16,5,aba
黑水县央金运输部（个体工商户）,1,30.0,16,5,aba
黑水泽朗扎西货运部（个体工商户）,0,18.0,15,5,aba
黑水县王英保货运部（个体工商户）,0,20.0,15,5,aba
黑水县阿哈基货运部（个体工商户）,0,15.0,15,15,aba
阿坝县伊隆美食城餐饮服务店（个体工商户）,0,20.0,14,2,aba
黑水县保基肉牛养殖场（个人独资）,0,1.0,10,1,aba
黑水巴蜀牦牛火锅店（个体工商户）,0,30.0,8,2,aba
阿坝县滋味烤吧烧烤店（个体工商户）,0,9.0,8,2,aba
阿坝县沃堂烤饼店（个体工商户）,0,3.0,7,2,aba
壤塘县目达藏西医结合诊所（个体工商户）,0,30.0,7,13,aba
黑水特色藏餐店（个体工商户）,0,2.0,5,2,aba
黑水日塔货运部（个体工商户）,0,40.0,4,5,aba
阿坝县果卡咖啡店（个体工商户）,0,15.0,20,2,aba
阿坝县尕玛卓玛餐饮店（个体工商户）,0,10.0,20,2,aba
黑水罗尔基运输部（个体工商户）,0,40.0,19,5,aba
壤塘县德洋宾馆（个体工商户）,0,62.0,19,2,aba
黑水县阿理稳酒店（个体工商户）,0,6.0,18,2,aba
黑水县泽拉恩波运输部（个体工商户）,0,3.0,17,5,aba
阿坝县曲贝运输服务店（个体工商户）,0,5.0,17,5,aba
黑水杨明贵货运部（个体工商户）,0,18.0,17,5,aba
阿坝县凯玲腾达民宿旅店（个体工商户）,0,30.0,16,2,aba
壤塘县凯乐石河流洗车店（个体工商户）,0,5.0,16,3,aba
黑水利顺货运部（个体工商户）,0,18.0,15,5,aba
黑水县罗让扎西货运部（个体工商户）,0,21.0,15,5,aba
阿坝县兴福苑餐饮服务店（个体工商户）,0,10.0,15,2,aba
黑水桑珍货运部（个体工商户）,0,15.0,15,15,aba
壤塘县蜀一属二冒味鲜店（个体工商户）,0,4.0,14,2,aba
阿坝县焰羊阁餐饮服务店（个体工商户）,0,20.0,13,2,aba
阿坝县泽让扎西茶楼店（个体工商户）,0,5.0,8,2,aba
壤塘县朱师家常菜餐饮店（个体工商户）,0,2.0,8,2,aba
壤塘县明天餐饮服务中心（个体工商户）,0,1.0,6,2,aba
阿坝县五香鱼粉小吃店（个体工商户）,0,10.0,4,2,aba
黑水王生宝货运部（个体工商户）,0,40.0,4,5,aba
阿坝县剪美从头开始理发店（个体工商户）,0,40.0,20,3,aba
黑水县祥云运输部（个体工商户）,0,30.0,19,5,aba
黑水县龙达运输部（个体工商户）,1,30.0,18,5,aba
阿坝县烈秋民宿旅店（个体工商户）,0,20.0,18,2,aba
阿坝县龚波南甲货物运输店（个体工商户）,0,5.0,17,5,aba
阿坝县夺科运输服务店（个体工商户）,0,10.0,17,5,aba
黑水县藏域风情民宿（个体工商户）,0,15.0,16,2,aba
黑水刘洋中蜂养殖场（个体工商户）,0,1.0,16,1,aba
黑水县金福货运部（个体工商户）,0,10.0,16,5,aba
壤塘县眉州饭店（个体工商户）,0,5.0,15,2,aba
黑水阿支货运部（个体工商户）,0,13.0,15,5,aba
黑水县小青肉牛养殖场（个人独资）,0,1.0,10,1,aba
阿坝县绝串烧烤屋（个体工商户）,0,5.0,8,2,aba
阿坝县闲庭茶楼馆（个体工商户）,0,5.0,7,2,aba
黑水县洪保西养殖家庭农场（个人独资）,0,15.0,6,1,aba
阿坝县余记砂锅米线店（个体工商户）,0,5.0,4,2,aba
黑水陈王富货运部（个体工商户）,0,20.0,4,5,aba
黑水拉香姐货运部（个体工商户）,0,21.0,4,5,aba
黑水县阿日基货运部（个体工商户）,0,40.0,4,5,aba
阿坝县热布戈家庭牧场（个体工商户）,0,20.0,20,1,aba
黑水汪州烤鱼店（个体工商户）,0,5.0,19,2,aba
黑水旺富货运部（个体工商户）,0,4.0,17,5,aba
黑水大列如运输部（个体工商户）,0,15.0,17,5,aba
黑水县何妹儿卤肉小吃店（个体工商户）,0,2.0,16,2,aba
壤塘县尝碰面馆（个体工商户）,0,5.0,16,2,aba
阿坝县阿依拉山酒店（个体工商户）,0,30.0,16,2,aba
黑水县李罗新货运部（个体工商户）,0,5.0,15,15,aba
阿坝县春山茶楼服务馆（个体工商户）,0,1.0,14,2,aba
壤塘县藏孜源藏式家具店（个体工商户）,0,20.0,12,0,aba
黑水享哆味汉堡炸鸡餐厅（个体工商户）,0,30.0,8,2,aba
阿坝县缘份茶楼馆（个体工商户）,0,4.0,8,2,aba
阿坝县御膳家乡菜店（个体工商户）,0,1.0,7,2,aba
阿坝县雪宝顶茶楼店（个体工商户）,0,10.0,7,2,aba
阿坝县旦知扎西饭店（个体工商户）,0,3.0,7,2,aba
黑水泽郎格西运输部（个体工商户）,0,1.0,6,5,aba
阿坝县老巷子火锅店（个体工商户）,0,8.0,5,2,aba
阿坝县善德饭店（个体工商户）,0,3.0,5,2,aba
黑水泽王货运部（个体工商户）,0,20.0,4,5,aba
黑水仁真货运部（个体工商户）,0,40.0,4,5,aba
黑水县枫林山居民宿（个体工商户）,0,40.0,16,2,aba
黑水板地货运部（个体工商户）,0,10.0,16,5,aba
黑水县泽阳保货运部（个体工商户）,0,10.0,16,5,aba
阿坝县李氏咪兰秀美发服务店（个体工商户）,0,2.0,16,3,aba
黑水雪鼎奶屋（个体工商户）,0,6.0,15,0,aba
黑水刘鑫货运部（个体工商户）,0,20.0,15,5,aba
壤塘县小味香面馆（个体工商户）,0,8.0,14,2,aba
阿坝县港湾食品销售店（个体工商户）,0,10.0,14,0,aba
黑水隐丛别院民宿（个体工商户）,0,5.0,13,2,aba
黑水县小勇羊养殖场（个人独资）,0,1.0,9,1,aba
黑水查拉古小卖部（个人独资）,0,1.0,8,0,aba
阿坝县泽郎哈木货运商行（个体工商户）,0,3.0,7,5,aba
黑水格天货运部（个体工商户）,0,10.0,7,5,aba
阿坝县伊鼎兰汤锅店（个体工商户）,0,10.0,6,2,aba
黑水刀削面馆（个体工商户）,0,3.0,4,2,aba
黑水县晓晓客栈（个体工商户）,0,5.0,20,2,aba
黑水县自然稻螺蛳粉店（个体工商户）,0,18.0,19,2,aba
阿坝县弹尔多畜牧养殖场（个体工商户）,0,3.0,19,1,aba
黑水县尕让亚运输部（个体工商户）,1,30.0,18,5,aba
黑水县栖迟驿屋民宿（个体工商户）,0,20.0,18,2,aba
阿坝县丹先生茶楼服务店（个体工商户）,0,5.0,17,2,aba
阿坝县建麦运输服务店（个体工商户）,0,10.0,17,5,aba
黑水王杰货运部（个体工商户）,0,18.0,17,5,aba
黑水俄木货运部（个体工商户）,0,4.0,17,5,aba
阿坝县甲央陈理民宿旅店（个体工商户）,0,30.0,16,2,aba
黑水甫巴头货运部（个体工商户）,0,10.0,16,5,aba
黑水县川屿民宿（个体工商户）,0,40.0,9,2,aba
阿坝县马义福食品加工店（个体工商户）,1,4.0,13,3,aba
阿坝县煮小娄快餐店（个体工商户）,0,8.0,7,2,aba
阿坝县贾人藏餐馆（个体工商户）,0,8.0,7,2,aba
阿坝县玉海餐厅（个体工商户）,0,8.0,7,2,aba
黑水彩林川菜饭店（个人独资）,0,3.0,6,2,aba
阿坝县艾特咖啡馆（个体工商户）,0,3.0,6,2,aba
阿坝县巷里别院民宿酒店（个体工商户）,0,1.0,5,2,aba
黑水红签会串串店（个体工商户）,0,1.6,20,2,aba
阿坝县干辣香餐饮店（个体工商户）,0,5.0,20,2,aba
阿坝县渔鼎园餐厅店（个体工商户）,0,9.0,19,2,aba
黑水克基运输部（个体工商户）,0,3.0,18,5,aba
黑水李罗运输部（个体工商户）,0,10.0,18,5,aba
阿坝县福馨之家酒店（个体工商户）,0,30.0,17,2,aba
黑水山涧民宿（个体工商户）,0,5.0,15,2,aba
阿坝县姜记老麻抄手店（个体工商户）,0,5.0,15,2,aba
黑水县杨古基运输部（个体工商户）,0,20.0,8,5,aba
壤塘县华米包子铺（个体工商户）,0,8.0,7,2,aba
黑水县高原狼藏餐店（个体工商户）,0,3.12,7,2,aba
黑水俄式按摩店（个体工商户）,0,5.0,7,13,aba
阿坝县元琴米线店（个体工商户）,0,8.0,6,2,aba
壤塘县友谊货运部（个体工商户）,0,20.0,4,5,aba
黑水一烤人生烧烤店（个体工商户）,0,10.0,20,2,aba
阿坝县超优佳饮料食品店（个体工商户）,1,4.0,19,0,aba
黑水快速运输部（个体工商户）,0,20.0,19,5,aba
黑水德宝吉民宿（个体工商户）,0,10.0,18,2,aba
阿坝县酝山酒吧（个体工商户）,0,10.0,17,2,aba
阿坝县藏宴家乡菜店（个体工商户）,0,7.0,16,2,aba
阿坝县根灯民宿旅店（个体工商户）,0,40.0,15,2,aba
黑水康康民宿（个体工商户）,0,8.0,15,2,aba
阿坝县陈戈茶楼店（个体工商户）,0,3.0,15,15,aba
阿坝县鼎牛牦牛火锅店（个体工商户）,0,10.0,14,2,aba
阿坝县叶卓玛烧烤店（个体工商户）,0,5.0,7,2,aba
壤塘县球尕货运部（个体工商户）,0,5.0,7,5,aba
黑水泽格西运输部（个体工商户）,0,2.0,6,5,aba
黑水李马扎西货运部（个体工商户）,0,5.0,4,5,aba
黑水县夜里香烧烤店（个体工商户）,0,3.0,20,2,aba
黑水若梅小吃店（个体工商户）,0,3.0,19,2,aba
黑水县奔腾运输部（个体工商户）,1,20.0,18,5,aba
黑水宏宇运输部（个体工商户）,0,20.0,18,5,aba
壤塘县朝香餐饮店（个体工商户）,0,10.0,16,2,aba
阿坝县马者麻烤饼店（个体工商户）,0,3.0,16,2,aba
阿坝县马录退烤饼店（个体工商户）,0,1.0,16,2,aba
黑水藏家女孩小卖部（个体工商户）,0,4.6,15,0,aba
阿坝县沙木鱼茶楼店（个体工商户）,0,5.0,14,2,aba
黑水若苏古小卖部（个体工商户）,0,0.8,8,0,aba
阿坝县治哇新小吃店（个体工商户）,0,5.0,8,2,aba
阿坝县仲杰小吃店（个体工商户）,0,4.0,7,2,aba
黑水阿妈好味藏餐店（个体工商户）,0,4.0,6,2,aba
阿坝县尚品卤坊卤菜店（个体工商户）,0,6.0,20,0,aba
黑水瓦勇运输部（个体工商户）,0,20.0,19,5,aba
阿坝县孜卓美食餐饮店（个体工商户）,0,2.0,19,2,aba
黑水东生运输部（个体工商户）,0,15.0,18,5,aba
黑水缘聚酒店（个体工商户）,0,9.0,17,2,aba
黑水县客满园小吃店（个体工商户）,0,1.0,16,2,aba
黑水美约发型店（个体工商户）,0,1.0,16,3,aba
阿坝县马杰阿布烤肉店（个体工商户）,1,3.0,16,2,aba
黑水彩林冰川民宿（个体工商户）,0,10.0,15,2,aba
阿坝县碗碗鲜家乡菜店（个体工商户）,0,10.0,15,2,aba
黑水县格安宾馆（个体工商户）,0,6.0,15,2,aba
黑水县康珠民宿（个体工商户）,0,10.0,15,2,aba
黑水江湖轩现卤店（个体工商户）,1,3.0,11,2,aba
黑水县喜柒百货超市（个人独资）,0,7.0,9,0,aba
黑水陈生保运输部（个体工商户）,0,2.0,4,5,aba
黑水川鲜佳碗面馆（个体工商户）,0,3.0,20,2,aba
黑水有个家常菜店（个体工商户）,0,5.0,19,2,aba
黑水龙龙运输部（个体工商户）,0,20.0,19,5,aba
阿坝县普巴甲家庭农场（个体工商户）,0,10.0,19,1,aba
阿坝县央拉三周家庭农场（个体工商户）,0,2.0,18,1,aba
阿坝县罗谢货运行（个体工商户）,0,1.0,18,5,aba
阿坝县峒格酒店（个体工商户）,0,10.0,16,2,aba
黑水县一梵咖啡店（个体工商户）,0,15.0,16,2,aba
黑水聚星民宿（个体工商户）,0,6.0,15,2,aba
阿坝县松文牛杂汤锅店（个体工商户）,0,3.0,15,2,aba
黑水守基货运部（个体工商户）,0,2.0,6,5,aba
黑水色朗运输部（个体工商户）,0,20.0,19,5,aba
壤塘县天食面馆（个体工商户）,0,20.0,14,2,aba
黑水乡村烧烤店（个体工商户）,0,1.0,6,2,aba
黑水云端包子铺（个体工商户）,0,3.0,4,2,aba
阿坝县一壶春茶楼馆（个体工商户）,1,10.0,19,2,aba
壤塘县多尔基货运部（个体工商户）,0,35.0,19,5,aba
壤塘县夺尔基货运部（个体工商户）,0,10.0,15,5,aba
壤塘县月光洗澡店（个体工商户）,0,36.0,7,3,aba
黑水火焰烤鸭店（个体工商户）,0,9.0,4,2,aba
黑水鸿运咖啡店（个体工商户）,0,5.0,4,2,aba
黑水陈记川菜馆（个体工商户）,0,2.0,4,2,aba
壤塘县蓉妹私房面店（个体工商户）,0,5.0,20,2,aba
阿坝县悦意酒店（个体工商户）,0,9.0,19,2,aba
阿坝县咔达酒店（个体工商户）,0,10.0,19,2,aba
壤塘县尚家河家常面馆（个体工商户）,0,7.0,13,2,aba
黑水县王支养牛家庭农场（个人独资）,0,8.0,9,1,aba
壤塘县无名卤坊（个体工商户）,0,3.0,8,2,aba
黑水县竹子副食店（个体工商户）,0,5.0,8,0,aba
壤塘县亿能货运部（个体工商户）,0,17.0,14,5,aba
壤塘县金福牦牛肉经营店（个体工商户）,0,5.0,9,0,aba
壤塘县兵立王奶茶店（个体工商户）,0,10.0,9,2,aba
壤塘县达热油条店（个体工商户）,0,1.0,6,2,aba
壤塘县尊尚美业店（个体工商户）,0,5.0,19,3,aba
壤塘县田牧糌粑磨坊（个体工商户）,0,5.0,16,0,aba
壤塘县投多运输部（个体工商户）,0,15.0,15,5,aba
壤塘县国良面馆（个体工商户）,0,5.0,19,2,aba
壤塘县意龙面馆（个体工商户）,0,3.0,17,2,aba
壤塘县宝莱小吃店（个体工商户）,0,6.0,16,2,aba
小金县山涧云栖旅游发展有限公司,0,80.0,17,3,aba
小金县藏东缘农产品贸易有限公司,0,60.0,20,0,aba
金川县虎跃劳务有限公司,0,50.0,20,3,aba
金川天途农业有限公司,0,50.0,18,9,aba
金川县亭阳生态农业开发有限责任公司,0,50.0,17,0,aba
小金县姑娘有礼文旅有限责任公司,0,50.0,15,3,aba
金川艺竹建材科技有限公司,0,50.0,15,9,aba
小金县慕杨商贸有限公司,0,50.0,11,0,aba
四川东河强盛中药材种植有限公司,0,50.0,9,1,aba
小金县科漠拉户外运动有限责任公司,0,50.0,6,6,aba
小金县圣域萨武户外运动有限公司,0,46.6,9,6,aba
金川县聚宝岭中药材种植农民专业合作社,0,20.0,14,1,aba
阿坝州聚宝岭中药材有限公司,0,20.0,14,0,aba
小金县旦巴岗仁户外运动有限责任公司,0,20.0,10,6,aba
金川县俄热乡土特产品专业合作社,0,20.0,7,1,aba
阿坝州小金县嘉逸飞建筑工程有限责任公司,0,20.0,4,7,aba
小金县鑫博汽车租赁服务有限责任公司,0,10.0,20,3,aba
小金县清多香农业信息咨询农民专业合作社,0,10.0,19,1,aba
金川县莫莫扎雨健家食品加工农场（个体工商户）,0,2.0,18,4,aba
小金县科洞度母旅游有限责任公司,0,5.0,18,3,aba
金川县聚创之家衡悦大药房加盟店（个人独资）,0,10.0,17,0,aba
金川县鑫盛生态农业有限公司,0,10.0,16,1,aba
小金县成旭劳务服务有限公司,0,10.0,15,3,aba
四川省川鼎劳务有限责任公司,0,10.0,15,3,aba
阿坝州茶马驿茶业有限公司,0,10.0,12,0,aba
金川县高原椒香农业发展有限责任公司,0,5.0,11,1,aba
小金县鼎远广告传媒有限公司,0,10.0,11,3,aba
小金县探森户外运动有限责任公司,0,10.0,7,6,aba
四川奕智信息技术有限公司,0,10.0,6,0,aba
阿坝州勇拉稳农业科技有限责任公司,0,5.0,4,1,aba
金川县山边边旅游发展有限责任公司,0,50.0,9,11,aba
金川海拔三千李婉儿传媒有限公司,0,10.0,14,6,aba
小金县嘉诚农业信息咨询专业合作社,0,50.0,19,3,aba
金川县龙一梦运药店（个人独资）,0,10.0,16,0,aba
金川县鸿途劳务服务有限公司,0,60.0,9,1,aba
金川秘境餐饮服务有限公司,0,12.0,10,2,aba
小金县辛源宏信息技术服务农民专业合作社,0,80.0,19,9,aba
金川茂坤医疗救援服务有限公司,0,50.0,18,13,aba
金川汉宏劳务有限公司,0,10.0,5,7,aba
金川县康正益康药房（个人独资）,0,3.0,17,0,aba
四川神隆机械租赁有限公司,0,10.0,16,3,aba
小金县金彩户外运动有限责任公司,0,30.0,16,6,aba
金川县伦尚办公用品店（个体工商户）,0,30.0,15,15,aba
金川视界广告传媒有限责任公司,0,10.0,10,3,aba
金川县老二农副产品有限责任公司,0,50.0,9,4,aba
金川县娜姑生态旅游开发有限公司,0,50.0,11,11,aba
四川德智文武安全系统监控服务有限公司,0,20.0,8,3,aba
小金县宗发农副产品商贸有限公司,0,10.0,6,0,aba
金川县鼎农油菜种植专业合作社,0,15.0,15,1,aba
金川东女印象酒店有限公司,0,10.0,14,2,aba
小金县礼遇金喜农产品商贸有限公司,0,10.0,15,0,aba
阿坝州藏之巅中药材贸易有限责任公司,0,10.0,16,0,aba
金川智丽办公用品销售有限公司,0,3.0,11,0,aba
金川县祖兵机械租赁有限公司,0,20.0,16,3,aba
金川县沙尔游客中心（个体工商户）,0,8.0,8,11,aba
金川县木居里农副产品销售有限责任公司,0,60.0,9,1,aba
小金县潘潘建材店（个体工商户）,0,10.0,6,0,aba
小金县浮光望舒文化旅游有限公司,0,70.0,9,6,aba
金川萍玉农副产品销售有限公司,0,20.0,9,1,aba
小金县扎西德勒户外运动有限公司,0,3.0,19,6,aba
金川县华夏劳务服务有限公司,0,60.0,9,1,aba
小金县永闯劳务服务有限公司,0,30.0,19,3,aba
金川金瀚物业管理有限公司,0,20.0,18,12,aba
小金县德康梵鑫商贸有限责任公司,0,50.0,13,0,aba
小金县攀龙附凤户外运动有限责任公司,0,10.0,16,6,aba
小金县丽宽酒店管理有限公司,0,10.0,16,3,aba
金川齐嘉众智乡村旅游有限公司,0,50.0,9,2,aba
四川根扎嘉绒运输有限公司,0,50.0,15,5,aba
金川龙一惠民药房（个人独资）,0,5.0,6,0,aba
小金县星旅文化旅游发展有限公司,0,50.0,9,11,aba
阿坝州梓桐农业发展有限责任公司,0,50.0,13,0,aba
小金县云巅之上户外运动有限责任公司,0,2.0,16,6,aba
小金县云端牧场酒店有限公司,0,40.0,11,2,aba
金川吉布绒乡村旅游有限责任公司,0,10.0,9,11,aba
金川县达嘉古农副产品销售有限公司,0,5.0,9,1,aba
小金县下马厂葡萄种植专业合作社,0,0.1,18,1,aba
金川加银农资经营部（个人独资）,0,10.0,5,1,aba
金川县明岐劳务服务有限责任公司,0,50.0,9,7,aba
小金县雪线农产品贸易专业合作社,0,30.0,19,1,aba
金川县星辰齐庆龙达文化传媒中心（个体工商户）,0,12.0,16,3,aba
小金县四姑娘山镇优客鲜生鲜超市（个体工商户）,0,10.0,10,0,aba
小金县东哥鲜茸食品有限公司,0,10.0,15,0,aba
阿坝州小金县美一幸餐饮管理有限公司,0,50.0,13,3,aba
小金县董氏家百货超市（个体工商户）,0,10.0,13,0,aba
小金县依央嘉波户外运动有限公司,0,88.0,20,6,aba
金川德勒玉食茶馆（个体工商户）,0,6.0,18,2,aba
金川县能周食品销售有限公司,0,8.0,11,0,aba
小金县理小驿酒店有限责任公司,0,20.0,4,2,aba
金川县康正源宇药店（个人独资）,1,5.0,12,0,aba
金川县欣东机械建材运输特产经营部（个体工商户）,0,6.0,18,0,aba
小金县锐阳工程管理经营部（个体工商户）,0,2.0,11,9,aba
金川县石旁驿站酒店有限责任公司,0,10.0,9,2,aba
阿坝州锦宸医疗器械有限公司,0,5.0,13,4,aba
小金县力德建材加工有限责任公司,0,50.0,4,4,aba
小金成达养殖专业合作社,0,10.0,10,1,aba
金川县富胜农业综合开发有限责任公司,0,20.0,9,1,aba
金川县牡丹海食用菌销售有限责任公司,0,5.0,9,1,aba
金川县航馨财税劳务咨询有限公司,1,10.0,20,3,aba
金川县宴明玩具店（个体工商户）,0,30.0,14,6,aba
金川县刚建劳务服务有限责任公司,0,50.0,9,1,aba
小金县哈斯满民宿旅店（个体工商户）,0,8.0,19,2,aba
金川县哈喽新娘喜久婚庆工作室（个体工商户）,0,4.0,14,3,aba
金川县运安养殖有限公司,0,20.0,6,1,aba
金川晨熙五金建材店（个体工商户）,0,30.0,14,0,aba
四川省阿坝州金川县航馨劳务服务有限责任公司,0,5.0,5,3,aba
小金县非传绘画有限公司,0,8.0,19,3,aba
小金县阿比峰户外运动有限责任公司,0,90.0,18,6,aba
小金县蓝色之眼户外运动有限责任公司,0,6.0,16,6,aba
金川县嘉嫫绒民族服饰店（个体工商户）,0,20.0,16,0,aba
金川澜璟物业管理有限公司,0,20.0,12,12,aba
金川县俄热乡户外运动有限公司,0,60.0,6,6,aba
金川县央金马演绎歌舞有限责任公司,0,50.0,17,6,aba
小金县志哥农资店（个人独资）,0,1.0,19,0,aba
金川藏雅现代口腔诊所有限公司,0,10.0,6,13,aba
金川县云盘蔬菌种植销售经营部（个体工商户）,0,3.0,16,1,aba
小金县康源中药材种植农民专业合作社,0,50.0,20,1,aba
金川县二嘎里百汇超市（个体工商户）,0,60.0,16,0,aba
小金县盛佳厨房用品经营店（个体工商户）,0,10.0,14,0,aba
小金县达湾户外运动有限责任公司,0,50.0,18,6,aba
小金县雍忠泽让花椒种植专业合作社,0,80.0,16,1,aba
金川县嘎达山中药材种植有限责任公司,0,5.0,9,1,aba
小金县达丰全屋定制家居有限公司,0,80.0,14,7,aba
金川县金林水果种植有限责任公司,0,30.0,9,1,aba
小金县寻菌土特产店（个体工商户）,0,10.0,16,0,aba
金川县锟鹏食品贸易有限责任公司,0,20.0,9,1,aba
小金县三妹中草药种植专业合作社,0,50.0,15,1,aba
小金县绿之瑶土特产店（个体工商户）,0,10.0,10,0,aba
金川县阿郎门窗加工门市部（个体工商户）,0,3.0,7,4,aba
小金县雪儿健康管理咨询有限公司,0,10.0,15,3,aba
小金县强顺劳务经营部（个体工商户）,0,10.0,18,3,aba
小金县极行户外运动有限责任公司,0,20.0,16,6,aba
金川县楠鑫别园（个体工商户）,0,20.0,10,2,aba
小金县刘老二建材经营部（个人独资）,0,50.0,20,0,aba
小金县铭希贸易有限责任公司,0,20.0,11,0,aba
小金县洪茂百货店（个体工商户）,0,10.0,13,0,aba
小金县悦庭楠舍民宿旅店（个体工商户）,0,10.0,8,2,aba
小金县星辰幽谷民宿旅店（个体工商户）,0,10.0,8,2,aba
四川吉典汽车救援服务有限公司,0,10.0,13,3,aba
小金县盛世杰商贸有限公司,0,16.0,8,0,aba
小金县永琴农副产品销售有限公司,0,5.0,14,0,aba
金川县永春文具销售有限责任公司,0,20.0,9,0,aba
小金县洲垚百货店（个体工商户）,0,10.0,7,0,aba
金川县咯尔乡复兴村家庭农场（个体工商户）,0,8.0,4,1,aba
小金县山里放养养殖农场（个人独资）,0,10.0,16,1,aba
小金县瑞景酒店管理有限责任公司,0,10.0,15,2,aba
小金县海拔三千百货经营部（个体工商户）,0,10.0,18,0,aba
金川中恒商业运营管理有限责任公司,0,10.0,12,9,aba
金川县明旭中药材种植有限责任公司,0,10.0,9,1,aba
小金县素简流年酒店管理有限公司,0,30.0,14,2,aba
金川天天鲜配蔬菜店（个体工商户）,0,10.0,13,5,aba
金川森亿建筑工程有限公司,0,50.0,9,7,aba
小金县猫鼻梁咖啡厅（个体工商户）,0,5.0,7,0,aba
小金县马均燕中草药种植专业合作社,0,10.0,6,1,aba
小金县四姑娘山镇离尘藏家食品商贸部（个体工商户）,0,10.0,13,0,aba
小金县拉姆姐姐民宿旅店（个体工商户）,0,6.0,7,2,aba
小金县仁珍拉姆民宿旅店（个体工商户）,0,8.0,7,2,aba
小金县闲山静居民宿旅店（个体工商户）,0,6.0,6,2,aba
小金县牧云山顶民宿经营管理有限公司,0,20.0,13,3,aba
小金县成彬农产品贸易有限公司,0,5.0,11,0,aba
金川岗日卓玛土特产店（个体工商户）,0,1.0,20,0,aba
小金县煜然山居酒店（个体工商户）,0,80.0,16,2,aba
金川县兵哥建材经营部（个体工商户）,0,1.0,15,0,aba
四川省听雪酒店管理有限责任公司,0,10.0,15,3,aba
金川县笑笑超市（个体工商户）,0,10.0,5,0,aba
小金县泽登农副产品贸易有限责任公司,0,20.0,15,0,aba
金川县云盘九把锁农旅发展有限责任公司,0,5.0,9,1,aba
金川德瑞通讯店（个体工商户）,0,2.0,18,10,aba
金川县阿木穰农旅发展有限责任公司,0,20.0,9,1,aba
金川众友生鲜店（个体工商户）,0,5.0,8,0,aba
金川县伟达租赁服务部（个体工商户）,0,1.0,7,3,aba
小金县吉美祥邻民宿旅店（个体工商户）,0,10.0,6,2,aba
金川百顺金耀千辉道路运输部（个体工商户）,0,10.0,5,5,aba
金川县刺嫩芽种植家庭农场（个体工商户）,0,60.0,4,1,aba
小金县金小喜商贸有限公司,0,10.0,9,0,aba
金川福地源百货销售有限公司,0,5.0,9,0,aba
阿坝州加诚机械租赁有限公司,0,20.0,6,3,aba
金川兴梅副食销售有限公司,0,15.0,9,0,aba
金川县布基农副产品销售有限公司,0,5.0,9,1,aba
金川繁花别院管理有限责任公司,0,30.0,11,2,aba
小金县牧丰家庭农场（个体工商户）,0,10.0,16,1,aba
小金县呈喜酒店（个体工商户）,0,10.0,7,2,aba
金川县蒂豪文化传媒有限公司,0,80.0,19,2,aba
金川县恩勇副食销售有限责任公司,0,10.0,9,0,aba
金川薪火铸史堂店（个体工商户）,0,2.0,5,4,aba
小金县入藏雪山餐饮店（个体工商户）,0,5.0,20,2,aba
小金县藏马儿土特产店（个体工商户）,0,10.0,16,0,aba
金川县王好健维修租赁部（个体工商户）,0,5.0,6,3,aba
小金县悦途闲舍民宿旅店（个体工商户）,0,10.0,5,2,aba
金川培建劳务服务有限公司,0,30.0,9,3,aba
小金县鑫禾种植专业合作社,0,5.0,4,1,aba
金川千元二手汽车销售有限公司,0,50.0,18,0,aba
小金县力美养殖专业合作社,0,50.0,9,1,aba
金川县城南聚鑫烟酒店（个体工商户）,0,10.0,18,0,aba
金川山花农产品加工店（个体工商户）,0,10.0,12,4,aba
金川馨馨果蔬店（个体工商户）,0,2.0,8,0,aba
小金县兵兵机动车维修部（个体工商户）,0,5.0,8,3,aba
金川合屏商贸有限公司,0,50.0,20,0,aba
小金县十指相扣超市（个体工商户）,0,8.0,11,0,aba
小金县婷哲民宿酒店（个体工商户）,0,10.0,8,2,aba
金川雪梨酒业有限责任公司,0,10.0,6,4,aba
小金县红城蔚蓝酒店（个体工商户）,0,10.0,15,2,aba
小金县本达仓建筑装饰有限责任公司,0,50.0,9,7,aba
金川永福劳务服务有限公司,0,50.0,9,7,aba
金川县康巴益噶珠宝店（个体工商户）,0,10.0,6,4,aba
小金县潘老五农资店（个人独资）,0,6.0,13,0,aba
小金县瑞沣农产品商贸有限公司,0,1.0,11,0,aba
小金县藏东土特产店（个体工商户）,0,10.0,8,0,aba
金川县瑶浴养生馆（个体工商户）,0,8.0,7,3,aba
小金县巴姆秘境民宿旅店（个体工商户）,0,10.0,6,2,aba
金川县勒乌货物运输部（个体工商户）,0,50.0,20,5,aba
小金县美乐迪演艺中心（个人独资）,0,80.0,7,6,aba
金川平泰建材经营部（个体工商户）,0,50.0,18,0,aba
金川县阿西批发部（个体工商户）,0,30.0,17,0,aba
小金县明升土特产店（个体工商户）,0,10.0,14,0,aba
小金县泽能玛民宿旅店（个体工商户）,0,50.0,4,2,aba
金川县茗茶酒道府（个体工商户）,0,10.0,19,0,aba
金川县神工汽车服务部（个体工商户）,0,10.0,8,0,aba
金川县向青夺尔基唐卡店（个体工商户）,0,1.0,7,4,aba
金川嘉诚机电物资部（个体工商户）,0,50.0,18,0,aba
小金县四姑娘山镇不厌民宿旅店（个体工商户）,0,10.0,18,2,aba
小金县雪之巅牦牛肉店（个体工商户）,0,8.0,15,0,aba
金川县红色农庄农家乐（个体工商户）,0,3.0,8,2,aba
小金县白三哥汽修店（个体工商户）,0,10.0,7,3,aba
金川县陈方华中蜂养殖场（个体工商户）,0,10.0,6,1,aba
小金县杰毅民宿旅店（个体工商户）,0,3.0,4,2,aba
小金县秀丹生活服务有限公司,0,3.0,19,3,aba
小金县友友全屋定制有限责任公司,0,5.0,6,0,aba
小金县雅馨民宿旅店（个体工商户）,0,10.0,16,2,aba
金川县毛明江道路货物运输部（个体工商户）,0,10.0,14,5,aba
小金县文鑫百货店（个体工商户）,0,8.0,8,0,aba
小金县藏牧牦牛土特产店（个体工商户）,0,30.0,13,0,aba
金川县鑫翔超市（个体工商户）,0,15.0,13,0,aba
金川海春农副产品销售有限公司,0,10.0,9,1,aba
金川县梨园金梦庄农家乐（个体工商户）,0,9.0,6,2,aba
小金县泊庭酒店（个体工商户）,0,50.0,18,2,aba
金川兴爵台球俱乐部（个体工商户）,0,7.0,17,6,aba
金川县兴隆五金经营部（个体工商户）,0,10.0,8,0,aba
小金县大马雅摄影工作室（个体工商户）,0,8.0,13,3,aba
小金县藏金电子商务有限责任公司,0,10.0,12,0,aba
小金县良田家庭农场（个人独资）,0,50.0,11,1,aba
金川县君客来酒店有限责任公司,0,50.0,9,2,aba
小金县清心雅苑民宿旅店（个体工商户）,0,10.0,4,2,aba
小金县山水上苑民宿旅店,0,60.0,19,2,aba
小金县艺洋劳务服务店（个体工商户）,0,10.0,14,3,aba
金川县瑞雪农旅发展有限责任公司,0,20.0,9,1,aba
小金县漫亭酒店（个体工商户）,0,10.0,8,2,aba
金川小唐批发部（个体工商户）,0,2.0,6,0,aba
金川县川藏古碉酒店（个体工商户）,0,20.0,19,2,aba
小金县世英家庭农场（个体工商户）,0,10.0,8,1,aba
小金县臻韵家庭农场（个人独资）,0,20.0,7,1,aba
金川县盛邦机械租赁经营部（个体工商户）,0,1.0,5,3,aba
小金县山货栈土特产店（个体工商户）,0,6.0,6,0,aba
金川县君发建筑工程机械租赁有限责任公司,0,60.0,6,3,aba
小金县金禧酒店（个体工商户）,0,80.0,20,2,aba
金川县渝知味餐饮店（个体工商户）,0,38.0,15,2,aba
小金县官静悠但民宿旅店（个体工商户）,0,10.0,12,2,aba
金川县明发餐饮农家乐（个体工商户）,0,0.5,8,4,aba
金川更尕服装销售有限公司,0,10.0,10,0,aba
金川宇吉农副产品销售有限公司,0,20.0,9,1,aba
小金县优鲜汇食品经营部（个体工商户）,0,10.0,8,0,aba
金川渡口餐饮农家乐（个体工商户）,0,5.0,5,2,aba
小金县鼎峰酒店（个体工商户）,0,50.0,19,2,aba
小金县五哥松鲜农副产品店（个体工商户）,0,5.0,18,0,aba
金川明华果蔬种植有限公司,0,10.0,9,1,aba
金川畅通无阻运输部（个体工商户）,0,1.0,8,5,aba
小金县觉巴观景民宿酒店,0,60.0,7,2,aba
金川县金耘源庄园（个体工商户）,0,10.0,16,2,aba
小金县格尔玛民宿旅店（个体工商户）,0,5.0,14,2,aba
小金县何斯曼家庭农场（个人独资）,0,20.0,10,1,aba
金川四海中药材贸易有限公司,0,20.0,9,1,aba
小金县观山牧雪民宿旅店（个体工商户）,0,10.0,8,2,aba
金川靓源美容有限责任公司,0,5.0,12,3,aba
金川县赞巴拉销售店（个体工商户）,0,30.0,19,0,aba
金川县仟茗餐饮农家乐（个体工商户）,0,10.0,4,2,aba
小金县藏情逸韵阁民宿旅店（个体工商户）,0,10.0,4,2,aba
小金县兴旺汽车救援有限责任公司,0,10.0,20,3,aba
小金县悦客之家民宿旅店（个体工商户）,0,10.0,19,2,aba
小金县云雅月影民宿旅店（个体工商户）,0,9.0,16,2,aba
金川县何氏中药材种植有限责任公司,0,10.0,9,1,aba
金川县舟车道路运输部（个体工商户）,0,10.0,8,5,aba
小金县食尚居农家乐店（个体工商户）,0,8.0,6,2,aba
小金县永逸酒类经营部（个体工商户）,0,10.0,20,0,aba
金川索南雅杰超市（个体工商户）,0,5.0,18,0,aba
金川县煜馨农机销售维修部（个体工商户）,0,10.0,18,0,aba
金川县凤悦居酒店有限责任公司,0,5.0,9,2,aba
金川县二嘎里高原土特产店（个体工商户）,0,4.0,7,0,aba
小金县简隐福居民宿酒店（个体工商户）,0,10.0,6,2,aba
小金县普惠堂中西医结合诊所（个人独资）,0,10.0,5,13,aba
金川良玉餐饮农家乐（个体工商户）,0,2.0,4,2,aba
金川急速道路运输部（个体工商户）,0,50.0,19,5,aba
小金县狮子堡民宿旅店（个体工商户）,0,10.0,18,2,aba
小金县被梦叫醒民宿旅店（个体工商户）,0,10.0,18,2,aba
小金县雅上望野民宿旅店（个体工商户）,0,10.0,18,2,aba
小金县四姑娘山镇月隐小满酒店（个体工商户）,0,10.0,15,2,aba
小金县全日鲜蔬菜店（个体工商户）,0,6.0,14,0,aba
小金县四姑娘山镇阿甲民宿酒店（个体工商户）,0,10.0,11,2,aba
小金县松泰水电有限公司,1,50.0,9,8,aba
金川县建蕊小卖部（个体工商户）,0,2.0,7,0,aba
小金县九诚建材商贸有限公司,0,10.0,15,0,aba
金川县勒尔吾罗让服装批发部（个体工商户）,0,5.0,15,0,aba
小金县祝二哥家庭农场（个人独资）,0,16.0,11,1,aba
小金县博远物业管理服务有限公司,0,6.0,8,12,aba
金川县每日惠购商店馆（个体工商户）,0,4.0,8,4,aba
小金县安业家庭农场（个体工商户）,0,10.0,6,1,aba
小金县凤杰民宿酒店（个体工商户）,0,90.0,19,2,aba
小金县仰望星空民宿旅店（个体工商户）,0,10.0,18,2,aba
小金县星辰远方民宿旅店（个体工商户）,0,10.0,15,2,aba
小金县诺拉酒店（个体工商户）,0,10.0,15,2,aba
小金县花间故事民宿酒店（个体工商户）,0,10.0,13,2,aba
金川县水煮人间火锅店（个体工商户）,0,5.0,13,2,aba
小金县温情百货店（个体工商户）,0,2.0,12,0,aba
小金县普济堂中西医结合诊所（个人独资）,0,10.0,10,13,aba
金川县正全农副产品销售有限责任公司,0,5.0,9,4,aba
小金县阿朗巴依民宿酒店（个体工商户）,0,5.0,8,2,aba
小金县本嘎斯达民宿旅店（个体工商户）,0,10.0,7,2,aba
金川县德胜情缘农家乐（个体工商户）,0,6.0,7,2,aba
小金县桃辉民宿旅店（个体工商户）,0,10.0,6,2,aba
金川县润泽家庭农场（个体工商户）,0,10.0,5,1,aba
小金县悦和兴居民宿旅店（个体工商户）,0,10.0,20,2,aba
小金县晖恩土特产店（个体工商户）,0,10.0,19,0,aba
小金县顺富农资经营店（个体工商户）,0,10.0,17,0,aba
小金县桃农印象家庭农场（个体工商户）,0,10.0,16,1,aba
小金县现巴民宿旅店（个体工商户）,0,10.0,14,2,aba
金川捌号台球俱乐部（个体工商户）,0,3.0,10,6,aba
金川县新生畜牧养殖有限责任公司,0,50.0,9,1,aba
小金县归山牧云民宿旅店（个体工商户）,0,10.0,7,2,aba
小金县德明建材店（个体工商户）,0,5.0,4,4,aba
小金县澜羲野奢民宿旅店（个体工商户）,0,50.0,20,2,aba
小金县叁禾美容工作室（个体工商户）,0,10.0,18,3,aba
小金县逸嘉酒店（个体工商户）,0,10.0,15,2,aba
小金县聚福来民宿旅店（个体工商户）,0,10.0,14,2,aba
小金县遇见山里民宿旅店（个体工商户）,0,10.0,14,2,aba
小金县阿东拉依民宿酒店（个体工商户）,0,10.0,12,2,aba
小金县淼满山居民宿旅店（个体工商户）,0,10.0,10,2,aba
金川县高原明珠茶楼（个体工商户）,0,1.0,6,4,aba
金川贡确服装销售有限公司,0,5.0,11,0,aba
小金县贵华民宿旅店（个体工商户）,0,10.0,19,2,aba
小金县四季别苑饭店（个体工商户）,0,10.0,19,2,aba
小金县和悦酒店（个体工商户）,0,60.0,18,2,aba
金川县福寿堂殡葬经营部（个体工商户）,0,2.0,14,0,aba
小金县前行汽车养护中心（个体工商户）,0,10.0,6,3,aba
金川县归山牧云绰斯甲店（个体工商户）,0,10.0,5,4,aba
小金县彭措食品店（个体工商户）,0,6.0,20,1,aba
金川县川龙农装维修销售店（个体工商户）,0,10.0,18,0,aba
小金县山边任家民宿酒店（个体工商户）,0,10.0,18,2,aba
金川县天御劳务部（个体工商户）,0,5.0,13,7,aba
金川红丽副食销售有限公司,0,10.0,9,4,aba
金川县三妹布庄店（个体工商户）,0,5.0,6,0,aba
金川县宏兴达食品有限公司,0,20.0,16,0,aba
小金县清风机械设备租赁经营部（个体工商户）,0,30.0,18,3,aba
小金县臻心土特产店（个体工商户）,0,5.0,17,0,aba
金川县手足护理中心（个体工商户）,0,6.0,14,3,aba
金川旦旦小卖部（个体工商户）,0,10.0,8,4,aba
金川县好又来休闲农家院（个体工商户）,0,10.0,7,2,aba
金川县土香情餐饮农家乐（个体工商户）,0,8.0,4,2,aba
金川家月食品销售有限公司,0,10.0,10,0,aba
金川县周福全批发部（个体工商户）,0,10.0,18,0,aba
小金县听山野奢民宿酒店（个体工商户）,0,10.0,14,2,aba
小金县有滋有味农家乐（个体工商户）,0,10.0,13,2,aba
金川县好运来餐饮农家乐（个体工商户）,0,10.0,8,2,aba
小金县嘉麟雅舍民宿酒店（个体工商户）,0,40.0,5,2,aba
小金县骏达货运代理服务部（个体工商户）,0,20.0,19,5,aba
金川县小马美食城餐饮店（个体工商户）,0,5.0,18,2,aba
小金县亚鸿机械租赁站（个体工商户）,0,10.0,18,3,aba
小金县众战机械租赁站（个体工商户）,0,20.0,18,3,aba
小金县闲逸商贸店（个体工商户）,0,10.0,15,0,aba
金川县福满楼休闲民宿（个体工商户）,0,8.0,7,2,aba
金川县望江楼茶府（个体工商户）,0,5.0,6,6,aba
金川县藏式服装店（个体工商户）,0,8.0,6,0,aba
金川县放心小吃店（个体工商户）,0,5.0,5,2,aba
金川县幸福餐饮农家乐（个体工商户）,0,8.0,4,2,aba
小金县财康家庭农场（个体工商户）,0,10.0,4,1,aba
小金县站柜种植场（个体工商户）,0,10.0,19,1,aba
小金县婷汐日用品批发部（个体工商户）,0,10.0,19,0,aba
小金县三州家电经营店（个体工商户）,0,10.0,18,0,aba
小金县勒拉扎民宿旅店（个体工商户）,0,10.0,17,2,aba
金川县王者台球俱乐部（个体工商户）,0,60.0,13,6,aba
小金县禾绒道民宿酒店（个体工商户）,0,30.0,12,2,aba
金川县普鲁劳务服务有限公司,0,10.0,9,3,aba
金川县彭多多零食经营部（个体工商户）,0,5.0,8,0,aba
小金县扎斯曼土特产店（个体工商户）,0,8.0,20,0,aba
小金县喜岑民宿旅店（个体工商户）,0,10.0,16,2,aba
小金县藏域风情民宿旅店（个体工商户）,0,5.0,14,2,aba
小金县巷往驿居民宿旅店（个体工商户）,0,50.0,14,2,aba
小金县英秀家庭农场（个体工商户）,0,90.0,13,1,aba
小金县踏入民宿旅店（个体工商户）,0,10.0,13,2,aba
小金县向春山民宿旅店（个体工商户）,0,10.0,10,2,aba
金川县玉波商贸有限责任公司,0,2.0,9,0,aba
金川县平生健颐舒生活艾究馆（个体工商户）,0,7.0,8,13,aba
金川县清源原舍茶楼（个体工商户）,0,10.0,4,2,aba
小金县念凤家庭农场（个体工商户）,0,10.0,18,1,aba
小金县丰航通讯设备店（个体工商户）,0,6.0,17,0,aba
金川县华莱士餐饮店（个体工商户）,0,15.0,16,2,aba
小金县车世界汽车美容服务中心（个体工商户）,0,10.0,15,3,aba
小金县陈陶建材店（个体工商户）,0,8.0,15,0,aba
金川县泽让藏餐茶楼（个体工商户）,0,2.0,8,6,aba
金川县樊薯薯餐饮店（个体工商户）,0,5.0,7,2,aba
小金县绿创家庭农场（个人独资）,0,10.0,7,1,aba
金川县拾光小院农家乐（个体工商户）,0,60.0,6,5,aba
小金县芳芳贸易有限公司,0,3.0,19,0,aba
小金县半景民宿旅店（个体工商户）,0,10.0,20,2,aba
小金县安莉通讯设备店（个体工商户）,0,6.0,19,0,aba
金川县时光伊人美容店（个体工商户）,0,60.0,16,3,aba
小金县晨夕有客民宿旅店（个体工商户）,0,10.0,13,2,aba
小金县归云清风民宿酒店（个体工商户）,0,20.0,13,2,aba
金川孙格尔甲小卖部（个体工商户）,0,2.0,8,0,aba
小金县珍珍发艺店（个体工商户）,0,2.0,8,3,aba
金川县牧人藏餐茶楼（个体工商户）,0,2.0,8,6,aba
金川县八号赢家台球俱乐部（个体工商户）,0,2.0,8,6,aba
小金县旭丰家畜养殖场（个体工商户）,0,8.0,7,1,aba
金川县卓越通讯店（个体工商户）,0,1.0,6,15,aba
金川树全食品销售有限公司,0,6.0,9,0,aba
小金县华翼通讯设备店（个体工商户）,0,6.0,18,0,aba
金川县央金马演绎茶馆（个体工商户）,0,5.0,17,2,aba
金川县杜哥厨卫电器店（个体工商户）,0,5.0,14,0,aba
小金县华尔曾民宿旅店（个体工商户）,0,5.0,14,2,aba
金川朗森通讯店（个体工商户）,0,5.0,13,0,aba
金川罗让唐卡大师工作室（个体工商户）,0,5.0,9,4,aba
金川盛英劳务服务部（个体工商户）,0,10.0,9,7,aba
小金县富山酒店（个体工商户）,0,10.0,8,2,aba
小金县文婆婆百货店（个体工商户）,0,10.0,6,0,aba
小金县唐明剑家具销售店（个体工商户）,0,10.0,4,4,aba
小金县半山云逸民宿旅店（个体工商户）,0,10.0,4,2,aba
小金县暮景山水别院民宿酒店（个体工商户）,0,10.0,20,2,aba
金川辰皓酒店用品批发部（个体工商户）,0,4.5,20,0,aba
小金县嘉瑞民宿酒店（个体工商户）,0,10.0,17,2,aba
小金县卓玛民宿旅店（个体工商户）,0,10.0,16,2,aba
小金县爱美丽美容护理馆（个体工商户）,0,2.0,15,3,aba
小金县悦庭民宿旅店（个体工商户）,0,20.0,15,2,aba
小金县平哥玩具店（个体工商户）,0,5.0,15,0,aba
小金县陈遇餐饮服务店（个体工商户）,0,10.0,7,2,aba
金川千茶万别茶楼馆（个体工商户）,0,10.0,6,6,aba
小金县博杰民宿旅店（个体工商户）,0,20.0,13,2,aba
小金县云婷民宿旅店（个体工商户）,0,10.0,12,2,aba
金川睿宇农业开发有限责任公司,0,10.0,9,1,aba
金川县赵家小卖部（个体工商户）,0,1.0,7,0,aba
小金县次只罗民宿旅店（个体工商户）,0,10.0,7,2,aba
小金县朗卡土特产店（个体工商户）,0,10.0,5,0,aba
金川县青柠健身运动综合馆（个体工商户）,0,8.0,4,6,aba
小金县悦季民宿酒店（个体工商户）,0,10.0,17,2,aba
小金县璞雄达吉民宿旅店（个体工商户）,0,10.0,15,2,aba
金川县杨林华苗木和中药材经营部（个体工商户）,0,6.0,14,1,aba
金川林倩商务信息咨询有限公司,0,5.0,9,4,aba
小金县云发铁艺加工店（个体工商户）,0,6.0,8,4,aba
小金县品搏鲜肉果蔬超市（个体工商户）,0,10.0,8,0,aba
金川县云边小卖部（个体工商户）,0,2.0,8,0,aba
小金县静心山宿民宿旅店（个体工商户）,0,10.0,7,2,aba
小金县萨武藏梦居民宿旅店（个体工商户）,0,10.0,7,2,aba
小金县览山美宿民宿旅店（个体工商户）,0,10.0,7,2,aba
金川县贤能劳务部（个体工商户）,0,1.0,7,3,aba
金川县恒业劳务部（个体工商户）,0,1.0,7,0,aba
金川县众腾劳务部（个体工商户）,0,1.0,7,7,aba
小金县徐家梁子格拉民宿旅店（个体工商户）,0,3.0,6,2,aba
金川县显红副食销售有限公司,0,8.0,10,2,aba
小金县观云伴山民宿酒店（个体工商户）,0,10.0,20,2,aba
小金县达鑫通讯设备店（个体工商户）,0,6.0,19,0,aba
金川县印象洋芋饭餐饮店（个体工商户）,0,5.0,16,2,aba
小金县文雅山水民宿酒店（个体工商户）,0,3.0,14,2,aba
金川县小城茶社茶馆（个体工商户）,0,10.0,13,2,aba
小金县林涧商贸店（个体工商户）,0,10.0,11,0,aba
金川川香余味店（个体工商户）,0,1.0,9,2,aba
小金县花田醉民宿旅店（个体工商户）,0,10.0,8,2,aba
小金县牛成芳家庭农场（个人独资）,0,6.0,8,1,aba
金川福汇餐馆店（个体工商户）,0,10.0,6,2,aba
小金县新店子百货店（个体工商户）,0,10.0,4,0,aba
小金县达雍土特产店（个体工商户）,0,30.0,20,0,aba
金川钟五姐批发部（个体工商户）,0,2.8,20,0,aba
金川合通商贸部（个体工商户）,0,10.0,18,5,aba
金川县秦家餐饮农家院（个体工商户）,0,30.0,15,2,aba
金川新天地酒吧有限公司,0,50.0,6,2,aba
金川县亿合运输部（个体工商户）,0,1.0,6,5,aba
小金县招财猫百货店（个体工商户）,0,10.0,4,0,aba
金川思婕贸易有限公司,0,10.0,6,0,aba
小金县雨鑫民宿旅店（个体工商户）,0,10.0,20,2,aba
小金县华尔旦格勒百货店（个体工商户）,0,6.0,20,0,aba
小金县周周通讯设备店（个体工商户）,0,6.0,19,0,aba
小金县尚吉民宿旅店（个体工商户）,0,20.0,17,2,aba
小金县明明摄影工作室（个体工商户）,0,5.0,13,3,aba
金川梨花小院坊（个体工商户）,0,5.0,12,2,aba
金川扎西泽错餐饮店（个体工商户）,0,1.0,8,2,aba
小金县观岚小筑民宿旅店（个体工商户）,0,10.0,7,2,aba
金川桑姆酒馆（个体工商户）,0,10.0,6,2,aba
小金县好品全土特产店（个体工商户）,0,10.0,6,1,aba
小金县冷峰工程机械租赁服务站（个体工商户）,0,10.0,6,3,aba
小金县汪汪家庭农场（个体工商户）,0,10.0,5,1,aba
小金县博涵土特产店（个体工商户）,0,8.0,20,0,aba
小金县斑叠民宿旅店（个体工商户）,0,10.0,20,2,aba
金川龙厂长火锅店（个体工商户）,0,10.0,18,2,aba
小金县翔宏工程机械租赁部（个体工商户）,0,10.0,17,3,aba
小金县凯飞厨卫经营店（个体工商户）,0,5.0,16,0,aba
小金县云上阁餐饮店（个体工商户）,0,10.0,15,2,aba
小金县车悦汽修服务中心（个体工商户）,0,25.0,15,3,aba
小金县原舍民宿旅店（个体工商户）,0,10.0,15,2,aba
金川县老马炒面馆（个体工商户）,0,10.0,15,2,aba
小金县邦农中草药种植专业合作社,0,30.0,14,1,aba
小金县卡斯之旅民宿酒店（个体工商户）,0,10.0,14,2,aba
金川蜀一仙牛肉面馆（个体工商户）,0,3.0,12,2,aba
小金县藏棘食品饮料销售有限责任公司,0,10.0,10,0,aba
金川县卓林宾馆（个体工商户）,0,30.0,10,2,aba
金川县伍家榨油有限公司,0,5.0,6,4,aba
小金县天宫工程机械租赁有限责任公司,0,20.0,5,3,aba
金川县格萨尔民用店（个体工商户）,0,4.0,15,0,aba
小金县艺辉民宿旅店（个体工商户）,0,10.0,14,2,aba
小金县馨缘民宿酒店（个体工商户）,0,60.0,13,2,aba
金川川香余味餐饮店（个体工商户）,1,0.5,10,2,aba
金川县甲布足中药材种植有限责任公司,0,10.0,9,1,aba
金川县宜品坊酒业店（个体工商户）,0,9.0,7,4,aba
金川县时光小卖铺（个体工商户）,0,5.0,5,0,aba
金川县景家大院农家乐（个体工商户）,0,6.0,4,2,aba
小金县雪城山居民宿旅店（个体工商户）,0,10.0,18,2,aba
小金县慕尚理发店（个体工商户）,0,10.0,18,3,aba
小金县棠朵酒店（个体工商户）,0,10.0,18,2,aba
金川鑫野露营吧（个体工商户）,0,26.0,16,2,aba
小金县山居雅舍民宿旅店（个体工商户）,0,10.0,13,2,aba
小金县王二妹农药销售店（个人独资）,0,50.0,13,0,aba
小金县杰媛民宿旅店（个体工商户）,0,10.0,12,2,aba
小金县清风雅居民宿旅店（个体工商户）,0,10.0,12,2,aba
小金县半夏时光酒店（个体工商户）,0,10.0,11,2,aba
金川县瑞经餐饮文化有限责任公司,0,1.0,9,2,aba
小金县江湖情演艺中心（个人独资）,0,20.0,7,2,aba
金川国兵肉铺（个体工商户）,0,15.0,20,0,aba
小金县山屯庄土特产店（个体工商户）,0,6.0,16,0,aba
小金县旺街味蕾餐饮店（个体工商户）,0,3.0,14,2,aba
小金县一叶庭苑民宿旅店（个体工商户）,0,10.0,14,2,aba
小金县妲姆措民宿旅店（个体工商户）,0,10.0,13,2,aba
小金县妙思湾民宿旅店（个体工商户）,0,10.0,12,2,aba
金川兴农种子经营部（个体工商户）,0,3.0,8,1,aba
小金县德川源土特产店（个体工商户）,0,10.0,8,0,aba
小金县国东货物运输站（个体工商户）,0,10.0,8,5,aba
小金县远途广告设计服务店（个体工商户）,0,2.0,7,3,aba
金川县营养茶楼（个体工商户）,0,1.0,7,4,aba
小金县逸帆小屋民宿旅店（个体工商户）,0,10.0,7,2,aba
小金县鲜烧餐饮店（个体工商户）,0,5.0,4,2,aba
金川祖华餐饮农家乐（个体工商户）,0,5.0,4,2,aba
金川范衣库服装销售有限责任公司,0,10.0,10,0,aba
小金县博美建材店（个体工商户）,0,10.0,19,0,aba
小金县罗强蔬菜店（个体工商户）,0,6.0,19,0,aba
小金县楠溪别院民宿旅店（个体工商户）,0,10.0,17,2,aba
金川县顶点酒水经营部（个体工商户）,0,15.0,16,0,aba
小金县沐云山语酒店（个体工商户）,0,5.0,16,2,aba
金川县切央虫草行（个体工商户）,0,5.0,16,0,aba
小金县酒别重逢酒吧（个体工商户）,0,20.0,16,2,aba
小金县尕瓦民宿旅店（个体工商户）,0,5.0,13,2,aba
小金县别有洞天民宿旅店（个体工商户）,0,5.0,13,2,aba
小金县册吉民宿旅店（个体工商户）,0,5.0,13,2,aba
小金县八门民宿旅店（个体工商户）,0,10.0,12,2,aba
金川县澳洁干洗店（个体工商户）,0,10.0,12,3,aba
小金县山野栖宿民宿酒店（个体工商户）,0,5.0,11,2,aba
金川县和谐社区养老服务有限责任公司,0,10.0,9,13,aba
小金县雪凤蔬菜店（个体工商户）,0,2.0,7,0,aba
小金县俊成建筑工程机械租赁站（个体工商户）,0,20.0,5,3,aba
金川正兵餐饮农家乐（个体工商户）,0,5.0,4,2,aba
金川艾尚州际酒店管理有限责任公司,0,10.0,9,2,aba
金川咯尔丹斯建材销售有限公司,0,20.0,10,0,aba
小金县晒坝邓家民宿旅店（个体工商户）,0,10.0,20,2,aba
小金县铂颜化妆品店（个体工商户）,0,8.0,18,0,aba
小金县双子星民宿酒店（个体工商户）,0,50.0,17,2,aba
金川县山河筑城五金销售店（个体工商户）,0,10.0,17,0,aba
小金县阿秋拉尕摄影服务工作室（个体工商户）,0,40.0,16,3,aba
小金县刘三哥副食品批发部（个体工商户）,0,3.0,15,0,aba
小金县丽湖餐饮店（个体工商户）,0,10.0,14,2,aba
小金县山里见民宿旅店（个体工商户）,0,10.0,14,2,aba
金川县富顺茶楼（个体工商户）,0,8.0,7,2,aba
金川县乡里人家农家乐（个体工商户）,0,10.0,4,5,aba
小金县忆星辰民宿旅店（个体工商户）,0,10.0,20,2,aba
小金县升桃副食店（个体工商户）,0,6.0,20,0,aba
小金县诗与远方民宿酒店,0,50.0,19,2,aba
小金县三只熊披萨店（个体工商户）,0,10.0,17,2,aba
金川刘思彤中一铺（个体工商户）,0,1.0,16,3,aba
小金县栖心驿站民宿旅店（个体工商户）,0,10.0,16,2,aba
小金县童趣屋游乐园（个体工商户）,0,4.0,15,6,aba
金川微八台球俱乐部（个体工商户）,0,8.0,11,3,aba
小金县子花家畜养殖场（个体工商户）,0,10.0,7,1,aba
金川县藏吧啦藏餐店（个体工商户）,0,6.0,6,5,aba
小金县嘞德热民宿旅店（个体工商户）,0,10.0,6,2,aba
小金县萨玛民宿旅店（个体工商户）,0,10.0,6,2,aba
小金县姜哥焊接加工店（个体工商户）,0,6.0,6,4,aba
金川建碧汽车配件销售部（个体工商户）,0,2.0,5,5,aba
金川县百顺餐饮农家乐（个体工商户）,0,6.0,4,2,aba
小金县清风澜漪酒吧（个体工商户）,0,30.0,20,2,aba
小金县瑞豪智能酒店（个体工商户）,0,10.0,19,2,aba
小金县蒋国民纺织店（个体工商户）,0,2.0,17,4,aba
小金县九哥民宿旅店（个体工商户）,0,10.0,16,2,aba
小金县赞酱烤肉店（个体工商户）,0,8.0,14,2,aba
小金县零拾哆哆超市（个体工商户）,0,10.0,14,0,aba
小金县鸿途山舍民宿旅店（个体工商户）,0,10.0,14,2,aba
小金县顺康达俊酒店（个体工商户）,0,20.0,13,2,aba
小金县黄家二院农家乐（个体工商户）,0,6.0,12,2,aba
金川县渔窝子餐饮管理有限公司,0,30.0,10,2,aba
金川索郎更作销售经营店（个体工商户）,0,1.0,8,4,aba
小金县泓昌汽修店（个体工商户）,0,10.0,8,3,aba
小金县乐贝儿游乐园（个体工商户）,0,10.0,7,6,aba
金川县信任盲人按摩店（个体工商户）,0,2.0,7,3,aba
小金县三叁得酒酒水吧（个体工商户）,0,3.0,6,4,aba
小金县培吉焊接加工店（个体工商户）,0,5.0,6,4,aba
小金县肯本民宿旅店（个体工商户）,0,10.0,6,2,aba
金川县谢彬货运部（个体工商户）,0,20.0,5,3,aba
金川县诚惠建材经营部（个体工商户）,0,5.0,5,5,aba
小金县嘉贝乐儿童益智游乐园（个体工商户）,0,10.0,20,6,aba
小金县零爱食便利店（个体工商户）,0,8.0,20,0,aba
小金县简居民宿旅店（个体工商户）,0,10.0,19,2,aba
小金县栖花里日化店（个体工商户）,0,10.0,19,0,aba
金川代文秀砂锅店（个体工商户）,1,1.2,19,2,aba
小金县破店烂蹄花餐饮服务店（个体工商户）,0,8.0,19,2,aba
金川县鲜打啤酒体验馆（个体工商户）,0,20.0,18,2,aba
小金县途藏归野民宿旅店（个体工商户）,0,5.0,17,2,aba
小金县雅闲小舍民宿旅店（个体工商户）,0,5.0,17,2,aba
小金县林溪土特产店（个体工商户）,0,66.0,16,0,aba
小金县蔚蓝悦见民宿旅店（个体工商户）,0,20.0,15,2,aba
小金县森栖民宿旅店（个体工商户）,0,10.0,15,2,aba
小金县华君通讯产品店（个体工商户）,0,10.0,14,0,aba
小金县云上部落农家乐（个体工商户）,0,10.0,14,2,aba
小金县飞行天下虚拟现实游戏体验馆（个体工商户）,0,8.0,13,6,aba
小金县达萨美咯民宿旅店（个体工商户）,0,10.0,12,2,aba
金川县爱尔乐农副产品销售有限责任公司,0,5.0,9,0,aba
金川理响设计师造型工作室（个体工商户）,0,8.0,9,3,aba
小金县星浩民宿酒店（个体工商户）,0,5.0,7,2,aba
小金县涛雨劳务服务部（个体工商户）,0,10.0,7,3,aba
小金县四格菜餐饮管理有限责任公司,0,10.0,7,3,aba
小金县馨幽阁民宿酒店（个体工商户）,0,5.0,6,2,aba
小金县泽姐百货店（个体工商户）,0,10.0,6,0,aba
小金县九妹民宿旅店（个体工商户）,0,10.0,6,2,aba
小金县桂荣饲料经营部（个体工商户）,0,5.0,4,5,aba
小金县爆堂演艺酒吧（个人独资）,0,10.0,8,2,aba
小金县牧云小家民宿旅店（个体工商户）,0,15.0,20,2,aba
小金县你情我院民宿旅店（个体工商户）,0,10.0,20,2,aba
小金县半山云宿酒店（个体工商户）,0,10.0,20,2,aba
小金县新豪民宿酒店（个体工商户）,0,10.0,20,2,aba
金川婷瑶好肩颈店（个体工商户）,0,10.0,20,3,aba
小金县益军土特产店（个体工商户）,0,6.0,20,0,aba
金川县山河筑诚货物运输部（个体工商户）,0,10.0,17,5,aba
小金县角度理发店（个体工商户）,0,10.0,15,3,aba
小金县顺扬汽修服务中心（个体工商户）,0,6.0,15,3,aba
小金县谦瑜台球俱乐部（个体工商户）,0,10.0,14,6,aba
小金县夜阑珊酒吧（个体工商户）,1,6.0,14,2,aba
小金县秋吉民宿旅店（个体工商户）,0,10.0,13,2,aba
小金鸿永喆中药材种植专业合作社,0,0.5,9,1,aba
小金县雪英家庭农场（个人独资）,0,50.0,8,1,aba
小金县凤妹理发店（个体工商户）,0,6.0,8,3,aba
小金县城门茶语茶楼坊（个体工商户）,0,5.0,7,6,aba
小金县旭之花民宿旅店（个体工商户）,0,10.0,6,2,aba
小金县小菠萝朝牌服装店（个体工商户）,0,2.0,4,0,aba
小金县云鼎轻奢酒店（个体工商户）,0,10.0,4,2,aba
小金县镧玥民宿旅店（个体工商户）,0,20.0,20,2,aba
金川县这里有个网吧网咖（个人独资）,1,50.0,20,6,aba
小金县人和农家乐（个体工商户）,0,10.0,18,2,aba
小金县田园风情蔬菜店（个体工商户）,0,1.0,16,0,aba
小金县寻野咖啡西餐店（个体工商户）,0,10.0,14,2,aba
小金县军鹏民宿旅店（个体工商户）,0,10.0,14,2,aba
金川树蓉农副产品销售有限公司,0,5.0,9,0,aba
金川县吉员农副产品销售有限责任公司,0,5.0,9,0,aba
小金县屿你咖啡店（个体工商户）,0,5.0,8,2,aba
小金县家协文艺创作工作室（个体工商户）,0,1.0,7,6,aba
金川常来聚烧烤店（个体工商户）,0,2.0,5,2,aba
金川小兵餐饮农家乐（个体工商户）,0,5.0,4,2,aba
小金县正强兽药店,0,9.0,11,0,aba
金川遇见酒馆吧（个体工商户）,0,15.0,20,2,aba
小金县调啤哥酒水批发部（个体工商户）,0,10.0,20,0,aba
小金县江措茶楼坊（个体工商户）,0,10.0,19,2,aba
小金县珍友再生资源回收站（个体工商户）,0,20.0,16,0,aba
小金县张宝氏副食店（个体工商户）,0,10.0,14,0,aba
小金县海珍服装店（个体工商户）,0,3.0,14,4,aba
小金县衣然心动童装专卖店（个体工商户）,0,10.0,14,0,aba
金川日茶夜酒茶馆（个体工商户）,0,3.0,13,2,aba
小金县宇程馨民宿酒店（个体工商户）,0,5.0,12,2,aba
小金县咕噜兽药有限公司,0,10.0,10,0,aba
小金县山茶奶茶店（个体工商户）,0,5.0,9,2,aba
金川县赤色老街旅游开发有限责任公司,0,1.0,9,11,aba
小金县疆域餐饮店（个体工商户）,0,10.0,8,2,aba
小金县李哈三餐饮店（个体工商户）,0,10.0,8,2,aba
小金县山之故里民宿酒店（个体工商户）,0,10.0,7,2,aba
小金县桑朵德吉民宿旅店（个体工商户）,0,10.0,7,2,aba
金川县友才五金锁店（个体工商户）,0,3.0,7,3,aba
金川县克尔玛运输部（个体工商户）,0,20.0,6,5,aba
小金县车理念汽修厂（个体工商户）,0,5.0,6,3,aba
小金县西域餐饮店（个体工商户）,0,10.0,4,2,aba
金川县强身餐饮农家乐（个体工商户）,0,8.0,4,2,aba
小金县佳味江湖酒店（个体工商户）,0,10.0,20,2,aba
小金县晨曦摄影工作室（个体工商户）,0,23.0,20,3,aba
小金县上桥孔兵小吃店（个体工商户）,0,3.0,19,2,aba
小金县志凤土特产店（个体工商户）,0,2.0,19,0,aba
小金县鑫彬民宿旅店（个体工商户）,0,20.0,18,2,aba
小金县小镇烤匠餐饮店（个体工商户）,0,20.0,16,2,aba
小金县甜甜百货店（个体工商户）,0,10.0,15,0,aba
小金县震耀通讯产品店（个体工商户）,0,6.0,15,0,aba
小金县菩雄达舍民宿旅店（个体工商户）,0,10.0,14,2,aba
小金县吉美旺秋运输服务站（个体工商户）,0,10.0,13,5,aba
金川县黑红八台球俱乐部（个体工商户）,0,6.0,13,6,aba
小金县果岭居民宿旅店（个体工商户）,0,10.0,12,2,aba
小金县藏溪雅居民宿旅店（个体工商户）,0,5.0,12,2,aba
金川鑫欣美妆美容店（个体工商户）,0,5.0,4,3,aba
小金县吉理家畜养殖场（个体工商户）,0,45.0,16,1,aba
小金县杨丁再生资源回收站（个体工商户）,0,10.0,16,0,aba
小金县红鼎火锅店（个体工商户）,0,66.0,16,2,aba
小金县仁曾康瓦民宿旅店（个体工商户）,0,10.0,15,2,aba
金川县红明农旅发展有限责任公司,0,1.0,9,11,aba
小金县舒煋再生资源回收店（个体工商户）,0,10.0,7,4,aba
小金县回祥民宿旅店（个体工商户）,0,10.0,7,2,aba
小金县酒典咖啡厅（个体工商户）,0,10.0,6,5,aba
金川县友友塑料经营部（个体工商户）,0,4.0,6,4,aba
小金县嘴嘴香卤菜店（个体工商户）,0,6.0,4,2,aba
金川涌泉民族服饰部（个体工商户）,0,2.0,4,4,aba
小金县平珍民宿酒店（个人独资）,0,30.0,19,2,aba
金川琳刚鲜肉销售铺（个体工商户）,0,10.0,20,0,aba
金川发强鲜肉批发零售店（个体工商户）,0,2.0,20,0,aba
金川赵银匠首饰店（个体工商户）,0,5.0,19,4,aba
小金县世君百货店（个体工商户）,0,3.0,18,0,aba
小金县香满居面食店（个体工商户）,0,2.0,16,2,aba
小金县阿斯满鱼类养殖场（个体工商户）,0,10.0,16,1,aba
小金县沐昕民宿旅店（个体工商户）,0,8.0,15,2,aba
小金县泽翁运输服务站（个体工商户）,0,10.0,13,5,aba
小金县郑二哥货物运输部（个体工商户）,0,10.0,8,5,aba
小金县冯妹民宿旅店（个体工商户）,0,8.0,7,2,aba
小金县莲莲副食店（个体工商户）,0,8.0,7,4,aba
小金县长君货物运输部（个体工商户）,0,10.0,6,5,aba
小金县琼韵溪阁茶楼坊（个体工商户）,0,3.0,4,6,aba
小金县抚琴苑民宿旅店（个体工商户）,0,8.0,20,2,aba
小金县鑫空民宿酒店（个体工商户）,0,10.0,20,2,aba
小金县福恩建材店（个体工商户）,0,30.0,19,0,aba
小金县桐明民宿旅店（个体工商户）,0,10.0,19,2,aba
小金县良居小栖民宿旅店（个体工商户）,0,6.0,19,2,aba
小金县鹏成中药材经营部（个体工商户）,0,20.0,18,0,aba
金川县金色服装店（个体工商户）,0,1.7,17,0,aba
金川县可宸办公店（个体工商户）,0,2.0,15,0,aba
小金县阿古民宿旅店（个体工商户）,0,10.0,12,2,aba
金川县老方桌烂蹄花城南店（个体工商户）,0,30.0,10,4,aba
小金县根才家庭农场（个人独资）,0,5.0,8,1,aba
小金县青衿坊美甲店（个体工商户）,0,6.0,7,3,aba
金川县赞酱餐饮店（个体工商户）,0,50.0,7,2,aba
小金县元贵货物运输部（个体工商户）,0,10.0,7,5,aba
小金县喜理理发店（个体工商户）,0,6.0,7,3,aba
小金县喜越餐饮吧（个体工商户）,0,10.0,7,5,aba
金川县梨园酒店（个体工商户）,0,8.0,6,2,aba
小金县凤羽货物运输部（个体工商户）,0,10.0,6,5,aba
小金县茂碧货物运输部（个体工商户）,0,10.0,5,5,aba
小金县哓庆货运部（个体工商户）,0,10.0,4,5,aba
小金县奴芝美婕服装店（个体工商户）,0,10.0,20,0,aba
小金县云水栈民宿旅店（个体工商户）,0,10.0,18,2,aba
金川县绒投劳务服务部（个体工商户）,1,5.0,15,3,aba
小金县京英厨具店（个体工商户）,1,5.0,8,0,aba
金川知福种植家庭农场（个体工商户）,0,8.0,4,1,aba
金川童年顽家童装店（个体工商户）,0,8.0,20,0,aba
小金县田二哥茶楼坊（个体工商户）,0,2.0,15,2,aba
小金县胖歌餐饮店（个体工商户）,0,10.0,15,2,aba
金川黄利虫草鲜花店（个体工商户）,0,8.0,14,0,aba
小金县春霖民宿旅店（个体工商户）,0,10.0,8,2,aba
金川县向青卓玛烧烤店（个体工商户）,0,10.0,6,2,aba
金川县绿牧养殖场（个体工商户）,0,98.0,6,1,aba
金川耀鑫种植家庭农场（个体工商户）,0,8.0,4,1,aba
金川全翠餐饮农家乐（个体工商户）,0,7.0,4,2,aba
小金县嘉逸运输服务部（个体工商户）,0,5.0,16,5,aba
小金县王七姐日用百货店（个体工商户）,0,10.0,11,0,aba
小金县山行酒店（个体工商户）,0,15.0,8,2,aba
金川吴名川菜馆（个体工商户）,0,5.0,5,2,aba
金川十里农庄农家乐（个体工商户）,0,4.0,4,2,aba
金川牛七婆婆泡椒三绝店（个体工商户）,0,3.0,19,2,aba
小金县枫旭民宿旅店（个体工商户）,0,10.0,18,2,aba
小金县溪畔人家民宿旅店（个体工商户）,0,10.0,16,2,aba
金川鄢米男装店（个体工商户）,0,10.0,15,0,aba
小金县铨英汽修厂（个体工商户）,0,5.0,12,3,aba
小金县锦宸口腔诊所有限公司,0,10.0,10,13,aba
金川县江口农副产品销售有限公司,0,5.0,9,1,aba
金川县古碉农副产品销售有限公司,0,5.0,9,1,aba
金川县嘉绒卓卓服装店（个体工商户）,0,1.0,7,0,aba
金川瑞麟种植家庭农场（个体工商户）,0,8.0,4,1,aba
金川县海岚农资服务药店（个体工商户）,0,3.0,4,1,aba
小金县玉英土特产店（个体工商户）,0,6.0,20,0,aba
金川童年玩具屋（个体工商户）,0,3.0,19,0,aba
小金县洞子口家畜养殖场（个体工商户）,0,10.0,19,1,aba
小金县孝春家畜养殖场（个体工商户）,0,10.0,18,1,aba
小金县良春家畜养殖场（个体工商户）,0,10.0,17,1,aba
小金县玉福餐饮店（个体工商户）,0,6.0,16,2,aba
金川县茸卡塘农副产品销售有限公司,0,5.0,9,0,aba
小金县仕连茶楼坊（个体工商户）,0,6.0,8,2,aba
小金县君澜民宿酒店（个体工商户）,0,6.0,8,2,aba
小金县长远家庭农场（个体工商户）,0,10.0,4,1,aba
金川王青俄玛货物运输部（个体工商户）,0,50.0,20,5,aba
小金县炒老板餐饮店（个体工商户）,1,10.0,19,2,aba
小金县柯清明粮食加工坊（个体工商户）,0,3.0,18,4,aba
小金县缘梦居酒店（个体工商户）,0,10.0,17,2,aba
金川围炉炭火烤肉店（个体工商户）,0,5.0,15,2,aba
小金县红珊瑚鞋业店（个体工商户）,0,10.0,14,0,aba
小金县汪哥货物运输代理部（个体工商户）,0,5.0,8,5,aba
小金县东皓工程机械租赁部（个体工商户）,0,20.0,4,3,aba
小金县恒环装饰设计服务部（个体工商户）,0,10.0,4,9,aba
小金县余贵兵粮食加工坊（个体工商户）,1,2.0,19,4,aba
金川县大清理疗店（个体工商户）,0,2.0,15,3,aba
小金县燕姐茶楼坊（个体工商户）,0,2.0,15,2,aba
金川县亨泰瑞干洗店（个体工商户）,0,2.0,7,3,aba
金川签言签语餐饮店（个体工商户）,0,2.8,19,2,aba
小金县毅翔养殖场（个体工商户）,0,20.0,18,1,aba
金川县酱香酒业有限公司,0,80.0,9,4,aba
金川县阿满嘉绒民族服装店（个体工商户）,0,5.0,6,0,aba
小金县英子副食店（个体工商户）,0,2.0,6,0,aba
金川县拐枣巷小串串店（个体工商户）,0,10.0,6,2,aba
小金县佳顺货运部,0,3.0,15,5,aba
小金县陈三碗餐饮店（个体工商户）,0,10.0,14,2,aba
金川名杨豆花饭店（个体工商户）,0,5.0,10,2,aba
小金县泽胜停车场服务部（个体工商户）,0,20.0,6,3,aba
小金县奢野一宅民宿旅店（个体工商户）,0,6.0,20,2,aba
小金县荣秀家庭农场（个体工商户）,0,10.0,20,1,aba
金川县余长明货运部（个体工商户）,0,50.0,18,5,aba
金川县土什旦货运部（个体工商户）,0,50.0,18,5,aba
小金县友君家庭农场（个体工商户）,0,10.0,18,1,aba
金川县谭姐小饭店（个体工商户）,0,1.0,15,2,aba
金川县梨乡春纯粮窖酒店（个体工商户）,0,6.0,15,0,aba
小金县步步跑腿服务中心（个体工商户）,0,5.0,13,3,aba
小金县吾家闲居民宿旅店（个体工商户）,0,15.0,9,2,aba
小金县川味热卤餐饮店（个体工商户）,0,5.0,7,2,aba
小金县知乎茶楼馆（个体工商户）,0,10.0,6,4,aba
金川县豆花饭店（个体工商户）,0,5.0,6,2,aba
小金县猪脚饭餐饮店（个体工商户）,0,4.0,19,2,aba
金川嘉绒神力劳务部（个体工商户）,0,1.0,16,3,aba
金川蜀大侠火锅店（个体工商户）,0,70.0,14,2,aba
小金县德龙家庭农场（个体工商户）,0,10.0,12,1,aba
小金县鼎泰娱乐中心（个人独资）,0,20.0,7,6,aba
金川县明军停车场（个体工商户）,0,10.0,5,3,aba
金川县梁六妹鲜肉店（个体工商户）,0,10.0,16,0,aba
金川县佳美瓜瓢火锅店（个体工商户）,0,2.0,11,2,aba
金川县李记炭火烧烤店（个体工商户）,0,4.0,6,2,aba
金川老蔡家酒类经营有限公司,0,6.0,9,4,aba
小金县嘉利家民宿酒店（个人独资）,0,10.0,19,2,aba
小金县漫居民宿旅店（个体工商户）,0,10.0,20,2,aba
小金县苟记烤鸭店（个体工商户）,0,6.0,19,4,aba
金川邂逅露营风酒吧（个体工商户）,0,3.0,18,2,aba
金川县正伟货物运输部（个体工商户）,0,3.0,17,5,aba
金川县巴尔姆道路货物运输部（个体工商户）,0,1.0,12,5,aba
小金县大龙洗车场（个体工商户）,0,2.0,19,3,aba
金川张建凤道路货物运输部（个体工商户）,0,3.6,17,5,aba
金川县勒尔木初运输部（个体工商户）,0,20.0,16,5,aba
金川县蜀味轩家常菜店（个体工商户）,0,10.0,13,2,aba
小金县栖木一栈民宿酒店（个体工商户）,0,5.0,12,2,aba
金川烤来烤趣烧烤店（个体工商户）,0,6.0,8,2,aba
金川枫蓝咖啡小馆（个体工商户）,0,2.0,8,2,aba
小金县嘉央牧舍民宿旅店（个体工商户）,0,10.0,4,2,aba
小金县山下有家餐饮店（个体工商户）,0,26.0,20,2,aba
小金县顾里烤吧餐饮店（个体工商户）,0,10.0,20,2,aba
金川县邬金索郎货物运输部（个体工商户）,0,10.0,17,5,aba
小金县白麓桌康民宿旅店（个体工商户）,0,10.0,16,2,aba
金川县罗来国道路货物运输部（个体工商户）,0,30.0,16,5,aba
金川县东女鲜货火锅店（个体工商户）,0,10.0,14,2,aba
小金县尚瘾老火锅店（个体工商户）,1,15.0,12,2,aba
金川渔品川菜馆（个体工商户）,0,10.0,8,2,aba
小金县腊汁夹馍餐饮店（个体工商户）,0,3.0,8,2,aba
金川县小城市井火锅店（个体工商户）,0,1.0,6,2,aba
金川县有享云商店（个体工商户）,0,3.0,6,0,aba
金川县成美餐饮有限责任公司,0,2.0,10,2,aba
小金县拾光院子民宿旅店（个体工商户）,0,10.0,20,2,aba
小金县吉朵奶茶店（个体工商户）,0,5.0,19,4,aba
小金县进凤洗车场（个体工商户）,0,5.0,19,3,aba
金川县达珍俄玛道路货物运输部（个体工商户）,0,4.0,16,5,aba
金川县马来道路货物运输部（个体工商户）,0,3.0,15,5,aba
金川县江江道路货物运输部（个体工商户）,0,1.0,15,5,aba
小金县农二娃孔干饭店（个体工商户）,0,10.0,15,2,aba
金川县川渝卤肉面馆（个体工商户）,0,8.0,12,2,aba
小金县南风北巷酒水吧（个体工商户）,0,8.0,9,4,aba
小金县万顺源酒水馆（个体工商户）,0,10.0,6,4,aba
金川县烧烤部落店（个体工商户）,0,10.0,4,2,aba
小金县星辰泊居民宿酒店（个体工商户）,0,10.0,4,2,aba
金川神百道路货物运输部（个体工商户）,0,5.0,20,5,aba
小金县卤大侠烤鸭店（个体工商户）,0,3.0,19,2,aba
金川县泽让货物运输部（个体工商户）,0,20.0,19,5,aba
金川县玉川道路货物运输部（个体工商户）,0,2.0,16,5,aba
小金县渔味鲜餐饮店（个体工商户）,0,40.0,14,2,aba
小金县霸鱼府火锅店（个体工商户）,0,30.0,14,2,aba
小金县味口加餐饮店（个体工商户）,0,10.0,14,2,aba
小金县上雅鱼府酒店（个体工商户）,0,10.0,13,2,aba
小金县猪耳朵餐饮店（个体工商户）,0,10.0,13,2,aba
小金县陈多多奶茶店（个体工商户）,0,6.0,19,2,aba
小金县锦恒酒店（个体工商户）,0,10.0,19,2,aba
小金县洁欣源民宿旅店（个体工商户）,0,10.0,18,2,aba
小金县今晚吃鸡餐饮店（个体工商户）,0,15.0,18,2,aba
金川县嘉鸿道路运输部（个体工商户）,0,3.5,17,5,aba
小金县歌庄部落餐饮店（个体工商户）,0,10.0,12,2,aba
小金县喜山餐饮店（个体工商户）,0,40.0,12,2,aba
小金县大龙渔府火锅店（个体工商户）,0,25.0,8,2,aba
小金县焰遇唐炭长烧烤店（个体工商户）,0,8.0,6,2,aba
小金县蜀都余味川菜店（个体工商户）,0,10.0,4,2,aba
小金县一味鲜餐饮店（个体工商户）,0,4.0,4,2,aba
小金县与山上河酒店（个体工商户）,0,10.0,20,2,aba
小金县相逢十二月民宿旅店（个体工商户）,0,10.0,19,2,aba
小金县相伴豆花饭店（个体工商户）,0,8.0,16,2,aba
小金县如龙酒类经营部（个体工商户）,0,16.0,16,0,aba
小金县小味面馆餐饮店（个体工商户）,0,6.0,15,2,aba
小金县双椒记忆餐饮店（个体工商户）,0,10.0,14,2,aba
金川县麻辣羊蹄餐饮店（个体工商户）,0,5.0,13,2,aba
小金县笃山糕点坊（个体工商户）,0,15.0,12,4,aba
小金县晓串人家餐饮店（个体工商户）,0,10.0,8,2,aba
小金县穆兰餐饮店（个体工商户）,0,10.0,6,2,aba
金川克伍江货物运输部（个体工商户）,0,5.0,4,5,aba
金川罗黑兰州拉面饭店（个体工商户）,0,2.5,20,2,aba
小金县山里小馆餐饮店（个体工商户）,0,6.0,20,2,aba
小金县田园居民宿旅店（个体工商户）,0,10.0,20,2,aba
金川再见一面刀削面馆（个体工商户）,0,10.0,20,2,aba
小金县归途小舍民宿旅店（个体工商户）,0,10.0,19,2,aba
小金县吉山吉居民宿旅店（个体工商户）,0,15.0,18,2,aba
小金县柴火馍馍餐饮店（个体工商户）,0,2.0,16,2,aba
小金县溪舍民居民宿旅店（个体工商户）,0,10.0,15,2,aba
小金县朱家大院民宿旅店（个体工商户）,0,10.0,14,2,aba
小金县山野千里民宿旅店（个体工商户）,0,10.0,13,2,aba
小金县壹创猪脚饭餐饮店（个体工商户）,1,6.0,13,2,aba
小金县隆江猪脚饭餐饮店（个体工商户）,0,4.0,8,2,aba
金川桥头内江卤菜店（个体工商户）,0,0.5,8,2,aba
小金县九州香菜餐饮店（个体工商户）,0,10.0,8,2,aba
小金县云度民宿旅店（个体工商户）,0,10.0,8,2,aba
小金县再见一面餐饮店（个体工商户）,0,10.0,8,2,aba
小金县钓渔府餐饮店（个体工商户）,0,10.0,7,2,aba
小金县杨四姐饭店（个体工商户）,0,6.0,6,2,aba
小金县江上石磨鱼饭店（个体工商户）,0,3.0,5,2,aba
小金县家味星厨餐饮店（个体工商户）,0,10.0,5,2,aba
小金县趣亦喜餐饮店（个体工商户）,0,10.0,18,2,aba
金川县一二三蛋糕屋（个体工商户）,0,10.0,18,2,aba
小金县利珍民宿旅店（个体工商户）,0,10.0,17,2,aba
金川阿楠道路运输部（个体工商户）,0,3.0,17,5,aba
金川县果特道路运输部（个体工商户）,0,5.0,16,5,aba
小金县杰宇民宿旅店（个体工商户）,0,10.0,15,2,aba
小金县香喷喷食品店（个体工商户）,1,8.0,15,0,aba
小金县驼哥民宿旅店（个体工商户）,0,10.0,15,2,aba
小金县食客驿站餐饮店（个体工商户）,0,5.0,15,2,aba
小金县牛滋味火锅店（个体工商户）,0,20.0,14,2,aba
小金县巴尖鲍鱼串串店（个体工商户）,0,5.0,14,2,aba
小金县林懋民宿旅店（个体工商户）,0,10.0,13,2,aba
小金县林韵山居民宿旅店（个体工商户）,0,5.0,13,2,aba
金川县牛培刚运输部（个体工商户）,0,1.0,7,5,aba
金川县拾光小园（个体工商户）,0,8.0,4,2,aba
金川县冰泉尔康泉水销售有限公司,0,5.0,6,0,aba
小金县达娃酱食品店（个体工商户）,0,10.0,20,4,aba
小金县花甜喜茶楼坊（个体工商户）,0,10.0,20,2,aba
金川王迁清真小吃店（个体工商户）,0,1.0,19,2,aba
金川富强道路运输部（个体工商户）,0,5.0,18,5,aba
金川县诚楠农家豆花店（个体工商户）,0,2.0,16,2,aba
小金县寻味记餐饮店（个体工商户）,0,10.0,15,2,aba
金川县容易饭店（个体工商户）,0,5.0,14,2,aba
小金县山舍民宿旅店（个体工商户）,0,5.0,13,2,aba
小金县西遇伊品餐饮店（个体工商户）,0,10.0,8,2,aba
小金县爱慧民宿酒店（个体工商户）,0,5.0,8,2,aba
小金县沈二娃餐饮店（个体工商户）,0,6.0,7,2,aba
金川县瑞康兽药有限公司,0,10.0,6,4,aba
金川祥武货运部（个体工商户）,0,1.0,6,5,aba
金川县土豆驾到店（个体工商户）,0,4.0,4,2,aba
小金县半山度民宿旅店（个体工商户）,0,10.0,20,2,aba
金川建彬货物运输部（个体工商户）,0,10.0,20,5,aba
金川得林茜域美食店（个体工商户）,0,6.0,16,2,aba
小金县好大碗餐饮店（个体工商户）,0,7.0,15,2,aba
小金县面先生餐饮店（个体工商户）,1,8.0,15,2,aba
小金县留香坡餐饮店（个体工商户）,0,10.0,13,2,aba
小金县尹掌柜餐饮店（个体工商户）,0,6.0,13,2,aba
小金县石锅快餐店（个体工商户）,0,20.0,12,2,aba
小金县仙谷饭店（个体工商户）,0,10.0,8,2,aba
小金县聚仙缘餐饮店（个体工商户）,0,8.0,7,2,aba
小金县忆往昔餐饮店（个体工商户）,0,3.0,6,2,aba
小金县正彤货物运输经营部（个体工商户）,0,10.0,6,5,aba
小金县军嫂餐饮店（个体工商户）,0,10.0,5,2,aba
金川仁真道路运输部（个体工商户）,0,5.0,20,5,aba
金川蛙鲜生餐饮店（个体工商户）,0,3.0,20,2,aba
小金县本地白酒坊（个体工商户）,0,10.0,19,4,aba
小金县好牛一碗餐饮店（个体工商户）,0,6.0,18,2,aba
小金县日果冷觉民宿旅店（个体工商户）,0,10.0,17,2,aba
小金县鼎记香餐饮店（个体工商户）,0,10.0,16,2,aba
小金县川屿民宿酒店（个体工商户）,0,10.0,15,2,aba
小金县黄三姐餐饮店（个体工商户）,0,6.0,15,2,aba
小金县尖金餐饮店（个体工商户）,0,5.0,14,2,aba
小金县遇见归宿民宿旅店（个体工商户）,0,10.0,14,2,aba
小金县永生餐饮店（个体工商户）,0,6.0,13,2,aba
小金县苟家大院民宿旅店（个体工商户）,0,5.0,12,2,aba
小金县兰师餐饮店（个体工商户）,0,10.0,12,2,aba
小金县益西运输服务站（个体工商户）,0,6.0,11,5,aba
小金县酱酒酒类经营部（个体工商户）,0,10.0,8,4,aba
金川县扎西家咖啡馆（个体工商户）,0,5.0,7,2,aba
金川县青国运输部（个体工商户）,0,8.0,4,5,aba
金川杨慧货物运输部（个体工商户）,0,6.0,4,5,aba
金川县康康小吃店（个体工商户）,1,5.0,15,2,aba
小金县德琼小吃店（个体工商户）,0,5.0,14,2,aba
小金县王婧餐饮店（个体工商户）,0,3.0,9,2,aba
金川县福蓉运输部（个体工商户）,0,5.0,7,5,aba
小金县鸡鱼火锅店（个体工商户）,0,10.0,6,2,aba
小金县一碗香餐饮店（个体工商户）,0,6.0,5,2,aba
小金县景发货运部（个体工商户）,0,10.0,4,5,aba
小金县抚边乡祥伟货运部（个体工商户）,0,6.0,4,5,aba
小金县藏客恋酒吧,0,4.0,20,2,aba
金川县阿若奶茶店（个体工商户）,0,6.0,16,2,aba
金川县万木春医疗诊所（个体工商户）,1,10.0,8,13,aba
小金县清龙餐饮店（个体工商户）,0,3.0,6,2,aba
小金县客满多餐饮店（个体工商户）,0,10.0,6,2,aba
小金县事举货物运输部（个体工商户）,0,6.0,6,5,aba
小金县鑫航货运部（个体工商户）,0,8.0,4,5,aba
金川县鑫源运输部（个体工商户）,0,5.0,4,5,aba
金川县敏敏面馆店（个体工商户）,0,3.0,16,2,aba
金川县香味园川菜馆（个体工商户）,0,1.0,16,2,aba
金川阳贵货物运输部（个体工商户）,0,5.0,15,5,aba
小金县阿初餐饮店（个体工商户）,0,5.0,14,2,aba
小金县信桃烧烤店（个体工商户）,0,3.0,7,2,aba
小金县绿林风迹旅店（个体工商户）,0,6.0,19,2,aba
金川县伍记小笼包店（个体工商户）,0,8.0,7,2,aba
金川本建道路运输部（个体工商户）,0,10.0,19,5,aba
金川早之肴小吃店（个体工商户）,0,5.0,15,2,aba
金川面王小吃店（个体工商户）,0,1.68,15,2,aba
小金县彪彪烧烤店（个体工商户）,0,2.0,18,2,aba
小金县润琳餐饮店（个体工商户）,0,2.0,14,2,aba
金川县雍记小吃店（个体工商户）,0,4.0,13,2,aba
金川兴凤小吃店（个体工商户）,0,1.0,14,2,aba
小金县林林餐饮店（个体工商户）,0,3.0,13,2,aba
阿坝州方寸物业管理有限公司,0,58.0,18,12,aba
阿坝起源好物商贸有限责任公司,0,60.0,15,0,aba
阿坝州娇娇商贸有限公司,0,60.0,14,0,aba
阿坝明途汽车服务有限公司,1,50.0,18,3,aba
理县昕元广告工作室（个体工商户）,0,50.0,16,3,aba
理县金晟劳务有限责任公司,0,50.0,16,3,aba
阿坝州龙盛商贸有限公司,0,50.0,14,0,aba
茂县佳晟劳务有限公司,0,50.0,13,3,aba
川牧塬（阿坝州）种养殖有限公司,0,50.0,11,1,aba
阿坝州学思通教育科技有限公司,0,50.0,10,6,aba
理县上孟近山旅游服务有限公司,0,50.0,9,3,aba
理县米亚罗近山民宿经营管理有限公司,0,50.0,9,3,aba
阿坝州谷瑞农业科技有限公司,0,50.0,8,9,aba
茂县胜忠农业技术服务有限公司,0,50.0,7,9,aba
阿坝宏盛商贸有限公司,0,50.0,6,0,aba
阿坝州鑫峰工程机械有限公司,0,30.0,15,3,aba
阿坝利虹建筑劳务有限公司,0,30.0,19,7,aba
茂县杰晟建筑劳务有限公司,0,30.0,15,7,aba
理县和美商业运营管理有限公司,0,30.0,9,3,aba
茂县潮臻文化传媒有限公司,0,30.0,7,6,aba
茂县田园牧歌农产品专业合作社,0,30.0,4,1,aba
茂县弘鼎果蔬种植专业合作社,0,20.0,20,1,aba
四川锡安山电子商务有限公司,0,20.0,12,0,aba
阿坝州惠民乐居装修工程有限责任公司,0,20.0,11,7,aba
茂县云洪机械租赁站（个体工商户）,0,20.0,11,3,aba
阿坝州瑞禾农业科技有限公司,0,20.0,7,9,aba
茂县安瑞达商贸有限公司,0,20.0,6,0,aba
茂县茂立机械租赁站（个体工商户）,0,20.0,4,3,aba
茂县蔡明再生资源回收有限公司,0,2.0,9,0,aba
阿坝州星茂再生资源回收有限公司,0,10.0,13,0,aba
茂县辉安建筑工程有限公司,0,10.0,6,0,aba
茂县勒都建筑材料有限公司,0,2.0,19,0,aba
阿坝州羌都建筑劳务有限公司,0,10.0,18,7,aba
阿坝州虫洞文化旅游开发有限责任公司,1,10.0,18,3,aba
阿坝州理县通化乡通化村供销合作社有限公司,0,2.0,18,1,aba
理县只吃山里货种养殖农民专业合作社,0,10.0,18,1,aba
茂县源鸿广告设计服务部（个体工商户）,0,10.0,17,3,aba
阿坝州星途传媒有限公司,0,10.0,16,6,aba
茂县茂州汽车租赁有限责任公司,0,12.0,16,3,aba
茂县茹果农业发展有限公司,0,10.0,15,1,aba
茂县鸿鼎环保科技有限公司,0,5.0,15,8,aba
四川华芯创智科技有限公司,0,5.0,14,9,aba
茂县尔玛俊丰种养殖专业合作社,0,10.0,12,1,aba
四川超亿科技有限公司,0,3.0,12,9,aba
阿坝州威师智慧教育科技有限公司,0,0.1,10,6,aba
阿坝州茂惠科技开发有限公司,0,10.0,9,5,aba
阿坝州睿智培教健康管理有限公司,0,10.0,9,13,aba
茂县致远广告传媒部（个体工商户）,0,10.0,8,3,aba
四川阳垚农业科技有限公司,0,10.0,8,9,aba
茂县凯力机械维修部（个体工商户）,0,5.0,8,4,aba
理县豫鑫五金机电供应站（个体工商户）,0,10.0,8,4,aba
阿坝州兴茂商务服务有限公司,0,5.0,4,3,aba
四川西部阳光康之养文旅有限公司,0,10.0,4,11,aba
四川德茂福盛再生资源回收有限责任公司,0,5.0,12,2,aba
阿坝蜀大刀餐饮管理有限公司,0,60.0,10,3,aba
理县羌山蜜宝农业专业合作社,0,50.0,17,1,aba
茂县明杰建筑材料有限公司,0,10.0,13,4,aba
茂县鑫园百货副食经营店（个体工商户）,0,5.0,8,10,aba
茂县大熊副食百货经营店（个体工商户）,0,5.0,8,10,aba
茂县飞扬汽车服务有限公司,0,5.0,10,3,aba
阿坝州新进商贸有限公司,0,50.0,8,0,aba
阿坝州燕语轻柔农业科技有限公司,0,30.0,8,9,aba
茂县智全星耀商贸有限责任公司,0,5.0,6,0,aba
四川智文商业运营管理有限责任公司,0,75.0,15,3,aba
阿坝川羌灵韵商贸有限责任公司,1,1.0,15,0,aba
理县卓睿广告部（个体工商户）,0,5.0,8,3,aba
茂县纳基寨跨水产养殖专业合作社,0,12.0,5,1,aba
四川创立亿新物流科技有限公司,0,15.0,9,5,aba
阿坝州者舍互娱文化创意有限公司,0,20.0,6,6,aba
四川永聚消防科技有限公司,0,10.0,11,7,aba
理县实建建材销售部（个体工商户）,0,10.0,7,0,aba
理县旭莉果蔬种植专业合作社,0,50.0,18,1,aba
茂县故乡羌家食品有限公司,0,50.0,19,4,aba
阿坝州佳骏国际贸易有限公司,0,20.0,9,0,aba
理县康正利康药房（个人独资）,0,5.0,18,0,aba
茂县亿典装饰工程有限公司,0,20.0,14,7,aba
茂县川蜜脆种植有限公司,0,50.0,4,1,aba
阿坝州茂县羌风情农业有限责任公司,0,50.0,19,1,aba
茂县欣发通讯设备有限公司,0,30.0,6,0,aba
阿坝州启鑫再生资源回收有限公司,0,60.0,4,4,aba
润进（茂县）商务服务有限责任公司,0,10.0,20,3,aba
理县沐云涧酒店管理有限公司,0,5.0,11,2,aba
理县达洋建材销售部（个体工商户）,0,10.0,11,0,aba
四川强农中草药种植有限责任公司,0,30.0,9,1,aba
四川欣耀酒店管理有限责任公司,0,10.0,15,3,aba
茂县梓豪家庭农场（个人独资）,0,30.0,13,1,aba
茂县美食廉食品经营部（个体工商户）,0,1.0,19,0,aba
四川启虹铭诚建设项目管理有限公司,0,20.0,8,9,aba
茂县辉顺建材经营部（个体工商户）,0,5.0,17,0,aba
茂县人和品牌管理有限责任公司,0,5.0,20,3,aba
茂县百顺建材经营部（个体工商户）,0,5.0,17,0,aba
茂县盛禾广告设计中心（个体工商户）,0,2.0,18,3,aba
茂县天益品牌管理有限责任公司,0,5.0,20,3,aba
四川省阿坝茂县腾达广茂汽车销售服务有限责任公司,0,80.0,20,0,aba
茂县兴华环境卫生服务有限公司,0,10.0,15,11,aba
茂县汇昇门窗有限公司,0,3.0,15,0,aba
茂县建傲机械租赁有限公司,0,50.0,19,3,aba
茂县辉创新能源汽车充电服务有限公司,0,10.0,15,0,aba
茂县绿禾商贸有限公司,0,80.0,13,0,aba
阿坝州山峪叁电子商务有限公司,0,30.0,10,0,aba
茂县煜城商贸有限责任公司,0,20.0,6,0,aba
茂县宏展建材经营部（个体工商户）,0,10.0,8,0,aba
茂县绿沐源电子商务有限公司,0,10.0,13,0,aba
理县尚善信息科技有限公司,0,10.0,8,9,aba
茂县全又家超市（个体工商户）,0,5.0,5,0,aba
理县广柔种养殖专业合作社,0,80.0,12,1,aba
四川阿坝叶子食品贸易有限责任公司,0,10.0,7,0,aba
理县泽睿滑雪体育场馆管理经营部（个体工商户）,0,1.0,8,6,aba
理县龙一药房（个人独资）,0,5.0,5,0,aba
茂县羌运汽车租赁有限公司,0,5.0,10,3,aba
阿坝州高地生物科技有限公司,0,50.0,4,1,aba
四川省藏羌甄选商贸有限责任公司,1,1.0,15,0,aba
茂县合创科技有限公司,0,20.0,12,9,aba
茂县永泽恩沐生态园林绿化有限公司,0,5.0,7,7,aba
茂县田源农产品商贸有限责任公司,0,30.0,15,1,aba
茂县永盛商贸有限公司,0,50.0,10,0,aba
理县盛达家庭农场（个人独资）,0,50.0,5,1,aba
茂县炜彤便利店（个体工商户）,0,60.0,4,0,aba
四川阿坝州羌城笛韵客运有限责任公司,0,10.0,16,5,aba
茂县智慧柚子财税服务有限责任公司,0,50.0,13,3,aba
茂县马幺哥肉铺牦牛肉销售有限责任公司,0,10.0,17,0,aba
茂县红红医疗器械经营铺（个人独资）,0,3.0,7,13,aba
阿坝州木亚格传媒有限公司,0,10.0,7,3,aba
理县格绒种养殖专业合作社,0,60.0,13,1,aba
四川康源轩食品有限公司,0,10.0,8,4,aba
茂县盛和商贸有限公司,0,30.0,10,0,aba
阿坝州越众建筑劳务有限公司,0,60.0,9,7,aba
茂县六六工程机械租赁有限公司,0,70.0,20,3,aba
理县兵胜酒店管理有限公司,0,20.0,8,2,aba
茂县鑫洋建筑劳务有限公司,0,66.0,16,7,aba
理县皓邦机械租赁有限公司,0,50.0,20,3,aba
茂县曼季克文化娱乐有限公司,0,10.0,15,6,aba
四川理代无忧企业管理咨询有限公司,1,20.0,13,3,aba
理县加姆平措商务信息咨询服务部（个体工商户）,0,1.0,17,3,aba
阿坝州羌牧商贸有限公司,0,30.0,11,0,aba
茂县腾翔商贸有限公司,0,40.0,16,0,aba
理县山脚坝中蜂养殖专业合作社,0,5.0,13,1,aba
四川旭晨缘食品有限责任公司,0,3.0,4,4,aba
阿坝州绿生源农产品销售有限责任公司,0,60.0,17,0,aba
茂县小景牦牛肉销售有限公司,0,50.0,10,0,aba
茂县城德建材经营部（个体工商户）,0,2.0,13,0,aba
理县五屯民俗文化工作室（个体工商户）,0,3.0,8,6,aba
理县山谷霁月民宿（个体工商户）,0,5.0,11,2,aba
茂县鑫达建材销售经营部（个体工商户）,0,5.0,18,0,aba
理县久赐机械租赁有限公司,0,50.0,19,3,aba
理县云顶纳山生态观光农业农民专业合作社,0,9.0,14,1,aba
理县纳窝瀛盛牦牛养殖农民专业合作社,0,28.0,11,1,aba
茂县慧之美医疗美容诊所有限公司,0,3.0,11,3,aba
茂县络小护家用电器销售铺（个体工商户）,0,2.0,19,0,aba
阿坝州理县吉理餐饮管理有限公司,0,50.0,14,3,aba
茂县青云建筑工程机械租赁有限公司,0,50.0,7,3,aba
茂县至诚商贸有限公司,1,50.0,10,0,aba
茂县盛源商贸有限责任公司,0,80.0,10,0,aba
茂县玉涵商贸有限公司,0,80.0,10,0,aba
茂县小文家高原土特产店（个体工商户）,0,8.8,16,0,aba
理县吉轮机械租赁经营部（个体工商户）,0,10.0,11,3,aba
茂县航翔五金机电经营部（个体工商户）,0,50.0,8,4,aba
理县速盖达家庭农场（个体工商户）,0,30.0,8,1,aba
理县辰航机械租赁经营部（个体工商户）,0,10.0,7,3,aba
理县顺江机械租赁经营部（个体工商户）,0,10.0,8,3,aba
茂县新一品装修材料经营部（个体工商户）,0,1.0,4,7,aba
理县永诚汽车维修服务有限责任公司,0,20.0,15,0,aba
茂县晨曦机械租赁站（个体工商户）,0,5.0,17,3,aba
茂县吉速运输有限公司,0,5.0,14,5,aba
茂县浩屿寄卖行（个体工商户）,0,5.0,14,0,aba
理县乡品汇农副产品经营部（个体工商户）,0,5.0,8,1,aba
茂县金康医疗救援服务有限公司,0,10.0,12,13,aba
理县盛和机械租赁经营部（个体工商户）,0,10.0,20,3,aba
理县振扬机械租赁经营部（个体工商户）,0,10.0,20,3,aba
茂县原来农产品店（个体工商户）,0,2.0,15,0,aba
理县桃坪叁壹柒营地佳山觅果民宿（个体工商户）,0,10.0,12,2,aba
理县顺建机械租赁经营部（个体工商户）,0,10.0,6,3,aba
茂县红红按摩店（个体工商户）,0,10.0,4,3,aba
四川人人好诊所有限责任公司,0,50.0,13,13,aba
阿坝理县玖安物流有限公司,0,50.0,6,5,aba
阿坝州尔玛醉小二酒业有限责任公司,0,10.0,12,0,aba
阿坝州初心财税服务有限公司,0,50.0,17,3,aba
茂县富茂车用电器中心（个体工商户）,0,10.0,7,4,aba
理县沐瑞工程管理服务部（个体工商户）,0,10.0,6,9,aba
茂县云豹体育文化推广有限公司,0,10.0,15,6,aba
阿坝州速达餐饮配送有限公司,0,3.0,8,2,aba
茂县芯达办公用品经营部（个体工商户）,0,5.0,18,0,aba
阿坝州茂县农旺农业发展有限公司,0,30.0,4,1,aba
茂县星辉汽车租赁有限公司,0,50.0,10,3,aba
茂县志贵商贸有限公司,0,10.0,10,0,aba
茂县优佳百货超市（个体工商户）,0,10.0,18,0,aba
阿坝州初心农副产品商贸有限公司,0,10.0,6,15,aba
茂县云府乐多生活超市（个体工商户）,0,15.0,16,0,aba
茂县安逸羌居客栈有限责任公司,0,0.1,16,2,aba
四川省薇霞通信有限责任公司,0,5.0,13,0,aba
茂县捷诚电气经营部（个体工商户）,0,10.0,19,0,aba
茂县爱码电动车经营部（个体工商户）,0,9.0,20,0,aba
理县强盛人合农业技术推广专业合作社,0,50.0,19,9,aba
茂县半岛乐多生活超市（个体工商户）,0,15.0,16,0,aba
理县惠白丽生活超市（个体工商户）,0,60.0,12,0,aba
四川弟松商贸有限公司,0,50.0,8,0,aba
理县农汉运输有限公司,0,10.0,4,5,aba
茂县天武家电经营部（个体工商户）,0,10.0,20,0,aba
理县鹏众农业技术推广专业合作社,0,50.0,19,9,aba
阿坝州业昭餐饮管理有限公司,0,80.0,8,3,aba
茂县羌山逸舍酒店有限公司,0,50.0,15,2,aba
茂县弘毅气体销售有限公司,0,20.0,10,8,aba
茂县众诚健康咨询服务部（个体工商户）,0,10.0,5,3,aba
理县宇诚酒店用品商行（个体工商户）,0,50.0,4,2,aba
茂县花花小宠宠物美容服务店（个体工商户）,0,1.0,12,3,aba
茂县兔喜便利店（个体工商户）,0,2.0,8,0,aba
茂县吉之光旅行社有限公司,0,30.0,15,3,aba
茂县天权环保科技有限公司,0,3.0,6,11,aba
茂县宗国蔬菜水果店（个体工商户）,0,2.0,4,0,aba
理县中新燃燃料燃具经营部（个体工商户）,0,80.0,19,0,aba
茂县企链通特色农产品商贸店（个体工商户）,0,3.0,15,0,aba
茂县左记餐饮管理有限公司,0,50.0,6,3,aba
茂县杨心平装饰工程部（个体工商户）,0,50.0,20,7,aba
理县正味源食品经营部（个体工商户）,0,10.0,4,0,aba
理县谭云富特产副食超市（个体工商户）,0,4.0,8,0,aba
茂县瑶晨驿站货物运输代理铺（个体工商户）,0,3.0,5,5,aba
茂县牧园食品经营部（个体工商户）,0,10.0,19,0,aba
理县康婧电器经营部（个体工商户）,0,10.0,16,0,aba
理县兵兵货运部（个体工商户）,0,30.0,18,5,aba
理县候哥货运部（个体工商户）,0,30.0,18,5,aba
茂县新俊宇后勤管理有限公司,0,10.0,8,3,aba
理县嘉恒运输有限公司,0,10.0,7,5,aba
理县明鑫货运部（个体工商户）,0,30.0,18,5,aba
理县顺君货运部（个体工商户）,0,30.0,18,5,aba
理县招兵货运部（个体工商户）,0,30.0,18,5,aba
茂县吉虎农副产品配送部（个体工商户）,0,5.0,19,5,aba
理县剑哥货运部（个体工商户）,0,30.0,18,5,aba
茂县五龙休息区超市（个体工商户）,1,20.0,18,0,aba
茂县威利再生资源回收有限公司,0,5.0,8,0,aba
理县顺运建筑劳务有限公司,0,18.0,12,7,aba
理县泽拉民宿（个体工商户）,0,10.0,8,2,aba
理县迅耕农业经营部（个体工商户）,0,1.0,7,1,aba
茂县盛鑫酒水商贸有限公司,0,10.0,19,0,aba
理县日甲巴伍肉牛养殖有限公司,0,30.0,12,1,aba
茂县一家上城豪庭超市（个体工商户）,0,10.0,5,0,aba
茂县茂家商务信息咨询有限公司,0,10.0,12,3,aba
理县稀奇购物中心（个体工商户）,0,7.0,11,0,aba
茂县鑫福副食百货经营店（个体工商户）,0,5.0,8,10,aba
茂县鲜品园食品销售经营店（个体工商户）,1,50.0,19,0,aba
阿坝州融辉物流有限公司,0,20.0,4,5,aba
茂县鸿朝劳务部（个体工商户）,0,5.0,18,3,aba
茂县青青艾灸保健按摩服务馆（个体工商户）,0,2.0,18,3,aba
茂县晶威酒店（个体工商户）,0,2.0,17,2,aba
茂县茂州品味餐饮服务有限责任公司,0,10.0,10,2,aba
理县幸福里民宿（个体工商户）,0,50.0,15,2,aba
茂县兴一居商贸有限公司,0,10.0,8,0,aba
阿坝州麦果商贸有限责任公司,0,10.0,16,0,aba
理县梦幻星辰民宿（个体工商户）,0,50.0,5,2,aba
茂县茂缘土特产商贸有限公司,0,10.0,9,0,aba
茂县点点利超市（个体工商户）,0,5.0,15,0,aba
理县恒泰机械租业中心（个体工商户）,0,70.0,7,3,aba
茂县宇浩商贸有限公司,0,50.0,6,0,aba
茂县明辉装饰材料销售部（个体工商户）,0,2.0,16,0,aba
理县藏域净土商贸行（个体工商户）,1,10.0,12,1,aba
茂县勤耘果蔬种植农民专业合作社,0,1.0,7,1,aba
阿坝州中运物流有限公司,0,20.0,4,5,aba
茂县顺新冶金材料有限公司,0,10.0,18,0,aba
理县安中百租赁部（个体工商户）,0,70.0,20,3,aba
茂县正当时家教咨询服务中心（个体工商户）,0,4.5,16,3,aba
理县西羌藏羌特产汇经营部（个体工商户）,0,10.0,12,4,aba
茂县尔玛家藏羌土特产店（个体工商户）,0,10.0,11,0,aba
理县较场记忆文化体验馆（个体工商户）,0,10.0,9,2,aba
茂县乡坝菜中餐馆（个体工商户）,0,12.0,8,2,aba
茂县森丰农业服务有限公司,0,10.0,6,1,aba
茂县凡星果蔬中心（个体工商户）,0,2.0,16,0,aba
茂县壹柒网络服务经营部（个体工商户）,0,10.0,16,10,aba
理县寒寨家庭农场（个体工商户）,0,50.0,15,1,aba
理县心安便利店（个体工商户）,0,1.0,6,0,aba
茂县浩宇体育经纪俱乐部（个体工商户）,0,3.0,5,6,aba
茂县宏伟装饰部（个体工商户）,0,5.0,16,0,aba
茂县得利超市（个体工商户）,0,1.0,18,0,aba
茂县一点当寄卖行（个体工商户）,0,5.0,16,0,aba
四川沣堃商贸有限公司,0,50.0,6,4,aba
茂县阿进农产品经营部（个体工商户）,0,2.0,14,0,aba
理县水韵基石建材有限公司,1,50.0,13,0,aba
茂县祥睿养殖家庭农场（个体工商户）,0,50.0,13,1,aba
茂县汇千劳务服务有限公司,0,1.0,20,3,aba
茂县欢欢托育园托育服务有限责任公司,0,10.0,18,3,aba
茂县佳收农资经营部（个体工商户）,0,5.0,12,0,aba
理县宏啸农业技术推广专业合作社,0,50.0,7,9,aba
理县强瑞劳务农民专业合作社,0,5.0,7,3,aba
茂县尔玛俊丰塑料包装厂（个体工商户）,0,8.0,7,4,aba
理县云上青耕家庭农场（个体工商户）,0,30.0,5,1,aba
茂县南新镇九顶劳务专业合作社,0,20.0,20,1,aba
茂县晨兴食品饮料批发部（个体工商户）,0,4.0,20,0,aba
茂县远通商贸有限责任公司,0,10.0,15,0,aba
理县卓邸康钦民宿（个体工商户）,0,10.0,8,2,aba
理县阿鸿国源民宿（个体工商户）,0,38.0,6,2,aba
茂县富顺镇旭建劳务专业合作社,0,20.0,20,1,aba
茂县尚妹副食店（个体工商户）,0,10.0,20,0,aba
茂县西西里服装店（个体工商户）,0,1.0,16,4,aba
理县米亚罗天天鲜超市（个体工商户）,0,50.0,15,0,aba
理县藏馨民宿（个体工商户）,0,80.0,13,2,aba
茂县添胜寄卖行（个体工商户）,0,2.0,11,14,aba
茂县古羌犇牛小吃店（个体工商户）,0,2.0,10,2,aba
理县顺利副食店（个体工商户）,0,5.0,6,0,aba
茂县中新燃燃气经营部（个体工商户）,0,10.0,20,0,aba
茂县高红喜日用品店（个体工商户）,0,1.0,16,0,aba
茂县云朵茶府茶楼店（个体工商户）,0,10.0,14,6,aba
理县乡缘农副产品经营部（个体工商户）,0,5.0,13,0,aba
茂县珅鲜水果经营部（个体工商户）,0,10.0,10,0,aba
茂县汇贝商贸有限公司,1,1.0,14,0,aba
茂县成德蔬菜批发部（个体工商户）,0,10.0,8,0,aba
茂县良驹汽车销售有限公司,0,50.0,15,0,aba
茂县回乡渡假村饭店（个体工商户）,0,5.0,17,2,aba
茂县禹乡居民宿旅店（个体工商户）,0,40.0,13,2,aba
茂县喜结良缘婚庆用品经营店（个体工商户）,0,2.0,7,0,aba
茂县嘉杨道路运输服务部（个体工商户）,0,10.0,6,5,aba
理县珍尝饭店（个体工商户）,0,32.0,20,2,aba
茂县尊豪台球俱乐部（个体工商户）,0,50.0,13,6,aba
茂县凤仪镇绿源劳务专业合作社,0,20.0,20,1,aba
茂县诚职劳务部（个体工商户）,0,1.0,19,3,aba
理县林然度假民宿（个体工商户）,0,45.0,18,2,aba
茂县仿古石器日用品铺（个体工商户）,0,2.0,16,0,aba
茂县孙家超市店（个体工商户）,0,5.0,15,0,aba
茂县元气兽美容护理馆（个体工商户）,0,2.0,14,3,aba
茂县布谷鸟房产中介服务有限公司,0,6.0,13,12,aba
茂县格满初山货店（个体工商户）,0,10.0,10,0,aba
茂县光伍水果经营部（个体工商户）,0,10.0,10,0,aba
理县巴郎服务站（个体工商户）,0,15.0,8,0,aba
茂县玉宏种植家庭农场（个体工商户）,0,60.0,6,1,aba
四川欣语旅游有限责任公司,0,50.0,6,2,aba
理县康桑林商务咨询服务中心部（个体工商户）,0,1.0,6,10,aba
茂县凯顺养殖家庭农场（个体工商户）,0,50.0,20,1,aba
茂县谭家院民宿酒店（个体工商户）,0,10.0,16,2,aba
理县翔瑞五金机械隧道物资经营部（个体工商户）,0,10.0,12,0,aba
茂县福林民宿旅店（个体工商户）,0,50.0,10,2,aba
茂县千里走单骑电气销售站（个体工商户）,0,7.0,6,0,aba
理县维新网络科技有限公司,0,10.0,5,10,aba
茂县赵家果蔬园（个体工商户）,0,2.0,20,0,aba
茂县新苗托育服务有限公司,0,10.0,19,3,aba
茂县佳诚电器经营部（个体工商户）,0,10.0,19,0,aba
茂县田野山中家庭农场（个体工商户）,0,15.0,19,1,aba
理县广福机械租赁经营部（个体工商户）,0,3.0,18,3,aba
茂县火用劳务服务部（个体工商户）,0,5.0,6,3,aba
理县京梦租赁经营部（个体工商户）,0,60.0,5,3,aba
茂县荣海日用品经营部（个体工商户）,0,1.0,20,0,aba
茂县盛鑫烟酒商行（个体工商户）,0,5.0,19,0,aba
茂县羌城小苑餐饮店（个体工商户）,0,20.0,10,2,aba
茂县零小鸣副食百货经营店（个体工商户）,0,10.0,10,0,aba
理县黑八台球俱乐部（个体工商户）,0,35.0,20,6,aba
茂县上云居民宿酒店（个体工商户）,0,50.0,18,2,aba
理县心悦孟乡民宿（个体工商户）,0,50.0,17,2,aba
四川省童乐托育服务有限公司,0,10.0,17,3,aba
茂县云逸山水民宿旅店（个体工商户）,0,5.0,14,2,aba
理县共创劳务经济专业合作社,0,7.0,9,3,aba
茂县茶茶巫奶茶店（个体工商户）,0,5.0,8,4,aba
茂县德茂寄卖行（个体工商户）,0,9.0,8,0,aba
茂县海龙种植家庭农场（个体工商户）,0,20.0,4,1,aba
茂县华凯民宿酒店（个体工商户）,0,60.0,4,2,aba
理县鸿源机械租赁经营部（个体工商户）,0,10.0,20,3,aba
理县真资然销售店（个体工商户）,0,2.0,15,0,aba
理县黄阿姐服装鞋帽店（个体工商户）,0,5.0,8,0,aba
理县阿啧啧云云店（个体工商户）,0,3.0,8,0,aba
阿坝茂县沐歌文化娱乐有限公司,0,50.0,7,6,aba
理县嘉绒悦歌汇酒吧（个体工商户）,0,40.0,6,4,aba
理县山野民居酒店有限公司,1,60.0,14,2,aba
茂县雄召农副产品经营部（个体工商户）,0,80.0,7,0,aba
理县云栖山语民宿（个体工商户）,0,50.0,17,2,aba
茂县伶伶日用品经销店（个体工商户）,1,1.0,16,0,aba
理县三鲜销售店（个体工商户）,0,2.0,15,0,aba
茂县花间铺子经营部（个体工商户）,0,2.0,9,2,aba
茂县羌山脆苹果种植家庭农场（个体工商户）,0,50.0,8,1,aba
茂县清泉民宿（个体工商户）,0,70.0,7,2,aba
理县杨三姐便利店（个体工商户）,0,2.0,4,0,aba
理县春辉藏羌雕刻工艺部（个体工商户）,0,5.0,16,6,aba
茂县绿满家园土特产经营部（个体工商户）,0,0.5,16,0,aba
理县佳盛超市（个体工商户）,0,10.0,14,0,aba
理县鼎阳鹿归民宿（个体工商户）,0,50.0,14,2,aba
茂县启幕劳务服务部（个体工商户）,0,80.0,11,11,aba
理县舒燕工程机械租赁服务部（个体工商户）,0,5.0,9,3,aba
茂县鸿运通讯部（个体工商户）,0,5.0,6,10,aba
茂县扬羊再生资源回收站（个体工商户）,0,50.0,5,4,aba
茂县启荣家禽宰杀行（个体工商户）,0,20.0,20,4,aba
茂县树红日用百货经营店（个体工商户）,0,1.0,16,0,aba
茂县汪达饲料销售店（个体工商户）,0,50.0,15,0,aba
茂县焱爷铁锅甲鱼店（个体工商户）,1,50.0,15,2,aba
茂县好果子农产品经营部（个体工商户）,0,2.0,12,0,aba
茂县牧城家庭农场（个体工商户）,0,80.0,8,1,aba
茂县忠强黄牛养殖家庭农场（个体工商户）,0,50.0,8,1,aba
茂县清明种植家庭农场（个体工商户）,0,50.0,18,1,aba
理县乾江工程机械租赁站（个体工商户）,0,10.0,15,3,aba
茂县众聚酒店管理有限公司,0,5.0,14,3,aba
茂县云茂里民宿旅店（个体工商户）,0,15.0,14,2,aba
茂县静瑜副食店（个体工商户）,0,2.0,9,0,aba
茂县回乡土特产超市（个体工商户）,0,5.0,8,0,aba
茂县虹运通讯部（个体工商户）,0,20.0,4,10,aba
茂县品味农家餐饮服务有限责任公司,1,10.0,11,2,aba
理县迅捷通讯店（个体工商户）,0,1.0,19,10,aba
茂县志强劳务部（个体工商户）,1,5.0,18,3,aba
茂县小张养殖场（个体工商户）,0,10.0,16,1,aba
茂县新诚农产品经营部（个体工商户）,0,10.0,14,4,aba
理县羌人永鑫家庭农场（个体工商户）,0,10.0,5,0,aba
理县凉台沟雪山民宿（个体工商户）,0,60.0,5,2,aba
茂县药安劳务部（个体工商户）,0,5.0,18,3,aba
茂县约清劳务部（个体工商户）,0,5.0,18,3,aba
茂县世海劳务部（个体工商户）,0,5.0,18,3,aba
茂县庆洪劳务部（个体工商户）,0,5.0,18,3,aba
茂县雯雯副食零售亭（个体工商户）,0,5.0,16,0,aba
茂县先进农副产品铺（个体工商户）,0,2.0,16,0,aba
茂县友缘居民宿酒店（个体工商户）,0,50.0,15,2,aba
理县孟屯嘉康洗洁店（个体工商户）,0,90.0,14,3,aba
茂县杨家果园种植家庭农场（个体工商户）,0,50.0,12,1,aba
茂县微微土特产店（个体工商户）,0,5.0,12,0,aba
理县圣耀汽车租赁服务有限公司,0,40.0,10,3,aba
理县羌味云宿酒店（个体工商户）,0,30.0,4,2,aba
理县鹿林雅舍民宿（个体工商户）,0,10.0,4,2,aba
理县上孟林妹通讯中心（个体工商户）,0,1.0,20,0,aba
茂县木子日杂用品店（个体工商户）,0,5.0,16,0,aba
茂县国海家庭农场（个体工商户）,0,30.0,15,1,aba
理县小泽的院子民宿（个体工商户）,0,80.0,15,2,aba
茂县岷羌茶肆茶楼店（个体工商户）,0,5.0,8,10,aba
茂县军强中医诊所（个体工商户）,0,5.0,7,13,aba
茂县金马香猪养殖场（个体工商户）,0,40.0,7,1,aba
茂县合众兴农劳务专业合作社,0,1.4,7,1,aba
理县财吉田源民宿（个体工商户）,0,8.0,6,2,aba
茂县花财鲜花店（个体工商户）,0,5.0,4,0,aba
茂县卓玛木舍民宿旅店（个体工商户）,0,36.0,4,2,aba
理县川西小卖部（个体工商户）,0,2.0,4,0,aba
理县长廊休闲有限公司,0,10.0,5,2,aba
茂县平平劳务部（个体工商户）,0,5.0,18,3,aba
茂县山里好种植家庭农场（个体工商户）,0,50.0,16,1,aba
理县扎西郎家庭农场（个体工商户）,0,5.0,14,1,aba
茂县薪安达运输经营部（个体工商户）,0,6.0,7,5,aba
茂县花小小炒米粉店（个体工商户）,0,15.0,7,2,aba
理县王建文牦牛批发店（个体工商户）,0,5.0,7,0,aba
理县宜涵民宿（个体工商户）,0,2.0,7,2,aba
茂县陈氏冷冻食品经营部（个体工商户）,0,5.0,6,4,aba
茂县兴广种植家庭农场（个体工商户）,0,60.0,5,1,aba
理县羌家红姐民宿（个体工商户）,0,30.0,19,2,aba
理县云庆运输服务部（个体工商户）,0,5.0,16,5,aba
茂县细口家庭农场（个体工商户）,0,50.0,16,1,aba
茂县逸舍羌山民宿旅店（个体工商户）,0,10.0,15,2,aba
茂县清龙家政服务中心（个体工商户）,0,1.5,15,3,aba
理县毕棚沟路边烧烤店（个体工商户）,0,50.0,14,2,aba
茂县途乐汽车养护中心（个体工商户）,0,40.0,6,3,aba
茂县香香日用品经营店（个体工商户）,0,0.1,5,0,aba
茂县瑞浩建筑材料经营部（个体工商户）,0,5.0,19,0,aba
茂县黄涛鸡公煲店（个体工商户）,0,6.0,18,2,aba
理县汪小妹农副产品店（个体工商户）,0,5.0,16,1,aba
茂县锦玲珠宝首饰铺（个体工商户）,0,8.0,16,4,aba
茂县创娃文具店（个体工商户）,0,6.0,16,0,aba
理县梦缘机械租赁站（个体工商户）,0,30.0,14,3,aba
理县四季有时小孙服饰店（个体工商户）,0,5.0,12,0,aba
茂县煜煜超市（个体工商户）,0,10.0,10,0,aba
茂县起航劳务服务店（个体工商户）,0,8.0,7,3,aba
理县风玲山谷民宿（个体工商户）,0,90.0,6,2,aba
理县川西高原土特产店（个体工商户）,0,5.0,6,0,aba
茂县汇民机动车驾驶培训有限公司,0,50.0,6,6,aba
茂县喜乐迷鹿花园鲜花园（个体工商户）,0,5.0,5,11,aba
茂县寒梅日用品部（个体工商户）,0,5.0,20,0,aba
理县鹏燕机械租赁部（个体工商户）,0,50.0,19,3,aba
理县伟龙客栈（个体工商户）,0,50.0,18,2,aba
茂县卓越台球部（个体工商户）,0,30.0,18,6,aba
理县闲逸山庄民宿（个体工商户）,0,60.0,17,2,aba
理县益启玩文具店（个体工商户）,0,3.0,16,0,aba
茂县斌哥种植家庭农场（个体工商户）,0,50.0,16,1,aba
茂县雨馨家庭农场（个体工商户）,0,50.0,16,1,aba
茂县鲜优果果水果零售店（个体工商户）,0,15.0,16,0,aba
茂县龙坪何氏家禽经营店（个体工商户）,0,20.0,15,0,aba
理县旭友汇吉勒玛饭店（个体工商户）,0,8.0,9,2,aba
茂县启明星劳务服务部（个体工商户）,0,10.0,7,3,aba
茂县飞蝶烟花爆竹经营部（个体工商户）,0,10.0,6,0,aba
茂县大鹏装饰建材部（个体工商户）,0,10.0,6,0,aba
茂县山里寒舍民宿酒店（个体工商户）,0,80.0,18,2,aba
茂县诗琴花艺店（个体工商户）,0,4.0,14,0,aba
理县风雅婷民宿（个体工商户）,0,80.0,13,2,aba
茂县豪爽养殖家庭农场（个体工商户）,0,10.0,10,1,aba
理县众成汽修店（个体工商户）,0,10.0,7,3,aba
茂县山居工作美甲美妆店（个体工商户）,0,3.0,7,3,aba
茂县花宠坊鲜花店（个体工商户）,0,5.0,7,11,aba
理县阿称果蔬店（个体工商户）,0,2.0,4,0,aba
茂县唐氏广福记干拌冒菜店（个体工商户）,0,2.0,19,2,aba
茂县滑雪主体酒店（个体工商户）,0,80.0,18,2,aba
理县清欢阁民宿（个体工商户）,0,90.0,18,2,aba
茂县小碧农产品经营铺（个体工商户）,0,1.0,18,0,aba
理县建马劳务服务经营部（个体工商户）,0,10.0,17,3,aba
理县山水间民宿（个体工商户）,0,60.0,16,2,aba
茂县国浩种植家庭农场（个体工商户）,0,50.0,16,1,aba
茂县龙姐藏羌农产品批发店（个体工商户）,0,5.0,16,0,aba
理县小周农家果园（个体工商户）,0,2.0,14,1,aba
茂县灶上鲜肝腰合炒中餐馆（个体工商户）,0,50.0,8,2,aba
茂县增利种植家庭农场（个体工商户）,0,50.0,7,1,aba
茂县品汇食品批发部（个体工商户）,0,1.0,7,0,aba
茂县逸锐建筑工程经营部（个体工商户）,0,10.0,6,7,aba
茂县安舒熏道美容保健店（个体工商户）,0,18.0,20,3,aba
茂县王二小面馆（个体工商户）,0,30.0,19,2,aba
理县扬亮货运部（个体工商户）,0,30.0,19,5,aba
理县运美货运部（个体工商户）,0,30.0,19,5,aba
茂县羌山湾儿土特产经营部（个体工商户）,0,10.0,19,0,aba
理县藏云阁民宿（个体工商户）,0,50.0,18,2,aba
茂县含锶养殖家庭农场（个体工商户）,0,80.0,17,1,aba
理县安都民宿（个体工商户）,0,60.0,16,2,aba
茂县淇淇日杂用品店（个体工商户）,0,2.0,16,4,aba
茂县小妹种植家庭农场（个体工商户）,0,28.0,14,1,aba
茂县九街淑芬掌中宝串串店（个体工商户）,0,10.0,12,2,aba
茂县捌零玖超市（个体工商户）,0,10.0,10,0,aba
茂县徐记牛肉铜锅馆（个体工商户）,1,2.0,9,2,aba
茂县梅梅道路运输服务部（个体工商户）,0,4.0,7,5,aba
茂县柒二四小酒馆（个体工商户）,0,20.0,4,2,aba
理县益洁一次性餐具店（个体工商户）,0,10.0,4,3,aba
茂县今喜婚庆礼仪策划店（个体工商户）,0,5.0,4,3,aba
茂县静水副食超市（个体工商户）,0,18.0,20,0,aba
茂县博越文具店（个体工商户）,0,1.0,18,0,aba
茂县团哆哆副食零售店（个体工商户）,0,10.0,18,0,aba
理县贵群手工牛肉面馆（个体工商户）,0,3.0,18,2,aba
理县文东劳务服务经营部（个体工商户）,0,10.0,17,3,aba
理县桑吉本高原牦牛杂火锅店（个体工商户）,0,5.0,17,2,aba
茂县贵安机械租赁部（个体工商户）,0,5.0,16,3,aba
理县诺心岛民宿（个体工商户）,0,10.0,16,2,aba
茂县柯尔曼初颜生活美容咨询服务中心（个体工商户）,0,8.0,15,3,aba
茂县红枫文具店（个体工商户）,0,5.0,14,0,aba
茂县奇远食品经营部（个体工商户）,0,10.0,14,0,aba
茂县泽丽种养殖家庭农场（个体工商户）,0,70.0,13,1,aba
理县绿硕农产品销售有限公司,0,10.0,13,0,aba
茂县珺妍瑞美容店（个体工商户）,0,6.0,8,3,aba
理县杰慧机械租赁经营部（个体工商户）,0,50.0,8,5,aba
茂县兴建彩钢经营部（个体工商户）,0,15.0,5,0,aba
理县福秀家庭农场（个体工商户）,0,50.0,4,1,aba
茂县文姐现捞卤菜经营店（个体工商户）,0,2.0,20,4,aba
理县浪漫飞丝美发店（个体工商户）,0,3.0,20,3,aba
理县亚诺劳务服务经营部（个体工商户）,0,10.0,17,3,aba
理县康建劳务服务经营部（个体工商户）,0,10.0,17,3,aba
茂县魅骊服装销售店（个体工商户）,0,5.0,16,0,aba
茂县来力台球俱乐部（个体工商户）,0,2.0,15,6,aba
茂县豪丽民宿酒店（个体工商户）,0,40.0,15,2,aba
茂县川渝味牛杂血旺餐饮服务馆（个体工商户）,0,8.0,15,2,aba
茂县加会种植家庭农场（个体工商户）,1,1.0,13,1,aba
理县孟氏手工艺制作坊（个体工商户）,0,10.0,12,4,aba
茂县尘净种植家庭农场（个体工商户）,0,3.0,20,1,aba
茂县御茂园水果店（个体工商户）,0,10.0,19,0,aba
茂县德军土特产经营店（个体工商户）,0,2.0,17,0,aba
理县通建劳务服务经营部（个体工商户）,0,10.0,17,3,aba
理县建功建筑劳务经营部（个体工商户）,0,10.0,17,3,aba
理县强立劳务服务经营部（个体工商户）,0,10.0,17,3,aba
理县清馨幽舍民宿（个体工商户）,0,70.0,16,2,aba
茂县久玖家庭农场（个体工商户）,0,20.0,16,1,aba
理县放牛娃商贸行（个体工商户）,0,5.0,16,0,aba
茂县永刚不锈钢加工经营店（个体工商户）,0,2.0,15,4,aba
理县鑫航俱乐部（个体工商户）,0,70.0,15,6,aba
茂县芙蓉冒菜家乡菜店（个体工商户）,0,2.0,14,2,aba
茂县文轩小筑民宿酒店（个体工商户）,0,20.0,14,2,aba
茂县茂野农产品销售店（个体工商户）,0,0.1,12,0,aba
茂县不凡教育咨询有限责任公司,0,5.0,11,3,aba
茂县辉煌中药材种植场（个体工商户）,0,20.0,9,1,aba
理县睿通机械租赁部（个体工商户）,0,80.0,8,3,aba
理县欣博家庭农场（个体工商户）,0,20.0,8,1,aba
茂县海兰养殖家庭农场（个体工商户）,0,30.0,7,1,aba
理县周记家具坊（个体工商户）,0,5.0,7,0,aba
茂县茂益养殖家庭农场（个体工商户）,0,20.0,4,1,aba
茂县西羌源石石材工艺品经营店（个体工商户）,0,5.0,20,0,aba
茂县万姐日用品经营部（个体工商户）,0,1.0,20,0,aba
茂县特色牛肉面馆（个体工商户）,1,2.0,17,2,aba
理县浩建劳务服务经营部（个体工商户）,0,10.0,17,3,aba
理县小林藏家民宿（个体工商户）,0,50.0,17,2,aba
理县启禾工程管理工作室（个体工商户）,0,30.0,16,3,aba
茂县多多乐便利店（个体工商户）,0,6.0,15,0,aba
理县树回庭院民宿（个体工商户）,0,20.0,10,2,aba
理县旭红饲料经营部（个体工商户）,0,10.0,8,0,aba
理县优理有你百货店（个体工商户）,0,2.0,8,0,aba
理县格西严木初货运部（个体工商户）,0,10.0,7,5,aba
理县鸿荣机械设备租赁部（个体工商户）,0,50.0,20,3,aba
理县凤鑫民宿（个体工商户）,0,30.0,18,2,aba
理县木尼净地民宿（个体工商户）,0,50.0,16,2,aba
茂县盐帮卤匠卤菜店（个体工商户）,0,10.0,14,0,aba
理县三味藏羌土特产店（个体工商户）,0,4.0,8,0,aba
理县国浩货运部（个体工商户）,0,26.0,8,3,aba
茂县亿家乐超市（个体工商户）,0,5.0,7,0,aba
茂县安良种植家庭农场（个体工商户）,0,7.0,7,1,aba
茂县粗茶淡饭餐饮店（个体工商户）,0,10.0,6,2,aba
茂县鑫金羌寨商贸行（个体工商户）,0,2.0,4,4,aba
茂县尚饮农副产品店（个体工商户）,0,18.0,19,4,aba
茂县赵大姐劳保用品经营店（个体工商户）,0,3.0,18,0,aba
茂县有冒有冒菜店（个体工商户）,1,2.0,16,2,aba
茂县福顺气体有限公司,0,20.0,16,0,aba
理县易成通讯店（个体工商户）,0,20.0,15,3,aba
茂县德茂家常菜店（个体工商户）,0,5.0,15,15,aba
茂县佳欣门窗经营部（个体工商户）,0,5.0,15,15,aba
茂县佳兴超市（个体工商户）,0,3.0,8,0,aba
茂县润雅阁茶楼坊（个体工商户）,0,30.0,8,2,aba
茂县章师麻将机经营部（个体工商户）,0,5.0,8,0,aba
理县程氏农资经营部（个体工商户）,0,5.0,8,1,aba
茂县品名牯火锅店（个体工商户）,0,20.0,8,2,aba
茂县七姐牛杂小吃店（个体工商户）,0,3.0,8,2,aba
茂县纯真种植家庭农场（个体工商户）,0,15.0,4,1,aba
茂县家雍便利店（个体工商户）,0,6.0,19,0,aba
理县穆智勇机械租赁部（个体工商户）,0,30.0,18,3,aba
茂县云羌民宿酒店（个体工商户）,0,5.0,16,2,aba
理县杂玛民宿（个体工商户）,0,50.0,16,2,aba
茂县一面一味早餐店（个体工商户）,0,10.0,16,2,aba
茂县天辰建筑工程机具租赁站（个体工商户）,0,10.0,8,3,aba
茂县十部粮仓劳务专业合作社,0,1.2,7,1,aba
茂县蜀湘曹氏鸭脖店（个体工商户）,0,5.0,7,2,aba
理县荣小菊饲料销售店（个体工商户）,0,5.0,5,0,aba
理县村里屋（个体工商户）,0,5.0,4,2,aba
茂县科兴电器店（个体工商户）,0,15.0,4,0,aba
茂县康师副食零售部（个体工商户）,0,4.0,19,0,aba
茂县闽富五金建材经营部,0,5.0,18,0,aba
理县亮晶晶酒店用品服务部（个体工商户）,0,40.0,15,3,aba
茂县星睿副食日杂店（个体工商户）,0,5.0,14,0,aba
理县琳兰蓉一品副食批发店（个体工商户）,0,5.0,7,0,aba
茂县惠众小农种植家庭农场（个体工商户）,0,10.0,4,1,aba
理县兴红阿芳水果店（个体工商户）,0,2.0,20,0,aba
茂县通达货物运输部（个体工商户）,0,40.0,20,5,aba
茂县乐喜超市（个体工商户）,0,8.0,18,0,aba
理县藏地山舍民宿（个体工商户）,0,6.1,18,2,aba
茂县华锦建筑工程机械租赁部（个体工商户）,0,5.0,16,3,aba
茂县全中种植家庭农场（个体工商户）,0,20.0,16,1,aba
茂县云熙小苑民宿旅店（个体工商户）,0,20.0,14,2,aba
茂县婷婷信息咨询服务部（个体工商户）,0,10.0,10,2,aba
茂县莱凤鱼火锅店（个体工商户）,0,45.0,8,2,aba
茂县芸溪悦舍民宿（个体工商户）,0,60.0,8,2,aba
理县石上居民宿（个体工商户）,0,9.0,7,2,aba
理县妍肤美学美容美甲店（个体工商户）,0,10.0,5,3,aba
茂县茂风民宿旅店（个体工商户）,0,9.0,5,2,aba
茂县酒趣酒吧（个体工商户）,0,20.0,4,4,aba
理县袁永明货物运输经营部（个体工商户）,0,5.0,4,2,aba
理县乐伍机械租赁部（个体工商户）,0,30.0,19,3,aba
茂县高尚铜锅老火锅店（个体工商户）,1,12.0,18,2,aba
茂县霞军磊养殖家庭农场（个体工商户）,0,20.0,17,1,aba
茂县江湖醉客烧烤店（个体工商户）,0,26.0,16,2,aba
茂县运德货运部（个体工商户）,0,50.0,16,5,aba
理县一道桥饭店（个体工商户）,0,5.0,13,2,aba
茂县小梦保健用品信息咨询服务店（个体工商户）,0,5.0,9,3,aba
茂县英富种植家庭农场（个体工商户）,0,10.0,7,1,aba
理县王雄兵货运部（个体工商户）,0,13.0,6,5,aba
茂县米线爱上馄沌小吃店（个体工商户）,0,4.0,6,4,aba
理县归悦民宿（个体工商户）,0,30.0,6,2,aba
理县九子屯河坝饭店（个体工商户）,0,6.0,6,2,aba
理县红景天土特产商店（个体工商户）,0,1.0,5,0,aba
茂县手上功夫茶楼（个体工商户）,0,45.0,4,6,aba
茂县东大街烟花爆竹零售经营部（个体工商户）,0,3.0,20,0,aba
理县格巴设备租赁经营部（个体工商户）,0,3.0,20,3,aba
茂县风范建材经营部（个体工商户）,0,3.0,19,0,aba
茂县怡佳仁零嘴副食超市店（个体工商户）,0,7.0,19,0,aba
理县垚垚专业皮肤管理中心（个体工商户）,1,12.0,19,3,aba
茂县云隐里民宿酒店（个体工商户）,0,8.0,16,2,aba
茂县藤锦烟花爆竹零售店（个体工商户）,0,3.0,16,0,aba
理县瑞发机械租赁有限责任公司,0,10.0,15,3,aba
理县鱼乐悠逸养殖场（个体工商户）,0,60.0,11,1,aba
理县伊莱媄美容养生会所店（个体工商户）,0,20.0,6,3,aba
茂县文武贝通讯服务部（个体工商户）,0,1.0,4,10,aba
理县胜辉机械租赁部（个体工商户）,0,20.0,20,3,aba
茂县巷子里面面馆（个体工商户）,1,5.0,20,2,aba
理县鑫垚建材批发部（个体工商户）,0,10.0,19,0,aba
茂县自兴种植家庭农场（个体工商户）,0,10.0,18,1,aba
茂县瀚海农资经营部（个体工商户）,0,10.0,16,0,aba
茂县酒香涞烧烤店（个体工商户）,0,18.0,16,2,aba
理县孟屯乡间人家民宿（个体工商户）,0,30.0,15,2,aba
理县可乐家生态果园（个体工商户）,0,10.0,14,0,aba
茂县火焰烧烤店（个体工商户）,0,5.0,14,2,aba
茂县石海杰食品店（个体工商户）,0,2.0,13,0,aba
理县熊大土特产店（个体工商户）,0,8.0,12,0,aba
茂县阿春小吃店（个体工商户）,0,1.0,7,2,aba
茂县娟娟劳务服务部（个体工商户）,0,0.18,7,3,aba
理县斯嘉依驿站（个体工商户）,0,2.0,5,2,aba
茂县鑫茂汽修厂（个体工商户）,0,40.0,5,3,aba
茂县拓爱种植家庭农场（个体工商户）,0,5.0,4,1,aba
茂县何福文蔬果园（个体工商户）,0,10.0,4,1,aba
茂县旺达节能炉具经营部（个体工商户）,0,10.0,20,4,aba
茂县开心农产品经营部（个体工商户）,0,12.0,19,0,aba
茂县长吉物流信息咨询服务站（个体工商户）,0,2.0,18,5,aba
茂县李锋工程机械配件经营部（个体工商户）,0,10.0,17,0,aba
茂县邓记牛肉汤锅店（个体工商户）,0,5.0,16,2,aba
茂县翊碗好面小吃店（个体工商户）,0,8.6,15,2,aba
茂县好又哆粮油副食经营店（个体工商户）,0,3.0,15,0,aba
茂县云上小筑民宿旅店（个体工商户）,0,4.0,14,2,aba
理县永刚机械租赁部（个体工商户）,0,30.0,6,3,aba
茂县花时间花汇鲜花店（个体工商户）,0,2.0,5,0,aba
茂县焱爷铁锅甲鱼餐饮店（个体工商户）,0,8.0,5,2,aba
茂县杨哥烤肉拌饭馆（个体工商户）,0,5.0,5,2,aba
茂县初心爱家种植家庭农场（个体工商户）,0,20.0,4,1,aba
茂县蒸蒸日上小吃店（个体工商户）,0,10.0,4,2,aba
理县渔州川菜馆（个体工商户）,0,15.0,4,2,aba
茂县世代茶府店（个体工商户）,0,80.0,18,2,aba
茂县国友蔬菜零售站（个体工商户）,0,1.0,16,0,aba
茂县壹品小龙虾店（个体工商户）,1,3.0,15,2,aba
茂县羌民种植农场（个体工商户）,0,3.0,15,1,aba
理县麦朵菜园店（个体工商户）,0,1.0,14,0,aba
理县嘉绒驿站民宿（个体工商户）,0,80.0,12,2,aba
茂县龙记蜀味川香面馆（个体工商户）,0,6.0,12,2,aba
理县安然新居民宿（个体工商户）,0,30.0,12,2,aba
茂县茂汶尚杰种植家庭农场（个体工商户）,0,23.0,7,1,aba
茂县邹姐缝纫店（个体工商户）,0,1.0,4,4,aba
茂县泽军养殖家庭农场（个体工商户）,0,20.0,4,1,aba
茂县晟阳汽车修理厂（个体工商户）,0,2.0,19,3,aba
理县宋菊明机械租赁部（个体工商户）,0,5.0,19,3,aba
茂县雪时酒店（个体工商户）,0,5.0,19,2,aba
茂县世兰机械租赁部（个体工商户）,0,5.0,16,3,aba
茂县听风民宿酒店（个体工商户）,0,16.0,16,2,aba
茂县海边特色小吃店（个体工商户）,0,2.0,15,2,aba
茂县董小女且美甲美睫店（个体工商户）,0,1.0,9,3,aba
茂县顽牛火锅店（个体工商户）,0,25.0,8,2,aba
茂县袁三姐便利店（个体工商户）,0,1.0,8,0,aba
茂县建伟种植家庭农场（个体工商户）,0,20.0,7,1,aba
理县叁缘茶楼（个体工商户）,0,50.0,6,2,aba
茂县万花工程机械租赁部（个体工商户）,0,5.0,6,3,aba
理县康成货物运输部（个体工商户）,0,18.0,5,5,aba
茂县宋风食舍餐厅（个体工商户）,0,5.0,4,2,aba
茂县铭图精洗汽车清洗服务铺（个体工商户）,0,2.0,20,3,aba
茂县茂洁洗涤部（个体工商户）,0,10.0,19,3,aba
理县余明飞租赁部（个体工商户）,0,15.0,19,3,aba
茂县老羌寨餐饮店（个体工商户）,0,30.0,18,2,aba
茂县明阳建材供应部（个体工商户）,0,3.0,18,0,aba
茂县宇宸通讯设备销售店（个体工商户）,0,10.0,18,0,aba
理县自由峡谷营地中心（个体工商户）,0,20.0,18,2,aba
茂县瑞瑞种植家庭农场（个体工商户）,0,15.0,17,1,aba
茂县发军苗木种植家庭农场（个体工商户）,0,20.0,14,1,aba
理县豪阁茶楼（个体工商户）,0,12.0,13,2,aba
茂县炭火故事烧烤店（个体工商户）,0,10.0,12,2,aba
理县川西社自驾游中心（个体工商户）,0,1.0,10,2,aba
茂县徐记牛肉铜锅店（个体工商户）,0,3.0,8,2,aba
理县卓然药材经营部（个体工商户）,0,20.0,7,1,aba
茂县八壹桥面馆（个体工商户）,0,5.0,5,2,aba
茂县大羌铜锅餐饮馆（个体工商户）,0,20.0,20,2,aba
茂县醉初酒水吧（个体工商户）,0,20.0,20,0,aba
茂县云顶冰泉桶装矿泉水店（个体工商户）,0,5.0,20,0,aba
茂县吾麦来面馆（个体工商户）,0,10.0,19,2,aba
理县米亚罗热恩机械租赁部（个体工商户）,0,30.0,19,3,aba
茂县永红货运部（个体工商户）,0,10.0,19,5,aba
茂县悦齐通信工作室（个体工商户）,0,2.0,18,10,aba
理县海圆小卖部（个体工商户）,0,10.0,17,0,aba
茂县凹立友汽车维修店（个体工商户）,0,10.0,12,3,aba
茂县云遥种植家庭农场（个体工商户）,0,4.0,9,1,aba
茂县花姐姐妹烧烤店（个体工商户）,0,5.0,8,2,aba
茂县挞挞面小吃店（个体工商户）,0,2.0,8,2,aba
茂县唐兵再生资源回收店（个体工商户）,0,1.0,7,4,aba
茂县丰成农资经营部（个体工商户）,0,10.0,6,1,aba
茂县老成嘟杂酱面馆（个体工商户）,0,6.0,6,2,aba
茂县全信饲料销售店,0,8.0,20,0,aba
茂县雅尚足浴中心（个体工商户）,0,30.0,19,3,aba
茂县凌威通讯服务部（个体工商户）,0,10.0,19,10,aba
理县幸福喜乐琴行（个体工商户）,0,5.0,16,0,aba
茂县鑫禧面馆餐饮服务店（个体工商户）,0,2.0,16,2,aba
茂县食在赞米粉店（个体工商户）,1,10.0,16,2,aba
茂县抖小碗餐饮店（个体工商户）,0,15.0,16,2,aba
茂县好足意修足店（个体工商户）,0,3.0,14,3,aba
茂县林辉便利店（个体工商户）,0,5.0,10,0,aba
茂县攀攀劳务服务部（个体工商户）,0,6.0,8,3,aba
茂县安银种植家庭农场（个体工商户）,0,2.0,7,1,aba
茂县小海煤炭经营部（个体工商户）,0,5.0,7,0,aba
理县小丁汽修厂（个体工商户）,0,10.0,6,3,aba
茂县四喜圆子汤锅店（个体工商户）,0,5.0,6,2,aba
茂县食惠烧烤店（个体工商户）,0,8.0,5,2,aba
茂县欢来福手工鲜饺店（个体工商户）,0,10.0,4,2,aba
茂县友家生鲜超市（个体工商户）,0,10.0,4,0,aba
茂县口味虾馆（个体工商户）,0,5.0,4,2,aba
茂县昌春副食店（个体工商户）,0,1.0,20,0,aba
茂县羊滋味汤锅店（个体工商户）,0,20.0,20,2,aba
茂县江湖建筑工程机械租赁部（个体工商户）,0,2.0,19,3,aba
茂县拾柒服装销售店（个体工商户）,1,1.0,19,0,aba
茂县蜀他牛牦牛汤锅店（个体工商户）,0,5.0,19,2,aba
茂县杨嫂子碗碗香火锅店（个体工商户）,1,2.0,18,2,aba
理县醉酿时光商贸部（个体工商户）,0,6.0,18,0,aba
茂县东门停车场服务场（个体工商户）,0,6.0,16,5,aba
茂县普罗旺斯服装店（个体工商户）,0,10.0,16,0,aba
理县小寨生活民宿（个体工商户）,0,6.0,15,2,aba
茂县水巷子渣渣面小吃店（个体工商户）,0,8.0,14,2,aba
理县德蕊农副产品店（个体工商户）,0,2.0,8,0,aba
茂县金睿钢材销售经营部（个体工商户）,1,2.0,8,4,aba
理县彩琼果树家庭农场（个体工商户）,0,1.0,7,1,aba
茂县艾慕婚纱摄影店（个体工商户）,0,3.0,6,3,aba
茂县佳味手工面馆（个体工商户）,0,4.0,5,2,aba
茂县坤氏烤肉拌饭店（个体工商户）,0,15.0,5,2,aba
理县清溪民宿（个体工商户）,0,5.0,4,2,aba
理县品富新能源植物油经营部（个体工商户）,0,5.0,4,4,aba
茂县泡椒铁瓢米线店（个体工商户）,0,10.0,4,2,aba
茂县幸福松鼠副食店（个体工商户）,0,3.0,20,0,aba
茂县极地台球店（个体工商户）,0,10.0,19,6,aba
茂县优品优质汽车配件销售店（个体工商户）,0,10.0,16,0,aba
茂县小朱家美甲店（个体工商户）,0,10.0,14,3,aba
茂县绿优种植家庭农场（个体工商户）,0,30.0,13,1,aba
茂县朋聚茶楼府（个体工商户）,0,3.0,13,2,aba
理县蒋师加气补胎店（个体工商户）,0,10.0,13,3,aba
茂县鑫轩阁餐饮店（个体工商户）,0,15.0,12,2,aba
茂县兔蛙相恋自助火锅店（个体工商户）,1,2.0,10,2,aba
理县阅川教育图书店（个体工商户）,1,1.0,9,0,aba
茂县宸宸曹氏冒菜店（个体工商户）,0,5.0,8,2,aba
茂县白记牦牛肉汤锅店（个体工商户）,0,15.0,8,2,aba
茂县国盛货运部（个体工商户）,0,5.0,8,5,aba
茂县强盛五金机电店（个体工商户）,0,10.0,8,4,aba
茂县彭哥蔬菜店（个体工商户）,0,1.0,6,0,aba
理县宏运居砖厂（个体工商户）,0,30.0,6,4,aba
茂县云朵石艺石材工艺制品店（个体工商户）,0,5.0,6,0,aba
茂县王宇蔬菜水果店（个体工商户）,0,2.0,4,0,aba
茂县丸碧美容护肤店（个体工商户）,0,5.0,20,3,aba
理县茶马湾民宿（个体工商户）,0,60.0,20,2,aba
茂县茂绵运输信息咨询店（个体工商户）,1,10.0,19,10,aba
茂县等风来民宿酒店（个体工商户）,0,3.0,16,2,aba
茂县志祥牛杂餐饮服务店（个体工商户）,0,2.0,15,2,aba
茂县小成集成吊顶店（个体工商户）,0,8.0,15,7,aba
理县万伟货运部（个体工商户）,0,20.0,9,5,aba
茂县学全蔬菜店（个体工商户）,0,2.0,9,0,aba
理县罗拉土特产店（个体工商户）,0,20.0,7,0,aba
茂县大黄蜂通讯设备销售部（个体工商户）,0,5.0,5,0,aba
理县米亚罗驰骋货运部（个体工商户）,0,10.0,4,5,aba
茂县欧石楠店服装经营店（个体工商户）,0,30.0,20,0,aba
茂县刘德燕通讯业务店（个体工商户）,0,1.0,19,3,aba
茂县羌城印象中餐馆（个体工商户）,1,10.0,18,2,aba
茂县鸿运汽修厂（个体工商户）,0,5.0,16,3,aba
理县娇妮的农场（个体工商户）,0,2.0,14,0,aba
茂县浩宇种植家庭农场（个体工商户）,0,1.0,13,1,aba
理县满分果园（个体工商户）,0,2.0,13,0,aba
茂县元琴豆腐店（个体工商户）,0,2.0,13,4,aba
理县桥边茶楼（个体工商户）,0,10.0,12,2,aba
茂县齐师补胎店（个体工商户）,0,30.0,11,3,aba
茂县龄感理发店（个体工商户）,0,1.0,8,3,aba
理县央明机械租赁部（个体工商户）,0,2.0,6,3,aba
理县旺运再生资源回收站（个体工商户）,0,30.0,6,4,aba
理县四季予你民宿（个体工商户）,0,70.0,5,2,aba
茂县禧一饰银饰坊（个体工商户）,1,1.0,20,4,aba
茂县巴朗食品店（个体工商户）,0,2.0,19,0,aba
茂县勇非尝不可小吃店（个体工商户）,0,3.0,19,2,aba
茂县城外再生资源回收站（个体工商户）,0,5.0,17,3,aba
茂县贝宠宠物服务馆（个体工商户）,0,6.8,16,3,aba
茂县原顺再生资源回收站（个体工商户）,0,2.0,7,4,aba
茂县天云电信代理店（个体工商户）,0,0.5,7,10,aba
茂县自在咖啡店（个体工商户）,0,10.0,7,0,aba
茂县风色日用品店（个体工商户）,0,2.0,6,0,aba
理县诚宇工程机械租赁部（个体工商户）,0,2.0,6,3,aba
茂县滋味面馆餐饮服务部（个体工商户）,0,2.0,4,2,aba
茂县林多日用品店（个体工商户）,0,3.0,20,0,aba
理县王盛波果园（个体工商户）,0,8.0,16,0,aba
茂县秦记牛肉面馆（个体工商户）,0,2.0,16,2,aba
茂县巷往民宿旅店（个体工商户）,0,5.0,15,2,aba
茂县山野小筑民宿旅店（个体工商户）,0,2.0,14,2,aba
理县久庭居民宿（个体工商户）,0,50.0,10,2,aba
茂县雅居尚品门窗销售铺（个体工商户）,0,1.0,4,4,aba
茂县智惠副食粮油经营铺（个体工商户）,0,1.0,14,0,aba
茂县觅糖蛋糕店（个体工商户）,0,3.0,12,4,aba
理县屯上人家民宿（个体工商户）,0,50.0,7,2,aba
理县黄强养殖家庭农场（个体工商户）,0,10.0,7,1,aba
理县梵璞山居民宿（个体工商户）,0,60.0,7,2,aba
理县兴梦电器店（个体工商户）,0,7.0,7,0,aba
理县灰哥机械租赁部（个体工商户）,0,30.0,18,3,aba
理县学豪机械租赁部（个体工商户）,0,35.0,18,3,aba
理县孟屯麦朵贡嘎民宿（个体工商户）,0,60.0,17,2,aba
茂县弯弯茶楼店（个体工商户）,0,10.0,17,2,aba
理县海迅建材经营部（个体工商户）,0,5.0,15,15,aba
理县呱呱蛙儿童益智乐园（个体工商户）,0,5.0,8,6,aba
茂县凤仪翰墨书法培训有限责任公司,0,30.0,6,6,aba
理县理嘉综合管理部（个体工商户）,0,5.0,19,3,aba
理县集诚机械租赁部（个体工商户）,0,10.0,18,3,aba
茂县贵宾之家蒸汽洗车店（个体工商户）,0,4.0,15,3,aba
茂县景逸劳务服务部（个体工商户）,0,5.0,8,3,aba
理县驿舟快店经营部（个体工商户）,0,5.0,8,5,aba
理县屿琛租赁部（个体工商户）,0,20.0,20,3,aba
茂县巧姐日用品店（个体工商户）,0,2.0,19,0,aba
茂县半岛再见一面面馆（个体工商户）,0,5.0,19,2,aba
茂县鲜小煲餐饮店（个体工商户）,0,6.0,18,2,aba
理县中义机械设备租赁部（个体工商户）,0,5.0,18,3,aba
茂县理享理发店（个体工商户）,0,5.0,16,3,aba
理县璀璨电子商务工作室（个体工商户）,0,2.0,16,10,aba
茂县蜀味香面馆（个体工商户）,0,8.0,15,2,aba
理县卓嘎农场（个体工商户）,0,1.0,7,1,aba
茂县逸轩理发店（个体工商户）,0,5.0,7,3,aba
茂县恒业劳务部（个体工商户）,0,2.0,6,3,aba
理县小祁租赁部（个体工商户）,0,5.0,20,3,aba
茂县天一茶府（个体工商户）,0,10.0,19,2,aba
茂县润友茶府（个体工商户）,0,10.0,19,2,aba
茂县丰源蔬菜零售店（个体工商户）,0,2.0,16,0,aba
茂县爱予健身店（个体工商户）,0,8.0,15,6,aba
茂县季鹏电信代理店（个体工商户）,1,2.0,12,10,aba
理县润生租赁部（个体工商户）,0,5.0,20,3,aba
理县吉红洗涤店（个体工商户）,0,20.0,16,3,aba
茂县方脑壳火锅鱼店（个体工商户）,1,30.0,16,2,aba
茂县攀哥电信代理部（个体工商户）,0,1.0,15,10,aba
茂县洁康洗涤服务坊（个体工商户）,0,10.0,15,3,aba
茂县诗亿石材加工坊（个体工商户）,0,15.0,14,4,aba
茂县和兴石锅鱼店（个体工商户）,1,13.0,13,2,aba
茂县茂熙路有吃有喝餐饮服务店（个体工商户）,1,10.0,12,2,aba
茂县一半酒吧（个体工商户）,0,9.0,11,2,aba
茂县纤紫美甲店（个体工商户）,0,1.0,8,3,aba
茂县王赟副食品经营店（个体工商户）,0,1.0,8,4,aba
理县我开的清吧（个体工商户）,0,30.0,6,4,aba
理县胜强租赁部（个体工商户）,0,3.0,20,3,aba
茂县佳尚日用品店（个体工商户）,1,1.0,20,0,aba
理县明威果园（个体工商户）,0,3.0,16,1,aba
茂县雲城锦里酒店民宿（个体工商户）,0,20.0,16,2,aba
茂县得兴饲料店（个体工商户）,0,3.0,16,0,aba
茂县常来民宿（个体工商户）,0,10.0,15,2,aba
茂县飞飞电信代理店（个体工商户）,0,1.0,15,10,aba
茂县阿臣汽修服务店（个体工商户）,0,5.0,14,3,aba
理县山林之居民宿（个体工商户）,0,50.0,7,2,aba
理县悦来小筑民宿（个体工商户）,0,80.0,7,2,aba
茂县山水茶舍茶楼坊（个体工商户）,0,18.0,6,6,aba
理县罗莎米亚店（个体工商户）,0,10.0,6,2,aba
茂县山水居民宿旅店（个体工商户）,0,50.0,19,2,aba
理县海平货物运输部（个体工商户）,0,50.0,19,5,aba
茂县卤菜夫人小吃店（个体工商户）,0,5.0,18,2,aba
茂县京味小笼包店（个体工商户）,1,12.0,16,2,aba
茂县密桃日式美甲店（个体工商户）,0,4.0,15,3,aba
理县余龙货运部（个体工商户）,0,50.0,10,5,aba
理县看见花开店（个体工商户）,0,6.0,8,0,aba
茂县水悦澜庭足浴房（个体工商户）,0,20.0,5,3,aba
理县松英货物运输部（个体工商户）,0,50.0,19,5,aba
茂县遇尚理发店（个体工商户）,0,2.0,19,3,aba
茂县酒隐酒吧（个体工商户）,0,5.0,15,2,aba
理县驿小店（个体工商户）,1,5.0,15,5,aba
理县涵羽货运部（个体工商户）,0,50.0,12,5,aba
理县签之缘火锅串串店（个体工商户）,1,3.0,12,2,aba
茂县跃云货运部（个体工商户）,0,5.0,6,5,aba
茂县王正清货运部（个体工商户）,0,50.0,5,5,aba
茂县羌鑫面馆餐饮服务店（个体工商户）,1,2.0,16,2,aba
理县君叶庭院民宿（个体工商户）,0,80.0,12,2,aba
茂县绒鑫北京烤鸭店（个体工商户）,0,2.0,6,4,aba
茂县暖燕饮品店（个体工商户）,0,2.0,4,4,aba
茂县老马特色炒肉片餐饮店（个体工商户）,0,10.0,20,2,aba
茂县怡程酒店（个体工商户）,0,99.0,19,2,aba
理县藏乡腊味鸡店（个体工商户）,0,5.0,18,2,aba
理县鑫懿喆生态农场（个体工商户）,0,50.0,17,1,aba
茂县冬斌民宿旅店（个体工商户）,0,70.0,15,2,aba
茂县田园雅居民宿旅店（个体工商户）,0,50.0,14,2,aba
茂县咯咯哒砂锅店（个体工商户）,0,4.0,12,2,aba
茂县超级飞侠汉堡店（个体工商户）,0,3.0,16,2,aba
理县梵拉图酒店（个体工商户）,0,50.0,15,2,aba
茂县两千公路酒馆（个体工商户）,0,20.0,14,2,aba
理县群雄聚会所（个体工商户）,0,3.0,14,6,aba
茂县曹氏鸭脖卤菜店（个体工商户）,0,2.0,13,2,aba
茂县杨根道路货物运输经营部（个体工商户）,0,13.0,13,5,aba
理县雪山的风民宿（个体工商户）,0,40.0,11,2,aba
茂县一碗好面小面店（个体工商户）,0,10.0,7,2,aba
茂县小怪兽芝士屋餐饮店（个体工商户）,0,3.0,4,2,aba
理县悠然居茶楼（个体工商户）,0,9.0,4,2,aba
茂县杨师轩作坊烧烤餐饮店（个体工商户）,0,2.0,20,2,aba
茂县珍酒酒水销售坊（个体工商户）,0,10.0,16,4,aba
理县慕野仙风火锅店（个体工商户）,0,3.0,15,2,aba
茂县两元面包店（个体工商户）,0,1.0,15,4,aba
茂县顺源货运部（个体工商户）,0,20.0,14,5,aba
茂县椰子熊奶茶店（个体工商户）,0,10.0,14,4,aba
茂县川渝鲜鲜面店（个体工商户）,0,2.0,8,2,aba
茂县蜀味鲜水饺面食店（个体工商户）,0,3.0,7,2,aba
茂县食香斋早餐店（个体工商户）,0,2.0,5,2,aba
理县鸿兴商行（个体工商户）,0,5.0,4,0,aba
理县雪雅饭店（个体工商户）,0,5.0,19,2,aba
理县团结民宿（个体工商户）,0,20.0,18,2,aba
理县夜莎朗烧烤店（个体工商户）,0,20.0,17,2,aba
理县格西泽郎货运部（个体工商户）,0,40.0,16,5,aba
理县六真客栈（个体工商户）,0,30.0,15,2,aba
茂县徐军货运部（个体工商户）,0,3.0,14,5,aba
理县悦来湾民宿（个体工商户）,0,20.0,7,2,aba
理县达尔基藏家民宿（个体工商户）,0,30.0,6,2,aba
理县麦咔啦纯粮酒坊（个体工商户）,0,10.0,19,4,aba
理县尚优客酒店（个体工商户）,0,12.0,16,2,aba
茂县客来香手工面块店（个体工商户）,0,15.0,16,2,aba
理县梦飞空间理发店（个体工商户）,0,8.0,16,3,aba
理县唛咔司快餐店（个体工商户）,1,10.0,15,2,aba
理县杨超货运部（个体工商户）,0,20.0,14,5,aba
茂县华庆货运部（个体工商户）,0,20.0,12,5,aba
理县清穆兰特色美食城店（个体工商户）,0,30.0,7,2,aba
茂县味美鲜酸菜面块店（个体工商户）,0,4.0,4,2,aba
茂县欢欢拌粉小吃店（个体工商户）,0,2.0,4,2,aba
理县碳火江湖烧烤店（个体工商户）,0,8.0,4,2,aba
理县迎缘阁河边烧烤店（个体工商户）,0,25.0,4,2,aba
理县老宋燃面馆（个体工商户）,0,2.0,4,2,aba
理县拾光日记民宿（个体工商户）,0,10.0,19,2,aba
茂县肖记鲜米粉店（个体工商户）,0,4.0,19,2,aba
理县川味源牛肉面馆（个体工商户）,0,10.0,17,2,aba
理县再见一面面馆（个体工商户）,0,5.0,16,2,aba
理县夜烤烧烤店（个体工商户）,0,13.0,15,2,aba
茂县云府铜锅老火锅店（个体工商户）,0,13.0,15,2,aba
茂县巴老冒豆花冒菜店（个体工商户）,0,18.0,15,2,aba
理县心有花木小食店（个体工商户）,0,10.0,15,2,aba
茂县好酒不见烧烤店（个体工商户）,0,5.0,15,2,aba
茂县柒月美甲店（个体工商户）,0,1.0,15,3,aba
理县藏羌风情土铜火锅店（个体工商户）,0,5.0,15,15,aba
理县黄阿姨川渝家常菜特色豆腐鱼馆（个体工商户）,0,5.0,13,2,aba
茂县宵肴食刻烧烤店（个体工商户）,0,2.0,12,2,aba
理县管与楠鸡公煲餐厅（个体工商户）,0,5.0,8,2,aba
理县无忧花园酒店（个体工商户）,0,30.0,8,2,aba
茂县观山别院民宿酒店（个体工商户）,0,2.0,7,2,aba
理县巴渝川菜鱼府（个体工商户）,0,15.0,7,2,aba
理县王定凯货物运输部（个体工商户）,0,27.0,6,5,aba
理县程飞货运部（个体工商户）,0,6.0,6,5,aba
茂县酥香原绿豆酥店（个体工商户）,0,5.0,5,2,aba
理县杨妹正宗川菜馆（个体工商户）,0,5.0,4,2,aba
理县弟强运输部（个体工商户）,0,30.0,19,5,aba
茂县牛腩老砂锅店（个体工商户）,0,6.0,19,2,aba
茂县山间民宿酒店（个体工商户）,0,30.0,18,2,aba
理县王志敏货运部（个体工商户）,0,16.0,18,5,aba
理县嘉绒故事藏餐厅（个体工商户）,0,5.0,18,2,aba
茂县虎冒冒菜店（个体工商户）,1,5.0,15,2,aba
理县高兴吧酒吧（个体工商户）,0,30.0,15,2,aba
茂县渝乡情鲜面店（个体工商户）,0,5.0,12,2,aba
茂县张师泡椒鸡杂面馆（个体工商户）,0,0.5,12,2,aba
理县杜老虎烧烤鲜牛杂火锅店（个体工商户）,0,5.0,8,2,aba
理县旭红榨油坊（个体工商户）,0,10.0,8,4,aba
理县满口香川菜馆（个体工商户）,0,11.0,8,2,aba
理县鱼味烤匠店（个体工商户）,0,10.0,6,2,aba
茂县恒吉过桥米线店（个体工商户）,0,5.0,20,2,aba
理县文花货物运输部（个体工商户）,0,20.0,19,5,aba
理县尔瓦农家院（个体工商户）,0,25.0,19,2,aba
理县吉鑫阁民宿（个体工商户）,0,28.0,19,2,aba
茂县香满园火锅店（个体工商户）,1,10.0,18,2,aba
理县橙子民宿（个体工商户）,0,40.0,17,2,aba
理县巧妹私房菜馆（个体工商户）,1,3.0,17,2,aba
茂县幸福羌味小吃店（个体工商户）,0,5.0,16,2,aba
茂县兴乾货运部（个体工商户）,0,18.0,16,5,aba
茂县安太道路运输服务部（个体工商户）,0,5.0,15,5,aba
茂县破酥包小吃铺（个体工商户）,0,2.0,14,2,aba
理县一路顺风货运部（个体工商户）,0,6.0,13,5,aba
茂县醉岛小酒馆（个体工商户）,0,16.0,10,2,aba
茂县张醪糟古羌好食集小吃店（个体工商户）,0,10.0,10,2,aba
理县牛魔王铜锅牛排店（个体工商户）,0,10.0,8,2,aba
茂县鱼悦派餐饮服务店（个体工商户）,0,20.0,8,2,aba
茂县飘味乡小吃店（个体工商户）,0,8.0,8,2,aba
茂县烟火匠烧烤店（个体工商户）,0,30.0,7,2,aba
茂县中诗堡餐饮店（个体工商户）,0,25.0,6,2,aba
理县清麦兰牛肉面馆（个体工商户）,0,8.0,6,2,aba
理县转金飞物流部（个体工商户）,0,30.0,5,5,aba
理县许光建货物运输部（个体工商户）,0,12.0,4,5,aba
理县古尔沟嘉绒尔玛民宿（个体工商户）,0,10.0,4,2,aba
茂县雪志航运输服务部（个体工商户）,0,5.0,20,5,aba
理县悦来悦漫民宿（个体工商户）,0,10.0,20,2,aba
茂县全福鲜饺食品加工坊（个体工商户）,0,2.0,20,4,aba
茂县奇远文化传媒有限公司,1,5.0,19,6,aba
茂县帆哥货运部（个体工商户）,0,25.0,19,5,aba
茂县兴华货运部（个体工商户）,0,40.0,19,5,aba
理县换上行货运部（个体工商户）,0,27.0,16,5,aba
茂县海海精酿啤酒馆（个体工商户）,0,2.0,16,0,aba
理县路长货运部（个体工商户）,0,10.0,15,5,aba
茂县翻烧美味小吃店（个体工商户）,0,4.0,15,2,aba
茂县张胖胖面馆（个体工商户）,0,4.0,15,2,aba
茂县蹄小福猪脚饭餐饮店（个体工商户）,0,8.0,12,2,aba
理县牛魔王鲜火锅店（个体工商户）,0,7.0,11,2,aba
理县树下芙蓉冒菜店（个体工商户）,0,10.0,7,2,aba
理县额龙军货运部（个体工商户）,0,20.0,7,5,aba
茂县山里客铜锅火锅馆（个体工商户）,0,5.0,7,2,aba
茂县洪伟货运部（个体工商户）,0,20.0,6,5,aba
茂县冯斌货运部（个体工商户）,0,25.0,6,5,aba
茂县小文坨坨牛肉面馆（个体工商户）,0,5.0,5,2,aba
理县伊穆兰牛肉面馆（个体工商户）,0,20.0,4,2,aba
理县张妹鲜肉饼店（个体工商户）,0,2.0,4,2,aba
茂县忠秀货运部（个体工商户）,0,27.0,20,5,aba
茂县苏世旭豆腐加工坊（个体工商户）,0,1.0,20,4,aba
茂县静听雪慢煮茶咖啡店（个体工商户）,0,3.0,19,2,aba
茂县馨膳西蜀三碗面面馆（个体工商户）,0,2.0,19,2,aba
理县浩轩货运部（个体工商户）,0,10.0,18,5,aba
理县丘山别院民宿（个体工商户）,0,10.0,18,2,aba
茂县明海理发店（个体工商户）,0,10.0,18,3,aba
理县延鑫货物运输部（个体工商户）,0,12.0,16,5,aba
理县朝斌货物运输部（个体工商户）,0,20.0,16,5,aba
理县建虎货运部（个体工商户）,0,25.0,16,5,aba
理县贵良货物运输部（个体工商户）,1,6.0,15,5,aba
茂县崽崽面馆小吃店（个体工商户）,0,6.0,15,2,aba
理县川味当家渔码头饭店（个体工商户）,0,10.0,15,2,aba
理县铭易货运部（个体工商户）,0,20.0,14,5,aba
茂县春龙货运部（个体工商户）,0,21.0,14,5,aba
理县陈多多奶茶店（个体工商户）,0,20.0,9,2,aba
理县明凤货运部（个体工商户）,0,15.0,8,5,aba
理县李福军货运部（个体工商户）,0,12.0,8,5,aba
理县素苹货运部（个体工商户）,0,23.0,7,5,aba
茂县渡凡咖啡馆（个体工商户）,0,12.0,7,2,aba
理县薇尔民宿（个体工商户）,0,7.0,7,2,aba
茂县三时民宿酒店（个体工商户）,0,5.0,6,2,aba
茂县米朵航航烟花爆竹经营部（个体工商户）,0,8.0,6,0,aba
茂县茂椒火锅店（个体工商户）,0,0.5,6,2,aba
理县味美思新派川菜馆（个体工商户）,0,10.0,6,2,aba
理县尔玛强饭店（个体工商户）,1,6.0,20,2,aba
茂县慕雪清风民宿酒店酒店（个体工商户）,0,2.0,20,2,aba
茂县海阔货运部（个体工商户）,0,15.0,18,5,aba
理县姚强货物运输部（个体工商户）,0,5.8,18,5,aba
理县王树君货运部（个体工商户）,0,5.0,17,5,aba
理县忆哥饭店（个体工商户）,0,8.0,17,2,aba
茂县螺三妞螺蛳粉小吃店（个体工商户）,0,5.0,16,2,aba
理县周阿姨石锅鱼店（个体工商户）,0,10.0,16,2,aba
理县吴庆货物运输部（个体工商户）,0,15.0,16,5,aba
茂县蔡茂货运部（个体工商户）,0,20.0,15,5,aba
理县明富货运部（个体工商户）,0,5.0,15,5,aba
茂县贵军货运部（个体工商户）,0,10.0,15,5,aba
理县李记慢炖鲜蹄花馆（个体工商户）,0,5.0,15,2,aba
理县建磊货运部（个体工商户）,0,15.0,15,5,aba
茂县文吉私房抄手店（个体工商户）,0,3.0,14,2,aba
理县良栖山居民宿（个体工商户）,0,5.0,13,2,aba
茂县添尝递酒便利店（个体工商户）,0,10.0,13,0,aba
理县慕名而来美发造型店（个体工商户）,0,1.0,9,3,aba
理县明德经营部（个体工商户）,0,1.0,7,5,aba
茂县黔羊倌羊肉粉店（个体工商户）,0,2.0,7,2,aba
理县清穆兰牛肉面馆（个体工商户）,0,10.0,7,2,aba
理县院子里柴火鸡店（个体工商户）,0,5.0,6,2,aba
茂县雨非居民宿（个体工商户）,0,5.0,5,2,aba
茂县杨福记面馆（个体工商户）,0,10.0,5,2,aba
理县顺盛货运部（个体工商户）,0,10.0,4,5,aba
理县孟国会货运部（个体工商户）,0,5.0,20,5,aba
茂县豌杂面面馆（个体工商户）,1,3.0,20,2,aba
理县胜飞胖胖鸡爪店（个体工商户）,0,10.0,19,2,aba
茂县面哆哆小吃店（个体工商户）,1,5.0,18,2,aba
理县陈陈货运部（个体工商户）,0,5.0,18,5,aba
茂县精制刀削面店（个体工商户）,0,2.0,18,2,aba
茂县航航客栈旅店（个体工商户）,0,1.0,16,2,aba
茂县朴宿苑民宿旅店（个体工商户）,0,2.0,16,2,aba
茂县安弟货运部（个体工商户）,0,10.0,16,5,aba
茂县中礼烟花爆竹零售门市（个体工商户）,0,3.0,16,0,aba
茂县旭瑞货运部（个体工商户）,0,2.0,15,5,aba
理县麻辣小面馆（个体工商户）,0,5.0,14,2,aba
茂县茂北美容店（个体工商户）,0,10.0,14,3,aba
理县喜多多糖果店（个体工商户）,0,6.0,12,0,aba
茂县瓷碗面小吃店（个体工商户）,0,10.0,10,2,aba
茂县青坡楼私房老铜锅餐饮服务店（个体工商户）,0,3.0,8,2,aba
理县状元水饺店（个体工商户）,0,5.0,7,2,aba
茂县云庭四季民宿酒店（个体工商户）,0,2.0,7,2,aba
理县凯懿货运部（个体工商户）,0,1.0,7,5,aba
理县和致茶馆（个体工商户）,0,10.0,6,2,aba
茂县木森轻食馆（个体工商户）,0,10.0,4,2,aba
茂县老姐妹老砂锅馆（个体工商户）,1,2.0,20,2,aba
茂县杜幺妹鸡杂店（个体工商户）,0,5.0,20,2,aba
茂县杨小货运部（个体工商户）,0,20.0,19,5,aba
理县谭仕明货运部（个体工商户）,0,7.0,18,5,aba
茂县军淑货运部（个体工商户）,0,20.0,18,5,aba
理县杨平货运部（个体工商户）,0,7.0,18,5,aba
茂县红珍货运部（个体工商户）,0,18.0,17,5,aba
茂县左世发货运部（个体工商户）,0,2.0,15,5,aba
茂县云上溪客民宿酒店（个体工商户）,0,10.0,15,2,aba
理县藏羌源食品厂（个体工商户）,0,0.5,13,4,aba
茂县食在福中小吃店（个体工商户）,0,5.0,12,2,aba
理县慧隆藏家乐民宿（个体工商户）,0,5.0,8,2,aba
理县九四九六咖啡馆（个体工商户）,0,5.0,8,2,aba
茂县兰三妹小吃店（个体工商户）,0,5.0,7,2,aba
茂县海哥货运部（个体工商户）,0,15.0,4,5,aba
茂县周周豆干坊（个体工商户）,0,2.0,20,4,aba
茂县食在羌味小吃店（个体工商户）,0,5.0,20,2,aba
茂县山水风情民宿酒店（个体工商户）,0,10.0,20,2,aba
茂县小温馨民宿酒店（个体工商户）,0,5.0,19,2,aba
茂县世云卤菜餐饮店（个体工商户）,0,3.0,19,2,aba
茂县南庄货运部（个体工商户）,0,12.0,18,5,aba
茂县羌家乐民宿旅店（个体工商户）,0,2.0,16,2,aba
理县顶枫阁茶楼（个体工商户）,0,7.0,16,2,aba
茂县芊予庭院酒店（个体工商户）,0,2.0,15,2,aba
茂县微八潮牌美发店（个体工商户）,0,4.0,14,3,aba
理县陶姐果农民宿（个体工商户）,0,6.0,14,2,aba
茂县楠山里观景民宿旅店（个体工商户）,0,2.0,13,2,aba
茂县开科货运部（个体工商户）,0,12.0,13,5,aba
理县巷茗茶坊（个体工商户）,0,6.0,10,2,aba
理县味之源饭店（个体工商户）,0,2.0,6,2,aba
茂县老椒道火锅店（个体工商户）,0,10.0,6,2,aba
理县羊掌柜烧烤店（个体工商户）,0,5.0,5,2,aba
茂县才理货运部（个体工商户）,0,2.0,4,5,aba
茂县厚清货运部（个体工商户）,0,18.0,20,5,aba
茂县岳氏运货运部（个体工商户）,0,3.0,17,5,aba
理县朋莲客栈（个体工商户）,0,2.0,17,2,aba
茂县望碉楼民宿酒店（个体工商户）,0,2.0,17,2,aba
茂县建军货运部（个体工商户）,0,10.0,16,5,aba
茂县静兴货运部（个体工商户）,0,10.0,15,5,aba
茂县拾光民宿旅店（个体工商户）,0,2.0,13,2,aba
理县任记餐馆（个体工商户）,0,5.0,10,2,aba
理县三姐火锅店（个体工商户）,0,2.0,7,2,aba
理县福满饭店（个体工商户）,0,6.0,7,2,aba
茂县黄姐小吃店（个体工商户）,0,3.0,20,2,aba
茂县坨坨牛肉面馆（个体工商户）,0,6.0,18,2,aba
茂县宇杰博悦养殖场（个体工商户）,0,2.0,7,1,aba
理县兔儿面馆（个体工商户）,0,1.0,7,2,aba
茂县还有咖啡馆（个体工商户）,0,20.0,7,2,aba
理县森格咖啡吧（个体工商户）,0,2.0,6,2,aba
理县大犇养殖场（个体工商户）,0,10.0,6,1,aba
茂县鑫泰面馆（个体工商户）,1,5.0,20,2,aba
茂县面对美味小吃店（个体工商户）,0,3.0,17,2,aba
理县八号民宿（个体工商户）,0,3.0,14,2,aba
茂县黄亮货运部（个体工商户）,0,20.0,14,5,aba
茂县遇见归宿酒店（个体工商户）,0,10.0,6,2,aba
茂县霹雳火烧烤店（个体工商户）,0,5.0,16,2,aba
茂县百味小吃店（个体工商户）,0,5.0,8,2,aba
茂县幸福小吃店（个体工商户）,0,2.0,4,2,aba
茂县九香春酒业店（个体工商户）,0,5.0,7,0,aba
茂县美味多餐馆（个体工商户）,0,2.0,5,2,aba
茂县云舍酒店（个体工商户）,0,25.0,18,2,aba
茂县何彪货运部（个体工商户）,0,10.0,16,5,aba
茂县川味源牛肉面馆（个体工商户）,0,8.0,13,2,aba
茂县一碗油泼面馆（个体工商户）,0,1.0,13,2,aba
茂县卡诗美发店（个体工商户）,0,1.0,19,3,aba
茂县色位理发店（个体工商户）,0,10.0,16,3,aba
茂县茜茜小吃店（个体工商户）,0,2.0,18,2,aba
理县花大姐花圈墓碑店（个体工商户）,0,3.0,6,3,aba
四川嘉绒中匠全过程工程咨询有限公司,0,90.0,7,9,aba
四川岚玖供应链管理有限公司,0,80.0,7,3,aba
阿坝州奥菱电梯有限公司,0,88.0,4,7,aba
四川省阿坝羌家雪泉农业科技有限公司,0,50.0,18,9,aba
汶川巴布纳生态农业有限责任公司,0,50.0,14,1,aba
四川景明文化传媒有限公司,0,50.0,15,6,aba
汶川县漩口镇群山益水农业有限责任公司,0,50.0,12,2,aba
汶川县源本盛商贸有限公司,0,50.0,11,0,aba
马尔康亚京宝商贸有限公司,0,50.0,11,0,aba
阿坝州伊可传媒有限公司,0,50.0,9,6,aba
四川小央吉食品贸易有限公司,0,50.0,9,0,aba
四川豪彩网络科技有限公司,0,50.0,8,9,aba
阿坝州鸿峰建筑工程有限责任公司,0,50.0,8,7,aba
汶川星禾科技有限公司,0,50.0,7,9,aba
阿坝州贰壹玖叁农旅发展有限公司,0,50.0,6,3,aba
汶川羌村益农农业有限公司,0,50.0,4,1,aba
阿坝州羌山汇电子商务有限公司,0,50.0,13,0,aba
汶川县通达知音电子商务有限责任公司,0,50.0,11,0,aba
阿坝州恒成康远装饰工程有限公司,0,50.0,5,7,aba
四川丛禾农业科技有限责任公司,0,50.0,9,1,aba
马尔康富芳商贸特价生活超市（个体工商户）,0,30.0,11,0,aba
阿坝州红盛农业科技有限公司,0,30.0,5,1,aba
四川康绒商贸有限责任公司,0,25.0,8,0,aba
马尔康霍岈商业管理有限责任公司,0,20.0,19,3,aba
四川仲伍鑫创新科技有限责任公司,0,20.0,17,9,aba
马尔康市星创建筑设备租赁有限公司,0,20.0,15,3,aba
汶川耘慈大药房（个人独资）,0,20.0,15,0,aba
汶川忍冬文化传媒有限公司,0,20.0,13,6,aba
汶川佰善文化旅游有限责任公司,0,20.0,12,3,aba
汶川阿悦果珍是厘农业科技有限公司,0,10.0,13,0,aba
阿坝州海慕知识产权服务有限公司,1,10.0,18,9,aba
汶川县威州镇惜晨电子商务工作室（个体工商户）,0,10.0,17,10,aba
汶川藏瓯甄品供应链科技有限责任公司,0,10.0,16,9,aba
四川省携宝商贸有限公司,0,6.0,15,0,aba
四川玉尚馨龙电子商务有限责任公司,0,10.0,15,0,aba
马尔康市安弘商贸有限责任公司,0,3.0,14,0,aba
四川省汶川县满羌服装制造有限责任公司,0,3.0,14,4,aba
阿坝州鑫想农帮电子商务有限公司,0,1.0,13,4,aba
四川哈木卡网络科技有限公司,0,10.0,12,10,aba
汶川县三和建设项目管理有限责任公司,0,10.0,11,9,aba
汶川鲜萃臻品农产品商贸有限公司,0,10.0,10,0,aba
汶川县云牧丹青旅游开发有限责任公司,0,10.0,9,3,aba
四川省新奥瑞池科技有限公司,0,10.0,9,4,aba
马尔康友和电子科技经营部（个体工商户）,0,10.0,8,4,aba
汶川县日麦朴服装工作室（个体工商户）,0,2.0,8,0,aba
汶川县瑞岢鑫家电有限公司,0,5.0,7,3,aba
汶川愫朴科技有限公司,0,10.0,7,9,aba
汶川云盛农业科技有限公司,0,10.0,7,9,aba
汶川县广印猫广告传媒有限责任公司,0,10.0,7,3,aba
马尔康市三缘藏品土特产有限公司,0,5.0,6,0,aba
雪域明珠诊所（马尔康）有限公司,0,10.0,6,13,aba
汶川承续文化创意中心（普通合伙）,0,10.0,6,6,aba
马尔康鸿景商贸部（个体工商户）,0,1.0,6,0,aba
阿坝州世界藏窗传媒有限公司,0,10.0,5,6,aba
汶川县长汶之源农业发展有限公司,0,10.0,5,1,aba
阿坝州盛兴建设工程管理有限公司,0,10.0,5,9,aba
马尔康坤盛商贸有限公司,0,6.0,18,0,aba
汶川润景农业发展有限公司,0,10.0,5,1,aba
四川塞壹智能信息技术有限公司,0,50.0,6,10,aba
阿坝州山之岚酒店管理有限责任公司,0,50.0,20,3,aba
四川省云端之上餐饮服务有限公司,0,10.0,13,2,aba
汶川县长河苑农业发展有限公司,0,10.0,11,1,aba
阿坝州居东居商贸有限责任公司,0,50.0,11,0,aba
马尔康茶堡桥超市（个体工商户）,0,10.0,7,0,aba
汶川县羌小尚土特产有限公司,0,50.0,14,0,aba
汶川县柏亩源农业发展有限公司,0,10.0,14,0,aba
马尔康市康正祥云大药房（个人独资）,0,5.0,18,0,aba
马尔康雯杰餐饮管理有限公司,0,20.0,9,2,aba
汶川放牛娃的川西甄选食品铺（个体工商户）,0,1.0,12,0,aba
汶川楷玥贸易有限责任公司,0,10.0,20,0,aba
阿坝州清清保洁有限公司,0,10.0,17,3,aba
阿坝禹域臻品食品科技有限公司,0,10.0,16,9,aba
汶川县喜悦种植专业合作社,0,3.0,4,1,aba
马尔康盛旺建材经营部（个体工商户）,0,5.0,20,0,aba
汶川县兴荣瑞家庭农场（个体工商户）,0,6.0,8,1,aba
马尔康卓威建材经营部（个体工商户）,0,5.0,20,0,aba
知训餐饮管理（汶川）有限公司,0,50.0,12,3,aba
汶川县昱奕农机服务专业合作社,0,10.0,20,1,aba
汶川丰乐创忆旅游开发有限责任公司,0,50.0,16,11,aba
汶川逐雪户外用品俱乐部（个体工商户）,0,20.0,20,0,aba
四川省志城广告设计有限责任公司,0,5.0,13,3,aba
汶川沁悦商贸有限公司,0,10.0,11,0,aba
马尔康邻家小屋服务部（个体工商户）,0,50.0,6,0,aba
阿坝州欣乐档案管理服务有限公司,0,30.0,11,6,aba
马尔康与礼与你伴手礼店（个体工商户）,0,10.0,8,0,aba
马尔康市家园物业管理服务有限公司,0,50.0,18,12,aba
四川省茶语庭生态农业有限责任公司,0,1.0,15,9,aba
马尔康市华运运输服务有限责任公司,0,20.0,15,5,aba
四川华叶南风企业管理服务有限公司,0,10.0,16,3,aba
汶川兴虎机械设备租赁有限公司,0,50.0,10,3,aba
马尔康市小冉工程机械租赁有限公司,0,50.0,8,3,aba
四川东进盛业商贸有限公司,0,50.0,16,0,aba
汶川羌山姑娘土特产有限公司,0,10.0,16,0,aba
四川省智汇鸿达科技文化有限责任公司,0,50.0,15,10,aba
阿坝州兴州智学教育科技有限公司,0,3.0,7,9,aba
汶川县兴业商贸有限公司,0,50.0,13,0,aba
马尔康正儿八经烧烤店（个体工商户）,0,5.0,6,2,aba
马尔康阿庆贸易部（个体工商户）,0,20.0,13,0,aba
马尔康市康正百家药店（个人独资）,0,5.0,6,0,aba
汶川县阿卓土特产有限公司,0,50.0,13,0,aba
马尔康茂康农业科技有限公司,1,50.0,15,1,aba
马尔康初龄医疗美容诊所有限公司,0,10.0,10,13,aba
马尔康起扬建材商贸部（个体工商户）,0,2.0,7,0,aba
马尔康市嘉绒泽让二手车销售有限公司,0,10.0,15,0,aba
马尔康鸿天建材有限公司,0,50.0,10,4,aba
四川禹夏芤山文化旅游发展有限公司,0,60.0,8,3,aba
汶川泳泰新能源发电有限公司,0,1.0,8,8,aba
马尔康桠路小卖部（个体工商户）,0,20.0,17,0,aba
阿坝州沣鑫电力有限公司,0,20.0,8,8,aba
汶川抱朴农惠农业发展有限公司,0,10.0,15,1,aba
马尔康市晟新尔光伏科技有限公司,0,50.0,12,9,aba
阿坝州辉煌建材销售有限公司,0,10.0,4,3,aba
马尔康市龙一众仁康大药房（个人独资）,0,5.0,15,0,aba
马尔康诺金拉姆养殖专业合作社,0,50.0,12,1,aba
马尔康市成合中药材加工有限责任公司,0,50.0,15,9,aba
马尔康嘉合商店（个体工商户）,0,10.0,9,0,aba
马尔康百佳乐生活超市（个体工商户）,0,5.0,7,0,aba
马尔康兴德机械租赁有限公司,0,50.0,10,3,aba
四川羿翀工程项目管理有限公司,0,10.0,20,9,aba
马尔康星源茶缘超市（个体工商户）,0,10.0,9,0,aba
马尔康富泽商贸有限责任公司,0,10.0,15,0,aba
马尔康康正桑姆大药房（个人独资）,0,5.0,10,0,aba
马尔康市严德商贸有限责任公司,0,20.0,19,0,aba
马尔康雲友经营部（个体工商户）,0,3.0,11,0,aba
马尔康康正康宁大药房（个人独资）,0,5.0,6,0,aba
阿坝州鑫融档案管理服务有限公司,0,50.0,4,6,aba
阿坝州汶川县川羌传媒有限责任公司,0,50.0,16,6,aba
马尔康正鑫口腔诊所有限公司,0,10.0,14,13,aba
阿坝州藏韵行旅游服务有限公司,0,30.0,16,3,aba
汶川县水磨镇润鑫文图广告设计工作室（个体工商户）,0,10.0,10,6,aba
汶川县多乐福便利店（个体工商户）,1,20.0,8,0,aba
马尔康晶石装饰工程有限责任公司,0,50.0,8,7,aba
马尔康市康正德明大药房（个人独资）,0,5.0,6,0,aba
四川省汶川县羌翔通汽车信息咨询有限责任公司,0,3.0,19,3,aba
阿坝州顺安达商务服务有限公司,0,10.0,13,3,aba
马尔康市康正惠民大药房（个人独资）,0,5.0,12,0,aba
马尔康鑫睿广告装饰经营部（个体工商户）,0,10.0,11,3,aba
马尔康康正睿康大药房（个人独资）,0,5.0,6,0,aba
阿坝仁睦和诊所管理有限公司,0,10.0,16,13,aba
汶川县本草羌源中药材种植有限公司,0,50.0,18,1,aba
马尔康耿尕日杂店（个体工商户）,0,10.0,16,0,aba
四川省汶川县弘运通汽车信息咨询有限责任公司,0,3.0,19,3,aba
汶川城鑫建筑劳务有限责任公司,0,50.0,18,7,aba
马尔康豪悦电力金具经营部（个体工商户）,0,1.0,14,0,aba
马尔康有柒有喝超市（个体工商户）,0,5.0,6,0,aba
马尔康市嘉通汽车维修有限公司,0,20.0,19,3,aba
马尔康友友超市（个体工商户）,0,10.0,18,0,aba
汶川廖家农副产品商贸部（个人独资）,0,55.0,11,0,aba
马尔康七局便利店（个体工商户）,0,2.0,6,0,aba
汶川华鑫水产养殖家庭农场（个人独资）,0,30.0,15,1,aba
汶川绵虒大溪沟餐饮管理有限公司,0,5.0,18,2,aba
汶川县柏斯特农牧科技有限公司,0,10.0,14,1,aba
四川鼎华农业发展有限公司,0,10.0,7,1,aba
汶川青绿文旅科技有限责任公司,0,10.0,6,9,aba
马尔康顺隆工程机械租赁有限公司,0,50.0,18,3,aba
马尔康宏胜超市（个体工商户）,0,50.0,20,0,aba
四川省汶川县吉通汽车信息咨询有限责任公司,0,3.0,19,3,aba
阿坝州农之源水果销售有限责任公司,0,5.0,18,0,aba
汶川强盛家庭农场（个人独资）,0,50.0,16,1,aba
汶川县悠悠顺行汽车租赁有限公司,0,10.0,18,3,aba
阿坝州康食汇食品有限公司,0,10.0,11,0,aba
阿坝州嘉若机械租赁有限公司,0,10.0,8,3,aba
汶川县鑫龙凤珠宝首饰店（个体工商户）,0,2.0,5,4,aba
汶川花驿小栈花卉销售有限公司,0,5.0,19,0,aba
汶川驰阳建筑劳务有限责任公司,0,20.0,18,7,aba
汶川县阿花金穗家庭农场（个体工商户）,0,2.0,15,1,aba
汶川县鑫糖糖农产品店（个体工商户）,0,5.0,4,0,aba
四川省汶川县鑫兴旺汽车信息咨询有限责任公司,0,3.0,20,3,aba
马尔康市阿中机械设备租赁有限公司,0,50.0,19,3,aba
卧龙盛世农业有限责任公司,0,1.0,18,1,aba
马尔康东旦铁艺经营部（个体工商户）,0,1.0,9,0,aba
四川省汶川县鸿吉源汽车信息咨询有限责任公司,0,3.0,20,10,aba
汶川县水磨镇万居农副商贸行（个体工商户）,0,6.0,16,0,aba
马尔康泓鑫百货店（个体工商户）,0,10.0,16,0,aba
汶川无忧羌山谷商贸有限责任公司,0,10.0,12,4,aba
汶川万事顺食品店（个体工商户）,0,8.0,15,0,aba
马尔康晋美藏家民宿（个体工商户）,0,10.0,8,2,aba
马尔康秀利机械设备租赁有限公司,0,50.0,6,3,aba
四川当家人物业管理服务有限责任公司,0,10.0,19,12,aba
马尔康品盛日杂店（个体工商户）,0,5.0,18,0,aba
马尔康藏人家传统服饰工坊（个体工商户）,0,10.0,14,0,aba
马尔康丰沃农资经营部（个体工商户）,0,40.0,6,1,aba
汶川县多乐便利店（个体工商户）,0,3.0,5,0,aba
汶川县水磨镇小黄电脑维修部（个体工商户）,0,5.0,16,0,aba
马尔康市卓清机具设备租赁有限公司,0,50.0,20,3,aba
汶川县海迅电脑销售店（个体工商户）,0,3.0,14,0,aba
汶川川西锂电新材料有限公司,0,50.0,7,9,aba
汶川归隐酒店有限公司,0,10.0,6,2,aba
马尔康高海拔文化娱乐有限公司,0,5.0,18,6,aba
马尔康聚拢超市（个体工商户）,0,45.0,7,0,aba
汶川县福豪家庭农场（个人独资）,0,50.0,15,1,aba
马尔康娇丽诗整形美容诊所有限责任公司,0,5.0,12,13,aba
马尔康市嘉绒鑫旺机械租赁有限责任公司,1,5.0,14,3,aba
马尔康达拉机械设备租赁有限责任公司,0,50.0,15,3,aba
马尔康小何鲜肉经营部（个体工商户）,0,10.0,8,0,aba
四川瑞翼电子科技有限公司,0,5.0,15,9,aba
马尔康攀果地水果店（个体工商户）,0,20.0,12,0,aba
马尔康雍格拉娜工作室（个体工商户）,0,20.0,11,6,aba
马尔康永惠便利店（个体工商户）,0,5.0,19,0,aba
汶川仁爱嘉诊所有限责任公司,0,1.0,15,13,aba
马尔康阿克卓巴民宿（个体工商户）,0,80.0,16,2,aba
马尔康尚库百货店（个体工商户）,0,2.0,8,0,aba
马尔康彩寨藏家园（个体工商户）,0,6.0,20,0,aba
马尔康小杨五金建材店（个体工商户）,0,30.0,18,0,aba
汶川县博通劳务有限公司,0,5.0,7,3,aba
马尔康富兴超市（个体工商户）,0,60.0,17,0,aba
卧龙视捷通讯有限公司,0,10.0,8,10,aba
马尔康刘家小五金日杂店（个体工商户）,0,3.0,19,0,aba
阿坝州宁午农产品贸易有限公司,1,10.0,16,0,aba
卧龙众胜劳务服务有限责任公司,0,10.0,11,3,aba
马尔康超娃水果超市（个体工商户）,0,20.0,19,0,aba
汶川县漩口镇润兵机械租赁部（个体工商户）,0,20.0,9,3,aba
马尔康嘉良夷山庄有限公司,0,50.0,6,2,aba
汶川县明洋林麝养殖有限公司,0,10.0,12,1,aba
马尔康东恒建材有限公司,1,50.0,12,0,aba
马尔康小王纸业批发部（个体工商户）,0,8.0,16,0,aba
汶川全屋无忧家电安装维修站（个体工商户）,0,5.0,16,3,aba
马尔康豪生甄选电影院有限公司,0,30.0,11,6,aba
马尔康市绒源农副产品有限责任公司,0,10.0,20,1,aba
汶川杨会家电经营部（个体工商户）,0,5.0,19,0,aba
汶川县王余氏钢材销售部（个体工商户）,0,5.0,15,0,aba
马尔康元兴柴火鸡店（个体工商户）,0,4.0,15,15,aba
马尔康冬四吉小卖部（个体工商户）,0,5.0,18,0,aba
马尔康初晞文具饰品店（个体工商户）,0,15.0,16,0,aba
汶川溜去吧轮滑鞋俱乐部（个体工商户）,1,1.0,16,0,aba
阿坝州顺安机动车驾驶培训有限公司,1,30.0,19,6,aba
马尔康正时废品回收经营部（个体工商户）,0,5.0,19,3,aba
马尔康顺风常来商店（个体工商户）,0,20.0,14,0,aba
马尔康左岸小憩咖啡店（个体工商户）,0,5.0,8,2,aba
马尔康顺诚便利店（个体工商户）,0,5.0,19,0,aba
马尔康金朋五金机电建材商行（个体工商户）,0,30.0,18,0,aba
马尔康浠岸酒店管理有限公司,0,20.0,14,2,aba
汶川岷天机械租赁有限责任公司,0,10.0,10,3,aba
马尔康午晶农产品贸易有限公司,1,10.0,16,0,aba
马尔康希辰酒水商贸有限责任公司,0,30.0,15,0,aba
阿坝州富吉商贸有限公司,0,20.0,12,0,aba
马尔康信创电子设备经营部（个体工商户）,0,4.0,19,3,aba
马尔康市云璟汇文化娱乐有限公司,0,50.0,7,6,aba
马尔康肖姐超市（个体工商户）,0,30.0,4,0,aba
卧龙篱夏文化旅游有限公司,0,50.0,4,2,aba
马尔康市财源货运有限公司,0,10.0,11,5,aba
马尔康众合广告传媒有限公司,1,20.0,16,3,aba
阿坝州同创档案管理服务有限责任公司,0,30.0,14,3,aba
马尔康鑫颐种养殖专业合作社,0,60.0,6,1,aba
马尔康顺诚便利店（个体工商户）,1,5.0,20,0,aba
马尔康泽仁小卖部（个体工商户）,0,20.0,6,0,aba
马尔康醉仙翁白酒行（个体工商户）,0,30.0,19,0,aba
马尔康万客门小吃店（个体工商户）,0,5.0,15,2,aba
马尔康嗨蓝调化妆品店（个体工商户）,0,30.0,12,0,aba
卧龙鑫盛洲投资有限公司,0,2.5,11,7,aba
汶川县友友水果店（个体工商户）,0,10.0,6,0,aba
汶川县景旺健康咨询中心（个体工商户）,0,5.0,5,3,aba
马尔康康悦鑫都文化发展有限公司,0,10.0,16,3,aba
汶川县水磨镇景和门窗装饰店（个体工商户）,0,10.0,16,3,aba
汶川鼎晟劳务服务有限公司,0,10.0,14,3,aba
马尔康福泽种养殖农民专业合作社,0,10.0,15,1,aba
阿坝州供发餐饮服务有限责任公司,0,20.0,12,2,aba
汶川县正姐商贸有限公司,0,10.0,13,0,aba
马尔康绒萨批发部（个体工商户）,0,30.0,15,0,aba
汶川县灞州镇众兴劳务服务专业合作社,0,5.0,8,1,aba
汶川兮山再生资源回收有限公司,1,50.0,16,0,aba
马尔康卓恒管理咨询中心（个体工商户）,0,5.0,15,3,aba
马尔康绒义茶楼（个体工商户）,0,30.0,7,2,aba
汶川县水磨镇学友易尚购超市（个体工商户）,0,40.0,7,6,aba
马尔康张雷蔬菜店（个体工商户）,0,6.0,15,0,aba
汶川县红岷电力服务部（个人独资）,0,6.0,12,8,aba
马尔康捷诚机械租赁部（个体工商户）,0,50.0,7,0,aba
汶川县水磨镇秀东数码生活馆（个体工商户）,0,13.0,7,10,aba
马尔康鑫佳五金建材部（个体工商户）,0,15.0,18,0,aba
四川琴乐文化艺术培训有限公司,0,30.0,8,6,aba
马尔康大乐之野俱乐部（个体工商户）,0,30.0,8,2,aba
汶川县水磨镇太空动漫开发工作经营部（个体工商户）,0,10.0,7,10,aba
马尔康伟祥中药材种植专业合作社,0,20.0,6,1,aba
汶川县源宏鑫厨房用具经营店（个体工商户）,0,50.0,20,0,aba
马尔康郎贝贝小卖部（个体工商户）,0,30.0,19,0,aba
汶川县三江里半岛建筑装饰设计有限公司,0,10.0,14,7,aba
马尔康腾通商贸有限公司,0,30.0,13,0,aba
汶川鑫艳宇通信经营服务部（个体工商户）,0,5.0,16,0,aba
汶川县漩口镇黄师傅裁缝店（个体工商户）,0,5.0,16,3,aba
四川汶川康济康复理疗有限公司,0,5.0,14,3,aba
卧龙固盛建材有限公司,0,50.0,8,0,aba
卧龙人为峰市场推广部（个体工商户）,0,20.0,8,3,aba
马尔康娟娟超市经营部（个体工商户）,0,30.0,20,0,aba
马尔康三组角运农家乐（个体工商户）,0,10.0,11,2,aba
马尔康市巴康餐饮管理有限公司,0,5.0,14,4,aba
汶川尔格舞蹈艺术咨询馆（个体工商户）,0,7.0,7,3,aba
汶川宏世建筑工程有限责任公司,0,5.0,9,7,aba
马尔康怕它百货店（个体工商户）,0,1.0,8,0,aba
汶川无忧农商杂货铺（个体工商户）,0,10.0,8,0,aba
马尔康柯柯鲜食便利店（个体工商户）,0,2.0,5,5,aba
马尔康啦斯巴仓配部（个体工商户）,0,20.0,4,0,aba
汶川县利丰达矿产品经销部（个体工商户）,0,1.0,19,0,aba
阿坝旺富新型耐火材料有限公司,0,50.0,15,4,aba
汶川六禾茶楼坊（个体工商户）,0,9.0,14,2,aba
马尔康伍阿哥杀虫灭鼠服务有限责任公司,0,20.0,10,1,aba
马尔康凌岳运输服务有限责任公司,0,40.0,7,5,aba
汶川巨实惠再生资源回收店（个体工商户）,0,8.0,19,0,aba
汶川县水磨镇嘟嘟咖啡店（个体工商户）,0,10.0,18,2,aba
马尔康杨小蓉连锁机构健康管理中心（个体工商户）,0,5.0,17,3,aba
马尔康顺康五金建材经营部（个体工商户）,0,30.0,17,0,aba
马尔康等你下课文具店（个体工商户）,0,10.0,15,0,aba
马尔康绒措民宿（个体工商户）,0,10.0,15,15,aba
马尔康嘉绒古茹藏香店（个体工商户）,0,15.0,9,0,aba
汶川县点点文具用品店（个体工商户）,0,10.0,7,0,aba
马尔康众合建设工程管理有限公司,0,50.0,6,9,aba
汶川县金南广告制作部（个体工商户）,0,10.0,19,4,aba
马尔康优邻居副食店（个体工商户）,0,5.0,15,15,aba
马尔康市扎尔都建筑工程机械租赁有限公司,0,20.0,14,3,aba
马尔康泽郎哈姆小卖部（个体工商户）,0,1.0,9,0,aba
马尔康锦泰建材经营部（个体工商户）,0,50.0,9,0,aba
汶川这里有花花卉销售店（个体工商户）,1,4.0,8,1,aba
汶川弘昌机械设备租赁部（个体工商户）,0,60.0,6,3,aba
马尔康小静印务店（个体工商户）,0,10.0,18,3,aba
马尔康沪上阿姨茶饮店（个体工商户）,0,40.0,15,2,aba
马尔康嘉绒湾大酒店（个体工商户）,0,50.0,15,2,aba
汶川县盛夏金石劳务服务有限责任公司,0,60.0,11,3,aba
汶川一这里有花鲜花店（个体工商户）,0,3.0,6,0,aba
汶川县果行天下水果经营部（个体工商户）,0,1.0,17,0,aba
马尔康市十七网吧（个人独资）,0,50.0,13,6,aba
马尔康罗布林卡酒店（个体工商户）,0,18.0,8,2,aba
汶川县三江镇猪事顺意家庭农场（个体工商户）,0,50.0,6,1,aba
马尔康铭盛商店（个体工商户）,0,3.0,19,0,aba
马尔康央金马演艺有限公司,0,40.0,16,2,aba
马尔康晶龙湾大酒店（个体工商户）,0,50.0,15,2,aba
汶川县水磨镇映圻家庭农场（个体工商户）,0,20.0,7,1,aba
汶川县三江镇鸿信通讯店（个体工商户）,0,1.0,15,10,aba
汶川县百佳客小卖部（个体工商户）,0,2.0,8,0,aba
马尔康许师汽车维修有限责任公司,0,3.0,7,3,aba
马尔康波腾小卖部（个体工商户）,0,8.0,7,0,aba
汶川众兴广告部（个体工商户）,0,10.0,18,4,aba
卧龙清清达便民百货超市（个体工商户）,0,25.0,16,0,aba
马尔康市脚木脚工程机械租赁有限公司,0,20.0,14,3,aba
汶川胜何家电维修服务店（个体工商户）,0,1.0,12,3,aba
马尔康武虎酒肉烤场（个体工商户）,0,60.0,11,2,aba
马尔康爱上家装饰店（个体工商户）,0,3.0,7,7,aba
马尔康九四劳保用品店（个体工商户）,0,10.0,4,0,aba
汶川县水磨镇辉宏五金店（个体工商户）,0,10.0,16,0,aba
马尔康和达机械租赁站（个体工商户）,0,10.0,14,3,aba
马尔康来伊份零食店（个体工商户）,0,20.0,8,0,aba
汶川蓉一品超市（个体工商户）,0,30.0,7,0,aba
马尔康嘉茗茶府（个体工商户）,0,30.0,6,2,aba
汶川县马槽酒散装白酒经营店（个体工商户）,0,5.0,5,4,aba
马尔康陈厚达瓦钦土特产店（个体工商户）,0,30.0,14,0,aba
马尔康兜欢喜小卖部（个体工商户）,0,10.0,13,0,aba
马尔康客来多零食店（个体工商户）,0,6.0,9,0,aba
汶川县欣恋日用品部（个体工商户）,0,1.0,9,3,aba
卧龙金茂停车休息中心（个体工商户）,0,60.0,20,1,aba
汶川县映秀镇上木江坪建材经营部（个体工商户）,0,50.0,19,0,aba
马尔康市罗桑中医诊所有限责任公司,0,10.0,10,13,aba
汶川县果哆哆水果店（个体工商户）,0,6.0,8,0,aba
马尔康云上驿站（个体工商户）,0,98.0,8,2,aba
马尔康旦尼民宿（个体工商户）,0,10.0,7,2,aba
汶川县广胜汽车租赁服务有限责任公司,0,50.0,6,3,aba
马尔康鸿程物资经营部（个体工商户）,0,10.0,20,0,aba
汶川鸿鹄祥机械租赁有限公司,0,50.0,15,3,aba
马尔康嘎嘎百货店（个体工商户）,0,5.0,4,0,aba
马尔康多杰惠民玲物品商店（个体工商户）,1,3.0,20,0,aba
马尔康东噶酒店（个体工商户）,0,50.0,18,2,aba
马尔康阿班机械租赁有限公司,0,10.0,14,3,aba
马尔康查登报废汽车回收有限公司,0,20.0,13,0,aba
马尔康山下五厨渣渣牛肉火锅店（个体工商户）,0,30.0,7,2,aba
汶川绵虒好之润土特产经营店（个体工商户）,0,8.0,7,1,aba
汶川县嘉益服饰有限公司,0,10.0,11,4,aba
马尔康塔吉土特产店（个体工商户）,0,50.0,20,0,aba
卧龙耿达镇貊山下私汤民宿（个体工商户）,0,70.0,9,2,aba
马尔康天宫娱乐有限公司,0,5.0,8,6,aba
马尔康布鲁曼台球俱乐部（个体工商户）,0,15.0,15,15,aba
汶川雁门万峰副食综合经营部（个体工商户）,0,32.0,13,0,aba
卧龙中强劳务有限责任公司,0,10.0,7,3,aba
马尔康君鸿茶府（个体工商户）,0,1.0,16,2,aba
汶川县三江协成劳务服务专业合作社,0,0.5,7,1,aba
马尔康金品私厨餐吧（个体工商户）,0,10.0,19,2,aba
马尔康跳海俱乐部（个体工商户）,0,68.0,16,0,aba
马尔康华祥牦牛食品有限公司,0,5.0,15,0,aba
马尔康茗禹建材店（个体工商户）,0,30.0,14,0,aba
马尔康壹碗馄饨店（个体工商户）,0,8.0,11,2,aba
马尔康熹捞旋转小火锅店（个体工商户）,0,20.0,7,2,aba
马尔康九格红老火锅店（个体工商户）,0,50.0,20,2,aba
马尔康鑫浩五金机电百货店（个体工商户）,0,20.0,19,0,aba
马尔康甲兄酒馆（个体工商户）,0,15.0,16,2,aba
汶川县优先汽车租赁服务有限公司,1,10.0,14,3,aba
马尔康友趣销售店（个体工商户）,0,10.0,11,0,aba
马尔康迦境书法工作室（个体工商户）,0,30.0,9,6,aba
马尔康品尚藏餐店（个体工商户）,0,10.0,9,2,aba
马尔康达郎仁千商贸有限公司,0,20.0,8,0,aba
汶川县漩口镇新启航商贸经营部（个体工商户）,0,50.0,7,0,aba
马尔康运鑫运输服务有限公司,0,20.0,18,5,aba
马尔康心兴土特产店（个体工商户）,0,5.0,15,0,aba
汶川县卧龙特区客安出租客运有限责任公司,0,20.0,14,5,aba
马尔康云景运输有限公司,0,10.0,13,5,aba
马尔康三郎仁青土特产店（个体工商户）,0,10.0,8,0,aba
马尔康雪山珍品土特产店（个体工商户）,0,10.0,8,0,aba
马尔康牦公子串串香店（个体工商户）,0,25.0,8,2,aba
汶川屿山里民宿旅店（个体工商户）,0,80.0,7,2,aba
汶川县王志文搬家店（个体工商户）,0,5.0,7,5,aba
马尔康天驰工程机械租赁有限公司,0,20.0,6,3,aba
汶川鑫诚艺装饰装修有限公司,0,10.0,11,7,aba
汶川县漩口镇李婆婆蔬菜店（个体工商户）,0,10.0,16,0,aba
马尔康酒零烤室新派烧烤店（个体工商户）,0,10.0,14,2,aba
马尔康巴山芋儿鸡餐饮店（个体工商户）,0,10.0,13,2,aba
马尔康今昭文化工作室（个体工商户）,0,6.0,8,6,aba
马尔康熊大爷现包饺子馆（个体工商户）,0,50.0,7,2,aba
马尔康红社老味火锅店（个体工商户）,0,12.0,20,2,aba
马尔康洁成建材销售部（个体工商户）,0,10.0,17,0,aba
马尔康雍和茶舍府（个体工商户）,0,1.0,8,2,aba
马尔康旃檀香社（个体工商户）,0,10.0,6,4,aba
汶川县水磨镇运驰车辆维修经营部（个体工商户）,0,10.0,9,3,aba
汶川县映秀镇圆圆食品销售店（个体工商户）,0,10.0,4,0,aba
汶川绵虒镇华良电动车经营行（个体工商户）,0,4.0,20,0,aba
马尔康嘉绒格曼藏餐吧（个体工商户）,0,57.0,15,2,aba
汶川县水磨镇黄昏四季餐厅（个体工商户）,0,40.0,15,2,aba
马尔康花满庭农家乐（个体工商户）,0,10.0,13,2,aba
马尔康三碳长烤肉店（个体工商户）,0,6.0,9,2,aba
马尔康阿嫫峨日小吃店（个体工商户）,0,10.0,7,2,aba
汶川县水磨镇不远不晚致富工坊（个体工商户）,0,10.0,6,2,aba
汶川县鑫西羌羌禧阁茶楼服务坊（个体工商户）,0,12.0,4,6,aba
马尔康八号台球俱乐部（个体工商户）,0,8.0,4,6,aba
马尔康重晴涮烤老火锅店（个体工商户）,0,5.0,19,2,aba
马尔康唐大姐经营部（个体工商户）,0,2.0,8,0,aba
卧龙随云自在民宿（个体工商户）,0,50.0,8,2,aba
汶川绵虒驿百惠超市经营部（个体工商户）,0,8.0,7,4,aba
马尔康准点火锅店（个体工商户）,0,6.0,4,2,aba
汶川县傲世互动娱乐厅（个人独资）,0,30.0,4,6,aba
马尔康红鑫商行经营部（个体工商户）,0,10.0,20,0,aba
汶川县睿轩烟酒行（个体工商户）,0,2.0,19,0,aba
马尔康央坝锦茶府（个体工商户）,0,70.0,19,2,aba
马尔康永星童装店（个体工商户）,1,10.0,15,0,aba
汶川县山猫机电设备租赁店（个体工商户）,0,4.0,15,3,aba
马尔康措莫货运部（个体工商户）,0,12.0,13,5,aba
马尔康冉灯建材经营部（个体工商户）,0,50.0,8,0,aba
马尔康宗秀酒吧（个体工商户）,0,50.0,7,6,aba
汶川县威州镇旭梅养生咨询馆（个体工商户）,0,1.0,6,3,aba
汶川县根旺农资店（个体工商户）,0,10.0,6,0,aba
卧龙启明小筑民宿（个体工商户）,0,50.0,4,2,aba
马尔康康管家维修服务部（个体工商户）,0,40.0,20,3,aba
马尔康西西通信店（个体工商户）,1,3.0,11,0,aba
卧龙木语民宿（个体工商户）,0,50.0,10,2,aba
汶川鱼窥荷果蔬销售有限责任公司,0,8.0,10,0,aba
卧龙鑫安居民宿（个体工商户）,0,60.0,4,2,aba
汶川栖花缘美妆经营部,0,4.0,19,0,aba
马尔康川魂帽牌货冒菜店（个体工商户）,0,20.0,19,2,aba
马尔康明珠阳光茶楼（个体工商户）,0,10.0,16,2,aba
马尔康温暖的冻品店（个体工商户）,0,15.0,16,0,aba
马尔康炒老板泡椒三绝店（个体工商户）,0,6.0,12,2,aba
马尔康桑吉速达货运部（个体工商户）,0,10.0,7,5,aba
汶川县夕夺白酒酿造厂（个体工商户）,0,10.0,6,4,aba
马尔康山舍小院民宿（个体工商户）,0,10.0,20,2,aba
马尔康火焱江湖烧烤店（个体工商户）,0,20.0,16,2,aba
汶川香锦缘美容护肤品店（个体工商户）,0,3.0,16,0,aba
马尔康老巷口市井火锅店（个体工商户）,0,22.0,16,2,aba
马尔康头号玩家主机体验馆（个体工商户）,0,10.0,16,3,aba
马尔康赞巴喇藏餐店（个体工商户）,0,40.0,11,2,aba
汶川县茂飞建筑工程有限责任公司,0,30.0,11,7,aba
卧龙熊猫驿站服务店（个体工商户）,0,30.0,10,2,aba
汶川县陈其福杂粮店（个体工商户）,0,8.0,7,0,aba
汶川县水磨镇豪通建材经营部（个体工商户）,0,20.0,4,0,aba
马尔康鸡公面馆（个体工商户）,0,40.0,4,2,aba
汶川县食粒派小餐饮店（个体工商户）,0,2.0,20,2,aba
马尔康罗布林藏餐店（个体工商户）,0,35.0,19,2,aba
汶川县水磨镇不务正夜用品店（个体工商户）,0,1.0,18,0,aba
马尔康藏秘风情吧（个体工商户）,0,30.0,18,2,aba
马尔康琪茂金钱肚串串店（个体工商户）,0,20.0,17,2,aba
汶川县三江镇清水湾农家乐（个体工商户）,0,20.0,14,2,aba
马尔康神碳烧烤店（个体工商户）,0,20.0,12,2,aba
卧龙木涯星空民宿（个体工商户）,0,10.0,8,2,aba
卧龙穿鞋戴运商贸部（个体工商户）,0,3.0,8,0,aba
汶川县三江镇优益家电经营部（个体工商户）,0,10.0,7,3,aba
汶川县水磨镇永洪家庭农场（个体工商户）,0,10.0,6,1,aba
马尔康天音餐吧（个体工商户）,0,20.0,6,2,aba
汶川县鑫李老三砂锅米线店（个体工商户）,0,10.0,5,2,aba
马尔康渝云面馆（个体工商户）,0,1.0,4,2,aba
马尔康茶缘阁茶楼（个体工商户）,0,8.0,20,2,aba
汶川县水磨镇栖凤居民宿（个体工商户）,0,40.0,20,2,aba
马尔康中洪军饭店（个体工商户）,0,10.0,18,2,aba
马尔康雪山精华土特产经营部（个体工商户）,0,20.0,16,0,aba
马尔康夜猫子烧烤店（个体工商户）,0,5.0,13,2,aba
汶川红白殡葬服务店（个体工商户）,0,10.0,12,3,aba
马尔康食味轩餐饮店（个体工商户）,0,10.0,11,2,aba
汶川县水磨镇贰壹叁民宿（个体工商户）,0,5.0,8,2,aba
马尔康康城索嘎家政服务部（个体工商户）,0,1.0,8,3,aba
马尔康旺迦货运部（个体工商户）,0,10.0,7,5,aba
卧龙穿金戴银鞋店（个体工商户）,0,3.0,6,0,aba
马尔康阿姐茶餐吧（个体工商户）,0,10.0,5,2,aba
马尔康微醺酒馆（个体工商户）,0,4.0,4,2,aba
汶川牙医学药物研究部（个体工商户）,0,5.0,20,9,aba
卧龙好运货物运输店（个体工商户）,0,20.0,18,5,aba
马尔康白扎货运部（个体工商户）,0,50.0,16,5,aba
马尔康欣妹鸡杂餐饮店（个体工商户）,0,20.0,16,2,aba
汶川开心乐超市店（个体工商户）,0,9.0,11,0,aba
汶川县威州镇高锋新村张娜家庭农场店（个体工商户）,0,1.0,8,0,aba
马尔康炭火情深烧烤店（个体工商户）,0,5.0,7,2,aba
汶川五音移动通讯设备有限责任公司,0,10.0,6,4,aba
马尔康冯校长老火锅店（个体工商户）,0,20.0,4,2,aba
汶川桑坪盛世茶楼店（个体工商户）,0,50.0,20,2,aba
汶川县水磨镇藏元素土特产店（个体工商户）,0,5.0,20,0,aba
汶川县漩口镇沙沙农副产品零售店（个体工商户）,0,1.0,18,0,aba
汶川满天星超市（个体工商户）,0,5.0,18,0,aba
马尔康怡德中餐馆（个体工商户）,0,6.0,16,2,aba
马尔康马二娘清真馆（个体工商户）,0,30.0,16,2,aba
马尔康祥昂家庭农场（个体工商户）,0,15.0,16,1,aba
马尔康万林冒菜店（个体工商户）,0,5.0,15,15,aba
马尔康晚酌酒馆（个体工商户）,0,16.0,13,0,aba
马尔康云府茗茶楼（个体工商户）,0,5.0,12,2,aba
马尔康唐哥维修行（个体工商户）,0,10.0,10,3,aba
马尔康大王馄饨店（个体工商户）,0,3.0,9,2,aba
马尔康九倒拐串串香店（个体工商户）,0,70.0,8,2,aba
汶川绵虒山珍土特产店（个体工商户）,0,2.0,7,0,aba
马尔康物通货运部（个体工商户）,0,15.0,7,3,aba
马尔康慕叁山蛋糕店（个体工商户）,0,1.0,5,4,aba
汶川县水磨镇隐麓山居民宿（个体工商户）,0,60.0,19,2,aba
马尔康万贺茶府（个体工商户）,0,6.0,18,2,aba
马尔康石达扎布家庭农场（个体工商户）,0,40.0,16,1,aba
汶川街心闲聚茶楼坊（个体工商户）,0,50.0,15,2,aba
马尔康阿依拉货运部（个体工商户）,0,12.0,13,5,aba
马尔康茂姐的厨房店（个体工商户）,0,1.0,13,2,aba
马尔康创佳五金建材经营部（个体工商户）,0,8.0,12,0,aba
卧龙耿达风顺租赁有限公司,0,50.0,15,3,aba
汶川李老三砂锅米线店（个体工商户）,1,10.0,9,2,aba
卧龙貘语民宿（个体工商户）,0,20.0,9,2,aba
汶川利鑫达矿业有限公司,0,50.0,8,0,aba
马尔康鲜火烤肉店（个体工商户）,0,1.0,8,2,aba
汶川县映秀镇家兴电器经营部（个体工商户）,0,10.0,7,0,aba
汶川县水磨镇平英家庭农场（个体工商户）,0,20.0,7,1,aba
马尔康阿哚家农家院（个体工商户）,0,30.0,20,2,aba
马尔康阿嘉齐工作室（个体工商户）,0,50.0,19,6,aba
汶川县漩口镇星光打印部（个体工商户）,0,6.0,19,4,aba
汶川县水磨镇茶园民宿（个体工商户）,0,60.0,18,2,aba
汶川县无忧城街心台球厅（个体工商户）,0,5.0,18,6,aba
马尔康祥丰洗车人家场（个体工商户）,0,6.6,16,3,aba
马尔康普吉酒店（个体工商户）,0,20.0,15,2,aba
马尔康名爵台球厅（个体工商户）,0,1.0,14,6,aba
马尔康美古货运部（个体工商户）,0,13.0,13,5,aba
马尔康脚尔木货运部（个体工商户）,0,12.0,13,5,aba
马尔康尚格再生资源回收站（个体工商户）,0,80.0,13,3,aba
马尔康左记金溪面包店（个体工商户）,0,20.0,11,4,aba
汶川县水磨千寻口腔诊所有限责任公司,0,10.0,10,13,aba
马尔康市玉牙口腔诊所有限公司,0,20.0,10,13,aba
马尔康渝味火锅店（个体工商户）,0,50.0,9,2,aba
汶川县成大器老火锅餐饮店（个体工商户）,0,30.0,8,2,aba
马尔康戈纳夏服饰店（个体工商户）,0,1.0,7,0,aba
马尔康绒甲仓咖啡馆（个体工商户）,0,2.0,7,2,aba
马尔康德王洗涤服务中心（个体工商户）,0,50.0,20,3,aba
马尔康亿鑫车行（个体工商户）,0,5.0,18,0,aba
马尔康合诚汽修店（个体工商户）,0,30.0,16,3,aba
马尔康包子村早餐店（个体工商户）,1,15.0,14,2,aba
马尔康俄呷准珠宝店（个体工商户）,0,60.0,9,0,aba
马尔康鑫隆门鱼火锅店（个体工商户）,0,10.0,8,2,aba
马尔康帝澳咖啡厅（个体工商户）,0,20.0,7,2,aba
汶川县九八台球厅（个体工商户）,0,10.0,7,6,aba
马尔康杜丹庭足浴店（个体工商户）,0,50.0,5,3,aba
汶川县三江镇凤珠民宿（个体工商户）,0,60.0,18,2,aba
汶川县三江镇乐活汇民宿（个体工商户）,0,60.0,16,2,aba
马尔康洛日茶咖店（个体工商户）,0,20.0,14,0,aba
马尔康普大厨餐饮店（个体工商户）,1,8.0,14,2,aba
马尔康云锦冒菜店（个体工商户）,0,2.0,13,2,aba
卧龙蜀乡居客栈（个体工商户）,0,20.0,9,2,aba
汶川县漩口镇顺隆家庭农场（个体工商户）,0,5.0,8,1,aba
汶川县水磨镇成东机械设备租赁部（个体工商户）,0,40.0,7,5,aba
汶川县鑫陈氏水果店（个体工商户）,0,5.0,7,0,aba
马尔康冒大仙冒菜店（个体工商户）,0,15.0,19,2,aba
马尔康拉东机械租赁站（个体工商户）,0,60.0,18,0,aba
汶川屹豪餐饮服务部（个体工商户）,0,5.0,18,2,aba
马尔康巴拉巴拉童装店（个体工商户）,0,80.0,17,0,aba
马尔康串味江湖串串店（个体工商户）,0,30.0,15,2,aba
马尔康写素服装店（个体工商户）,0,5.0,8,0,aba
马尔康东豪酒店（个体工商户）,0,10.0,8,2,aba
马尔康食美鲜中餐馆（个体工商户）,0,4.0,7,2,aba
马尔康三羊劳务服务有限公司,0,50.0,7,3,aba
卧龙杨姐租赁部（个体工商户）,0,20.0,6,2,aba
马尔康夏琼酒店（个体工商户）,0,15.0,4,2,aba
马尔康江宇机械租赁站（个体工商户）,0,2.0,20,3,aba
马尔康茶里棋牌坊（个体工商户）,0,20.0,19,2,aba
汶川县五虎将餐饮服务店（个体工商户）,0,80.0,19,2,aba
马尔康郎科机械租赁站（个体工商户）,0,60.0,18,0,aba
马尔康茶古河畔家庭农场（个体工商户）,0,80.0,18,1,aba
马尔康陈银华机械租赁部（个体工商户）,0,8.0,17,3,aba
马尔康龙二哥蔬菜干杂店（个体工商户）,0,2.0,16,0,aba
马尔康星爵台球厅（个体工商户）,0,20.0,15,3,aba
汶川县映秀镇启源商贸店（个体工商户）,0,5.0,14,0,aba
马尔康时代美学设计中心（个体工商户）,0,20.0,13,3,aba
卧龙耿达半山拾理民宿（个体工商户）,0,20.0,13,2,aba
马尔康十八梯邓凳面馆（个体工商户）,0,6.0,8,2,aba
汶川县龙哥快餐店（个体工商户）,0,4.0,8,2,aba
马尔康智让沃丹沃博藏香厂（个体工商户）,0,10.0,7,4,aba
汶川县水磨镇果缤纷水果店（个体工商户）,0,15.0,7,0,aba
汶川绵虒美味小吃店（个体工商户）,0,8.0,7,2,aba
马尔康锦盛饭店（个体工商户）,0,6.0,5,2,aba
马尔康全优机械租赁中心（个体工商户）,0,1.0,4,3,aba
马尔康一味好面馆（个体工商户）,0,2.0,4,2,aba
卧龙仟山悦民宿（个体工商户）,0,20.0,4,2,aba
马尔康蔚澜酒吧（个体工商户）,0,20.0,20,6,aba
马尔康叁陆伍零批发部（个体工商户）,0,30.0,20,0,aba
马尔康花一直开花店（个体工商户）,0,12.0,19,0,aba
汶川县便利副食品批发店（个体工商户）,0,5.0,18,0,aba
汶川县成强通讯器材经营店（个体工商户）,0,3.0,18,0,aba
汶川县义达蹄花鸡火锅店（个体工商户）,0,16.0,18,2,aba
马尔康让央甲机械租赁站（个体工商户）,0,50.0,17,3,aba
马尔康沁然老火锅店（个体工商户）,0,30.0,16,2,aba
马尔康溢香苑鱼府（个体工商户）,0,10.0,16,2,aba
马尔康二娃粥道餐饮店（个体工商户）,1,20.0,15,2,aba
汶川余林林道路货物运输经营部（个体工商户）,0,10.0,14,5,aba
马尔康鲜果到家水果店（个体工商户）,0,20.0,14,0,aba
马尔康铁锅锅米线店（个体工商户）,0,10.0,13,2,aba
汶川鑫金记蛋糕加工店（个体工商户）,0,8.0,8,4,aba
汶川县兴琼大姐水果经营店（个体工商户）,0,5.0,7,0,aba
汶川县蜀牛香牦牛肉汤锅店（个体工商户）,0,15.0,7,5,aba
马尔康叁俩一橱餐饮店（个体工商户）,0,7.0,6,15,aba
汶川县熊熊餐饮服务店（个体工商户）,0,3.0,6,2,aba
马尔康山娃子小吃店（个体工商户）,0,2.0,4,2,aba
马尔康真仁皮肤美容中心（个体工商户）,0,2.0,19,3,aba
马尔康梁姐饭店（个体工商户）,0,4.0,18,2,aba
卧龙鲜活时蔬配送店（个体工商户）,0,10.0,16,0,aba
马尔康藏地民宿（个体工商户）,0,5.0,16,2,aba
马尔康班吗洗车店（个体工商户）,0,3.0,16,3,aba
马尔康三朗罗尔伍货运部（个体工商户）,0,10.0,15,5,aba
马尔康段佐兵扎皮蹄花店（个体工商户）,0,18.0,15,2,aba
马尔康壹壶茶茶府（个体工商户）,0,1.0,13,3,aba
马尔康索南青措货运部（个体工商户）,0,12.0,13,5,aba
马尔康一间花屋（个体工商户）,0,10.0,10,0,aba
汶川县芳华服装商贸来料加工经营部（个体工商户）,0,10.0,8,4,aba
汶川县艺无忧净水器经营中心（个体工商户）,0,2.0,8,3,aba
马尔康食为天川菜馆（个体工商户）,0,12.0,7,2,aba
汶川县映秀镇兵杰副食经营部（个体工商户）,0,8.0,7,0,aba
汶川县菜园子家庭农场（个体工商户）,0,58.0,6,1,aba
马尔康巷往酒馆（个体工商户）,0,10.0,6,2,aba
汶川县水磨镇欢喜服装店（个体工商户）,0,4.0,19,0,aba
马尔康光头匠人干洗店（个体工商户）,0,5.0,18,9,aba
马尔康小赵酸菜饺子馆（个体工商户）,0,10.0,16,2,aba
马尔康轻野音乐餐吧（个体工商户）,0,20.0,15,2,aba
马尔康童伴衣橱店（个体工商户）,0,15.0,15,0,aba
马尔康尽地扎货运部（个体工商户）,0,15.0,14,5,aba
马尔康建兴货运部（个体工商户）,0,10.0,13,5,aba
马尔康达不亚泽克生货运部（个体工商户）,0,10.0,13,5,aba
马尔康常乐聚烧烤店（个体工商户）,0,5.0,13,2,aba
马尔康黄记牛肉馆（个体工商户）,0,10.0,8,2,aba
马尔康达尔基货运部（个体工商户）,0,5.0,8,5,aba
马尔康阿贵私房菜馆（个体工商户）,0,8.0,19,2,aba
马尔康串门烤店（个体工商户）,0,20.0,19,2,aba
马尔康京品阁自助火锅店（个体工商户）,0,10.0,18,2,aba
汶川县水磨镇辰顺劳务服务队（个体工商户）,0,10.0,18,3,aba
马尔康三郎扎西圣香店（个体工商户）,0,3.0,17,0,aba
马尔康萨尔曼缘民宿（个体工商户）,0,1.0,17,2,aba
马尔康十达康布货运部（个体工商户）,0,15.0,14,5,aba
马尔康傲雪棋服装店（个体工商户）,0,30.0,8,0,aba
马尔康李记私房菜馆（个体工商户）,0,15.0,8,2,aba
马尔康阿辉机械租赁部（个体工商户）,0,10.0,7,3,aba
马尔康彬红茶馆（个体工商户）,0,10.0,6,15,aba
马尔康烤烤香餐饮店（个体工商户）,0,15.0,5,2,aba
汶川县水磨镇鸿运福康理疗店（个体工商户）,0,10.0,4,3,aba
马尔康悦己服装店（个体工商户）,0,5.0,4,0,aba
马尔康飞芃建材店（个体工商户）,0,10.0,20,0,aba
马尔康佳佳好火锅店（个体工商户）,1,5.0,20,2,aba
马尔康日暮小院火锅店（个体工商户）,0,6.0,20,2,aba
马尔康旺诚卷烟零售网络店（个体工商户）,0,20.0,20,0,aba
马尔康阿木根机械租赁部（个体工商户）,0,10.0,19,3,aba
马尔康大肚涮烤店（个体工商户）,0,10.0,19,2,aba
汶川县二毛家庭农场（个体工商户）,0,10.0,19,1,aba
汶川县李开明啤酒经营部（个体工商户）,0,10.0,18,0,aba
马尔康裕鸿水产店（个体工商户）,0,15.0,17,0,aba
马尔康煲大拿鸡公煲店（个体工商户）,0,20.0,17,2,aba
马尔康百鲜居小吃店（个体工商户）,0,10.0,16,2,aba
汶川县醉渔湾美蛙鱼火锅店（个体工商户）,0,20.0,14,2,aba
阿坝州清氧室内空气净化有限责任公司,0,10.0,12,11,aba
马尔康又见一面店（个体工商户）,0,5.0,11,2,aba
马尔康依洛货运部（个体工商户）,0,10.0,9,5,aba
马尔康早点见面小吃店（个体工商户）,0,3.0,8,2,aba
马尔康菜小碗川湘店（个体工商户）,0,15.0,8,2,aba
马尔康锑锅麻辣烫店（个体工商户）,0,15.0,7,2,aba
马尔康聚集点夜宵店（个体工商户）,0,4.0,7,2,aba
马尔康然路克货运部（个体工商户）,0,2.0,6,5,aba
马尔康品聚商贸经营部（个体工商户）,0,5.0,6,4,aba
汶川县水磨镇孙师按摩店（个体工商户）,0,2.0,4,3,aba
马尔康大亚相货运部（个体工商户）,0,10.0,4,5,aba
汶川县水磨镇熙贝美甲店（个体工商户）,0,5.0,20,3,aba
汶川县街心小新很忙副食店（个体工商户）,0,5.0,20,0,aba
汶川县映秀镇发勋废旧回收站（个体工商户）,0,5.0,20,3,aba
汶川县三江镇秀玉家庭农场（个体工商户）,0,30.0,20,1,aba
汶川三只三只羊餐饮店（个体工商户）,0,1.0,19,2,aba
马尔康其平机械租赁站（个体工商户）,0,50.0,19,0,aba
汶川县三江康之道美容店（个体工商户）,0,10.0,18,3,aba
马尔康吴妹猪肉铺（个体工商户）,0,40.0,18,0,aba
汶川初甜烘培店（个体工商户）,0,3.0,16,0,aba
汶川县悠米通讯设备销售服务店（个体工商户）,0,3.0,15,0,aba
汶川县水磨镇溪岸木屋民宿（个体工商户）,0,15.0,14,2,aba
马尔康足布安真货运部（个体工商户）,0,12.0,13,5,aba
马尔康茗言果茶铺（个体工商户）,0,7.0,13,2,aba
马尔康一龙克货运部（个体工商户）,0,10.0,12,5,aba
汶川县萌贝贝托育服务中心（个人独资）,0,2.0,11,3,aba
马尔康高原牧人部落土特产店（个体工商户）,0,1.0,8,0,aba
汶川朱门配送中心（个体工商户）,1,10.0,8,5,aba
马尔康洪普工程机械维修部（个体工商户）,0,1.0,8,4,aba
马尔康掌中勺川菜馆（个体工商户）,0,5.0,7,2,aba
汶川县威州镇天天都有货运部（个体工商户）,0,5.0,6,5,aba
卧龙勇胜运输店（个体工商户）,0,20.0,4,5,aba
马尔康王小冒豆花冒菜店（个体工商户）,0,1.0,4,2,aba
汶川码头故事餐饮服务有限公司,0,10.0,20,2,aba
马尔康客来必欢乐汉堡餐厅（个体工商户）,0,50.0,20,2,aba
马尔康阿卡小卖部（个体工商户）,0,3.0,19,0,aba
汶川羌家小筑民宿旅店（个体工商户）,0,50.0,19,2,aba
马尔康嘉绒圣兴生态蔬菜家庭农场（个体工商户）,0,20.0,18,1,aba
马尔康壹叁柒陆清吧（个体工商户）,0,5.0,18,2,aba
马尔康南卡机械租赁部（个体工商户）,0,50.0,17,3,aba
汶川县漩口镇玉洪劳务队（个体工商户）,0,10.0,17,3,aba
马尔康壹加壹美发店（个体工商户）,0,18.0,16,3,aba
马尔康老店烧烤店（个体工商户）,0,2.0,16,2,aba
马尔康吴记大盘鸡店（个体工商户）,0,5.0,15,2,aba
马尔康致橡树工作室（个体工商户）,0,10.0,15,3,aba
马尔康泽郎查米货运部（个体工商户）,0,10.0,15,5,aba
汶川县大脑壳汽车代驾服务有限公司,0,1.0,15,3,aba
汶川县三江镇古月民宿（个体工商户）,0,30.0,14,2,aba
马尔康营地火锅店（个体工商户）,0,5.0,14,2,aba
马尔康美德货运部（个体工商户）,0,12.0,13,5,aba
卧龙嘉瑜设备租赁经营部（个体工商户）,0,20.0,12,5,aba
马尔康仁章畜牧养殖专业合作社,0,5.0,12,1,aba
汶川县水磨镇巷往美甲美睫店（个体工商户）,0,2.0,8,3,aba
马尔康云端家庭农场（个体工商户）,0,3.0,8,1,aba
卧龙枫林漫民宿（个体工商户）,0,90.0,8,2,aba
马尔康耀晶钢材店（个体工商户）,0,20.0,8,4,aba
汶川县蓝豆豆儿童看护中心（个体工商户）,0,10.0,8,13,aba
马尔康诚勤芯氧服装店（个体工商户）,0,30.0,4,0,aba
马尔康文静小卖部（个体工商户）,0,5.0,16,0,aba
汶川县三江镇半山渡民宿（个体工商户）,0,30.0,16,2,aba
马尔康爱屋圣世小卖部（个体工商户）,0,10.0,15,0,aba
卧龙忆乡居民宿（个体工商户）,0,30.0,14,2,aba
马尔康聚闲茶楼（个体工商户）,0,7.0,13,2,aba
马尔康曹哥子串串香店（个体工商户）,0,10.0,13,2,aba
马尔康杨春英干杂店（个体工商户）,0,3.0,10,0,aba
汶川县映秀镇和信机械租赁部（个体工商户）,0,50.0,10,3,aba
汶川县水磨镇倩倩土特产店（个体工商户）,0,5.0,20,0,aba
汶川县水磨镇鸿福茶楼（个体工商户）,0,30.0,19,2,aba
汶川县映秀镇一碗水村曾二妹殡葬用品店（个体工商户）,0,5.0,18,3,aba
马尔康麦莎品牌服装店（个体工商户）,0,10.0,18,0,aba
马尔康罗尔依机械租赁部（个体工商户）,0,20.0,17,3,aba
马尔康艾琳女装店（个体工商户）,0,6.0,16,0,aba
马尔康绿色牧场产品店（个体工商户）,0,5.0,14,0,aba
马尔康德乾服装店（个体工商户）,0,12.0,14,0,aba
汶川县运锋运输有限公司,0,5.0,13,5,aba
马尔康三味盅盅面馆（个体工商户）,0,1.0,10,2,aba
马尔康田记简餐店（个体工商户）,0,6.0,5,2,aba
汶川县水磨镇李三嬢乐山油炸店（个体工商户）,0,6.0,4,2,aba
马尔康秋秋炸串店（个体工商户）,0,5.0,4,2,aba
马尔康阿玲小吃店（个体工商户）,0,2.0,4,2,aba
汶川县禹酿白酒酿造坊（个体工商户）,0,10.0,20,4,aba
马尔康濛源家庭农场（个体工商户）,0,30.0,20,1,aba
汶川县水磨镇瑞哥土特产店（个体工商户）,0,10.0,18,0,aba
汶川县映秀镇渝足五金销售店（个体工商户）,0,4.0,16,0,aba
马尔康六六六快餐店（个体工商户）,0,6.0,16,2,aba
马尔康有间烧烤店（个体工商户）,0,10.0,16,2,aba
汶川鑫众力再生资源回收站（个体工商户）,0,10.0,15,0,aba
汶川县水磨镇高山原家庭农场（个体工商户）,0,30.0,15,1,aba
汶川县三江镇君杨民宿（个体工商户）,0,20.0,15,2,aba
马尔康索朗货运部（个体工商户）,0,10.0,13,5,aba
汶川县麦花群小吃店（个体工商户）,0,3.0,10,2,aba
汶川县水磨镇开云台球俱乐部（个体工商户）,0,12.0,8,3,aba
马尔康怦然心动服装店（个体工商户）,0,20.0,8,0,aba
汶川县映秀镇乐购粮油副食经营部（个体工商户）,0,3.0,7,0,aba
汶川县映秀镇小王家庭农场（个体工商户）,0,3.0,7,1,aba
马尔康莱福餐饮店（个体工商户）,0,5.0,6,2,aba
马尔康巷子里酒馆（个体工商户）,0,20.0,5,2,aba
马尔康甲措运输部（个体工商户）,0,20.0,4,3,aba
马尔康心感觉服装店（个体工商户）,0,3.0,19,0,aba
马尔康东香小茶楼（个体工商户）,1,2.0,17,2,aba
卧龙乾浩货运部（个体工商户）,0,20.0,16,5,aba
马尔康富婆的衣橱服装店（个体工商户）,0,12.0,16,0,aba
汶川县华阳通讯设备销售店（个体工商户）,0,2.5,15,0,aba
马尔康飞甲货运部（个体工商户）,0,10.0,14,5,aba
马尔康克什伍服装店（个体工商户）,0,10.0,14,0,aba
马尔康麻辣食客餐饮店（个体工商户）,0,7.0,13,2,aba
卧龙兵丹货运部（个体工商户）,0,20.0,12,5,aba
汶川县水磨镇瑞臣土特产店（个体工商户）,0,2.0,12,0,aba
汶川县鑫顺路便利店（个体工商户）,0,1.0,8,0,aba
马尔康泽让货运部（个体工商户）,0,6.0,7,3,aba
马尔康碗碗香牛肉面店（个体工商户）,0,1.0,7,2,aba
汶川县漩口镇良栖民宿（个体工商户）,0,3.0,6,2,aba
马尔康斯登梦婚礼用品销售店（个体工商户）,0,30.0,18,0,aba
马尔康鑫昌盛猪脚饭店（个体工商户）,0,1.0,16,2,aba
汶川县三江镇怡萌便民驿站（个体工商户）,0,3.0,13,3,aba
卧龙足木租赁部（个体工商户）,0,10.0,12,3,aba
汶川毛椒火辣鲜货串串香店（个体工商户）,0,20.0,9,2,aba
马尔康食福小吃店（个体工商户）,0,7.0,8,2,aba
汶川县水磨镇乐彤民宿（个体工商户）,0,8.0,8,2,aba
汶川县映秀镇羌山记土特产店（个体工商户）,0,2.0,7,0,aba
汶川县水磨镇火炎焱货运部（个体工商户）,0,5.0,6,5,aba
汶川县双双日用品店（个体工商户）,0,20.0,6,0,aba
汶川县水磨镇十月美甲店（个体工商户）,0,2.0,6,3,aba
马尔康渔康渔粉小吃店（个体工商户）,0,5.0,19,2,aba
卧龙星昊货运店（个体工商户）,0,5.0,19,5,aba
马尔康星网通信店（个体工商户）,0,3.0,18,0,aba
汶川县水磨镇鑫鸿茶楼（个体工商户）,0,15.0,18,2,aba
汶川县鲁阿卤剁椒卤肉饭卤肉餐饮店（个体工商户）,0,10.0,18,2,aba
马尔康江乓货运部（个体工商户）,0,10.0,16,5,aba
马尔康德普货运部（个体工商户）,0,20.0,16,5,aba
汶川县水磨镇顺康按摩馆（个体工商户）,0,2.0,16,3,aba
卧龙肖恒车队店（个体工商户）,0,20.0,14,5,aba
马尔康花芝奶茶店（个体工商户）,0,20.0,14,2,aba
汶川康牧兽药有限责任公司,0,5.0,15,0,aba
汶川瑞愈康中西医结合诊所有限公司,0,20.0,9,13,aba
汶川县漩口镇宇佳车辆维修经营部（个体工商户）,0,10.0,9,3,aba
汶川县汶梦水果经营部（个体工商户）,0,10.0,7,0,aba
卧龙三郎中药材销售有限公司,0,10.0,7,0,aba
汶川县阿尔沟山舍民宿旅店（个体工商户）,0,30.0,7,2,aba
卧龙明月山溪民宿（个体工商户）,0,50.0,6,2,aba
卧龙卓西牧场休息超市（个体工商户）,0,10.0,4,2,aba
马尔康左撇子餐饮店（个体工商户）,0,10.0,4,2,aba
汶川县亿姿美美容美体服务店（个体工商户）,1,5.0,18,3,aba
马尔康额勒货运部（个体工商户）,0,10.0,17,5,aba
马尔康嘉慧农产品初加工店（个体工商户）,0,20.0,15,4,aba
汶川县水磨镇鑫乐民宿（个体工商户）,0,20.0,15,2,aba
马尔康青麦穗家庭农场（个体工商户）,0,50.0,15,1,aba
马尔康下德普货运部（个体工商户）,0,10.0,14,5,aba
汶川县映秀镇盼达民宿旅店（个体工商户）,0,38.0,14,2,aba
汶川县漩口镇卿卿里副食店（个体工商户）,0,2.0,13,0,aba
马尔康康嘉对外停车场（个体工商户）,0,1.0,8,3,aba
汶川县纳吉纳鲁茶楼坊（个体工商户）,0,30.0,6,6,aba
汶川县水磨镇忠福家庭农场（个体工商户）,0,20.0,4,1,aba
汶川县三江镇术蓉养殖家庭农场（个体工商户）,0,16.0,19,1,aba
马尔康双子印务工作室（个体工商户）,0,5.0,19,3,aba
汶川县水磨镇聚景香茶楼（个体工商户）,0,5.0,19,2,aba
汶川县三江镇仕洪家庭农场（个体工商户）,0,20.0,17,1,aba
汶川县汐汐餐饮服务馆（个体工商户）,0,2.0,16,2,aba
马尔康欣钰通信店（个体工商户）,0,3.0,14,0,aba
马尔康超越通信店（个体工商户）,0,1.0,14,10,aba
马尔康时轮藏香厂（个体工商户）,0,6.0,14,0,aba
马尔康悦己服装店（个体工商户）,1,5.0,10,0,aba
汶川县映秀镇思蜀食品店（个体工商户）,0,5.0,7,0,aba
汶川鲜锋队蔬菜批发店（个体工商户）,0,10.0,16,0,aba
汶川今喜茶楼服务店（个体工商户）,0,8.0,15,2,aba
卧龙耿达祥哥农家乐（个体工商户）,0,20.0,14,2,aba
马尔康王尔甲中药材收购站（个体工商户）,0,10.0,11,1,aba
汶川艾灸中医推拿馆（个体工商户）,0,3.0,9,13,aba
马尔康佐罗白云家庭农场（个体工商户）,0,50.0,7,1,aba
汶川县金裹银餐饮服务店（个体工商户）,0,30.0,7,2,aba
汶川县映秀镇伟伟货物运输部（个体工商户）,0,5.0,7,5,aba
马尔康嘉阁酒店（个体工商户）,0,68.0,6,2,aba
汶川县水磨镇俊夕小院民宿（个体工商户）,0,80.0,6,2,aba
汶川县漩口镇云卉民宿（个体工商户）,0,10.0,5,2,aba
汶川县水磨镇咯咯哒美食餐饮店（个体工商户）,0,4.0,20,2,aba
马尔康阿西家庭农场（个体工商户）,0,10.0,20,2,aba
马尔康蜜糖面包店（个体工商户）,1,18.0,19,0,aba
汶川县兵河饮茶园（个体工商户）,0,9.0,19,2,aba
卧龙山菌王农庄酒店（个体工商户）,0,10.0,18,2,aba
汶川县水磨镇宝利包装店（个体工商户）,0,15.0,15,3,aba
卧龙永力机械租赁部（个体工商户）,0,30.0,9,3,aba
汶川县马启恩机械设备租赁部（个体工商户）,0,70.0,5,3,aba
马尔康云上瑜伽馆（个体工商户）,0,1.0,15,3,aba
卧龙建贵山庄民宿（个体工商户）,0,20.0,8,2,aba
汶川县优品坊土特产经营部（个体工商户）,0,10.0,7,0,aba
汶川绵虒镇衣间故事服饰店（个体工商户）,0,5.0,5,0,aba
马尔康春莱冰咖啡泰式奶茶店（个体工商户）,0,10.0,19,2,aba
马尔康慈诚货运部（个体工商户）,0,10.0,12,5,aba
汶川县漩口镇顺达利装卸搬运部（个体工商户）,0,1.0,8,5,aba
汶川县思兵桶装水配送部（个体工商户）,0,15.0,7,4,aba
汶川县泽和生猪销售场（个体工商户）,0,10.0,7,1,aba
汶川县威州镇云君客酒业店（个体工商户）,0,8.0,8,0,aba
汶川县映秀镇福玉水果店（个体工商户）,0,2.0,7,0,aba
卧龙翔奎酒店（个体工商户）,0,22.0,7,2,aba
汶川县映秀镇大玉儿美甲美妆店（个体工商户）,0,3.0,7,3,aba
汶川县映秀镇彭师盲人按摩服务店（个体工商户）,0,1.0,6,3,aba
汶川县水磨镇大山里服装店（个体工商户）,0,3.0,5,0,aba
马尔康男女装集合店（个体工商户）,0,10.0,19,0,aba
马尔康罗尔吾家庭农场（个体工商户）,0,10.0,19,1,aba
卧龙熊猫苑饭店（个体工商户）,0,10.0,18,2,aba
马尔康三甲机械租赁站（个体工商户）,0,10.0,18,3,aba
汶川老爹麻辣锅餐饮服务店（个体工商户）,0,4.0,16,2,aba
汶川嗦一瓢米线店（个体工商户）,0,8.0,16,2,aba
汶川县勇娃箱包经营店（个体工商户）,0,3.0,16,0,aba
马尔康卓玛措藏式用品店（个体工商户）,0,15.0,16,0,aba
马尔康喜姥姥炸串铺（个体工商户）,0,5.0,8,2,aba
汶川安升推拿按摩店（个体工商户）,0,5.0,7,3,aba
汶川县威州镇羌山燕子民宿旅店（个体工商户）,0,6.0,5,2,aba
汶川县启恩劳务服务部（个体工商户）,0,60.0,5,3,aba
卧龙雅逸酒店（个体工商户）,0,20.0,4,2,aba
马尔康流行前沿服装店（个体工商户）,0,5.0,17,0,aba
汶川鲜又鲜蔬菜批发部（个体工商户）,0,10.0,16,0,aba
汶川衣折淘服装店（个体工商户）,0,8.0,15,0,aba
卧龙云端小筑民宿（个体工商户）,0,1.0,12,2,aba
汶川县包烧米线店（个体工商户）,0,3.0,7,2,aba
汶川县水磨镇慕名而来民宿（个体工商户）,0,80.0,7,2,aba
汶川县水磨镇喝一杯咖啡店（个体工商户）,0,22.0,7,2,aba
汶川县樱桃红家庭农场（个体工商户）,0,10.0,6,1,aba
汶川县威州镇甲忆美甲美睫店（个体工商户）,0,2.0,5,3,aba
马尔康净耳采耳店（个体工商户）,0,1.0,4,3,aba
汶川县映秀镇路边副食店（个体工商户）,0,2.0,20,0,aba
汶川县水磨镇川味肥肠血旺餐饮店（个体工商户）,0,6.0,20,2,aba
汶川县雁门印象酒店（个体工商户）,0,16.0,19,2,aba
汶川县水磨镇不晚露营酒馆（个体工商户）,0,19.0,16,2,aba
汶川馋吧奶茶店（个体工商户）,1,5.0,16,2,aba
马尔康嘉绒味手工破酥包店（个体工商户）,0,5.0,8,2,aba
马尔康康奈专卖店（个体工商户）,0,15.0,7,0,aba
汶川县映秀镇尹丽百货销售店（个体工商户）,0,2.0,7,0,aba
马尔康然尔登货运部（个体工商户）,0,30.0,7,5,aba
汶川县水磨镇简遇奶茶店（个体工商户）,0,40.0,19,2,aba
汶川叫了只炸鸡店（个体工商户）,0,3.0,16,2,aba
汶川县水沄涧茶楼坊（个体工商户）,0,8.0,14,0,aba
马尔康珍莉化妆美容店（个体工商户）,0,5.0,12,3,aba
汶川县水磨镇宿栖民宿（个体工商户）,0,90.0,7,2,aba
汶川县欣锦日用杂货店（个体工商户）,0,5.0,6,15,aba
马尔康韩潮女装店（个体工商户）,0,4.0,20,0,aba
汶川县三江镇诚怡酒坊（个体工商户）,0,12.0,19,2,aba
马尔康养兔阿姨家庭农场（个体工商户）,0,15.0,18,1,aba
汶川县小桥茶园茶楼服务馆（个体工商户）,0,5.0,16,2,aba
汶川县李三货运部（个体工商户）,0,16.0,15,5,aba
汶川东富餐饮服务店（个体工商户）,0,6.0,14,2,aba
马尔康凯特琳干洗店（个体工商户）,0,30.0,14,3,aba
马尔康足力健老年鞋店（个体工商户）,0,10.0,12,0,aba
马尔康轩亮洗车行（个体工商户）,0,10.0,8,3,aba
汶川县泽霖机械租赁经营部（个体工商户）,0,5.0,7,3,aba
马尔康志勇肉食铺（个体工商户）,0,10.0,6,0,aba
汶川县酒瘾酒吧店（个体工商户）,0,50.0,5,6,aba
汶川县三江镇林溪府民宿（个体工商户）,0,50.0,5,2,aba
汶川县威州镇鸿翔文汽车租赁服务行（个体工商户）,1,3.0,20,5,aba
马尔康巴根家庭农场（个体工商户）,0,20.0,20,1,aba
马尔康张添蔬菜店（个体工商户）,0,1.0,20,0,aba
汶川县亦达汽修服务场（个体工商户）,0,10.0,15,3,aba
马尔康洛依哈姆代理店（个体工商户）,0,1.0,15,15,aba
汶川县华杨劳务服务部（个体工商户）,0,1.0,12,3,aba
马尔康永哥开锁店（个体工商户）,0,1.0,10,3,aba
汶川县庆鑫日用品经营部（个体工商户）,0,2.0,8,0,aba
汶川县熙玥日用品经营部（个体工商户）,0,2.0,8,0,aba
汶川县水磨镇万顺达货运部（个体工商户）,0,15.0,4,5,aba
汶川县水磨镇行程货运部（个体工商户）,0,10.0,4,5,aba
汶川县赵文洪车厘子水果经营园（个体工商户）,0,1.0,16,0,aba
马尔康吉胜货运部（个体工商户）,0,20.0,16,5,aba
汶川县东东鞋子铺（个体工商户）,0,12.0,14,0,aba
汶川鑫明珠旧电器回收行（个体工商户）,0,5.0,12,3,aba
汶川县水磨镇路安货运部（个体工商户）,0,12.0,8,5,aba
马尔康柯兴家庭农场（个体工商户）,0,20.0,7,1,aba
汶川县水磨昊妈重庆鸡公煲二店（个体工商户）,0,10.0,7,2,aba
汶川县水磨镇顺途货运部（个体工商户）,0,10.0,6,5,aba
汶川县签当家串串香火锅店（个体工商户）,0,18.0,6,2,aba
汶川县梵狄芬内衣店（个体工商户）,0,10.0,4,0,aba
马尔康顶峰停车服务部（个体工商户）,0,1.0,20,3,aba
汶川县四喜四季喜欢你美甲店（个体工商户）,0,1.0,18,3,aba
马尔康壤年家庭农场（个体工商户）,0,30.0,17,1,aba
汶川县水磨镇潼潼货运部（个体工商户）,0,15.0,16,5,aba
马尔康童盼童装店（个体工商户）,0,6.0,15,0,aba
汶川县水磨镇清树茶坊（个体工商户）,0,0.4,14,2,aba
汶川余红锋饭店（个体工商户）,0,5.0,13,2,aba
马尔康彭人冒麻辣烫店（个体工商户）,0,20.0,13,2,aba
汶川县鸳鸯小包早餐店（个体工商户）,1,10.0,8,2,aba
汶川县水磨镇美粥早点店（个体工商户）,0,8.0,7,2,aba
汶川绵虒香酥脆鸡排小吃店（个体工商户）,0,5.0,7,2,aba
汶川相遇藕然间汤锅店（个体工商户）,0,30.0,6,2,aba
汶川县水磨镇顺通达货运部（个体工商户）,0,8.0,4,5,aba
汶川县炒饭大王餐饮店（个体工商户）,0,5.0,20,2,aba
汶川县峰悦服装店,0,10.0,20,0,aba
马尔康鼎草商行（个体工商户）,0,5.0,19,0,aba
汶川县水磨镇睿睿货运部（个体工商户）,0,10.0,18,5,aba
汶川县人人小吃店（个体工商户）,0,8.0,16,2,aba
汶川县映秀镇红姐盲人按摩理疗店（个体工商户）,1,2.0,16,3,aba
汶川县水磨镇欢乐营地酒馆（个体工商户）,0,3.0,16,0,aba
汶川县水磨镇优味卤菜店（个体工商户）,0,0.5,14,2,aba
汶川县映秀镇利建道路货物运输经营部（个体工商户）,0,20.0,7,5,aba
马尔康安真运输部（个体工商户）,0,10.0,5,5,aba
汶川县映秀镇滔滔民宿旅店（个体工商户）,0,40.0,5,2,aba
汶川县禹馨馨酒店（个体工商户）,0,5.0,4,2,aba
汶川阿喜家烧烤店（个体工商户）,0,10.0,20,2,aba
汶川登科运输经营部（个体工商户）,0,50.0,19,5,aba
卧龙高飞小筑民宿（个体工商户）,0,30.0,14,2,aba
汶川县映秀镇山居日记民宿旅店（个体工商户）,0,30.0,13,2,aba
汶川县周家煤炭经营店（个体工商户）,0,6.0,12,0,aba
汶川县水磨镇多滋多味小吃店（个体工商户）,0,2.0,10,2,aba
马尔康保罗服装店（个体工商户）,1,3.0,8,0,aba
汶川绵虒忆美味小吃店（个体工商户）,0,3.0,7,2,aba
汶川绵虒虒香鸭脖店（个体工商户）,0,2.0,7,2,aba
汶川县锦鑫货运部（个体工商户）,0,15.0,6,5,aba
卧龙路缘农家院（个体工商户）,0,20.0,20,2,aba
卧龙胖妹民宿店（个体工商户）,0,20.0,20,2,aba
汶川罗桐桐鞋服经营铺（个体工商户）,0,1.0,20,0,aba
马尔康得旺洗车服务中心（个体工商户）,0,20.0,17,3,aba
马尔康叶西马服装店（个体工商户）,0,2.0,16,0,aba
马尔康雨桐美甲店（个体工商户）,0,8.0,14,3,aba
卧龙祺星居民宿（个体工商户）,0,20.0,12,2,aba
汶川县水磨镇苒小宝烤肉小火锅店（个体工商户）,0,10.0,8,2,aba
汶川县漩口镇牛香韵作坊（个体工商户）,0,11.0,7,4,aba
汶川书香服装店（个体工商户）,0,3.0,7,4,aba
马尔康泽准达滚货运部（个体工商户）,0,50.0,18,5,aba
马尔康让央谢拉货运部（个体工商户）,0,50.0,18,5,aba
汶川县袁缘水产品经销店（个体工商户）,0,8.0,16,0,aba
汶川县樱李而肥肥料经营店（个体工商户）,0,9.0,13,4,aba
汶川县赵军货运部（个体工商户）,0,50.0,10,5,aba
汶川县水磨镇翔睿牦牛肉火锅店（个体工商户）,0,12.0,8,2,aba
汶川县水磨镇斑竹林烧烤店（个体工商户）,0,3.0,8,2,aba
汶川县偌萨中餐厅（个体工商户）,0,30.0,8,2,aba
汶川县水磨镇红樽坊餐饮店（个体工商户）,0,0.6,8,2,aba
汶川县水磨镇姚辉江湖菜餐饮店（个体工商户）,0,8.0,8,2,aba
汶川县水磨镇汇集香满天烧烤店（个体工商户）,0,8.0,7,2,aba
汶川县映秀镇万事安达货物运输部（个体工商户）,0,45.0,4,5,aba
卧龙欣诺农家院（个体工商户）,0,20.0,20,2,aba
马尔康杰哥货运部（个体工商户）,0,80.0,19,5,aba
汶川县水磨镇伍贰伍火盆烧烤店（个体工商户）,1,15.0,19,2,aba
汶川县映秀镇远恒口腔诊所（个体工商户）,0,10.0,16,13,aba
马尔康理享理发店（个体工商户）,0,1.8,15,3,aba
马尔康送达中心（个体工商户）,1,10.0,9,5,aba
卧龙桃姐烧烤店（个体工商户）,0,10.0,8,2,aba
马尔康康让洗车场（个体工商户）,0,6.0,8,3,aba
汶川县水磨镇姐姐妹妹烧烤店（个体工商户）,0,4.0,8,2,aba
汶川县水磨镇若秋木炭烧烤店（个体工商户）,0,5.0,8,2,aba
汶川县水磨镇芋见鲜果茶饮店（个体工商户）,0,7.0,7,2,aba
马尔康旺达鞋店（个体工商户）,0,4.0,7,4,aba
汶川县映秀镇弘发道路货物运输经营部（个体工商户）,0,10.0,6,5,aba
汶川县威州镇鸳鸯小包小吃店（个体工商户）,0,10.0,5,2,aba
汶川县马妹手工肥肠粉店（个体工商户）,0,8.0,19,2,aba
汶川有七有喝小吃店（个体工商户）,0,3.0,15,2,aba
汶川科师早餐店（个体工商户）,0,5.0,15,2,aba
汶川县映秀镇山水逸居民宿旅店（个体工商户）,0,30.0,13,2,aba
卧龙隐沫拾光民宿（个体工商户）,0,20.0,8,2,aba
汶川县漩口镇坦途货运部（个体工商户）,0,12.0,6,5,aba
汶川县水帛床上用品经营店（个体工商户）,0,5.0,6,0,aba
汶川县水磨镇安路达货运部（个体工商户）,0,11.0,4,5,aba
卧龙糖豆花园民宿（个体工商户）,0,3.0,20,2,aba
汶川常来聚烧烤店（个体工商户）,0,4.0,16,2,aba
卧龙栖迟驿站民宿（个体工商户）,0,10.0,12,2,aba
汶川县映秀镇小满嘉餐馆（个体工商户）,0,2.0,12,2,aba
马尔康容中洗涤店（个体工商户）,0,1.0,10,3,aba
马尔康富建家庭农场（个体工商户）,0,5.0,8,1,aba
汶川县漩口镇路鑫货运部（个体工商户）,0,20.0,8,5,aba
汶川县水磨镇致富海烧烤店（个体工商户）,0,5.0,8,2,aba
汶川县幸运咖饮品店（个体工商户）,0,28.0,7,4,aba
汶川衣舍服装店（个体工商户）,0,3.0,6,0,aba
汶川县映秀镇山水映月居民宿旅店（个体工商户）,0,15.0,5,2,aba
汶川县水磨镇胜远货运部（个体工商户）,0,11.0,4,5,aba
汶川县映秀镇鸿运山羊养殖场（个体工商户）,0,13.0,20,1,aba
卧龙思贵货运部（个体工商户）,0,20.0,16,5,aba
汶川县漩口镇姚姐面馆（个体工商户）,0,4.0,16,2,aba
汶川县吴盛灌汤包店（个体工商户）,1,15.0,15,2,aba
汶川县阳阳酒业厂（个体工商户）,0,4.0,14,4,aba
汶川县水磨镇富龙烧烤店（个体工商户）,0,10.0,8,2,aba
汶川樊薯薯小吃店（个体工商户）,0,10.0,7,4,aba
汶川县二丫铜锅老火锅店（个体工商户）,0,30.0,7,2,aba
汶川县映秀镇连诚姜医生美发馆（个体工商户）,0,5.0,7,3,aba
汶川美食客餐饮服务店（个体工商户）,0,10.0,6,2,aba
汶川县映秀镇永顺货物运输部（个体工商户）,0,30.0,4,5,aba
汶川香柠檬奶茶店（个体工商户）,0,9.0,20,2,aba
汶川县学刚货运部（个体工商户）,1,4.0,19,5,aba
汶川县映秀镇好运道路货物运输经营部（个体工商户）,0,15.0,15,5,aba
汶川县水磨镇熊鸡烧烤店（个体工商户）,0,10.0,15,2,aba
汶川县咫云无忧驿站客栈店（个体工商户）,0,18.0,15,2,aba
汶川梁师烧烤店（个体工商户）,0,10.0,12,2,aba
汶川县映秀镇梦栖民宿旅店（个体工商户）,0,8.0,6,2,aba
汶川县水磨镇三又二分之一烘焙坊（个体工商户）,0,5.0,6,2,aba
汶川县水磨镇辣曹氏热卤店（个体工商户）,0,2.0,5,2,aba
汶川县映秀镇何晓川货物运输部（个体工商户）,0,10.0,4,5,aba
汶川县映秀镇大彬货物运输部（个体工商户）,0,10.0,4,5,aba
汶川县嘉汶洗车场（个体工商户）,0,4.0,4,3,aba
汶川县三江镇西街臻好面馆（个体工商户）,0,2.0,15,2,aba
汶川县鑫八队面馆（个体工商户）,0,3.0,9,2,aba
汶川拉黑木锅盔店（个体工商户）,0,5.0,7,2,aba
汶川县映秀镇凯达货物运输部（个体工商户）,0,10.0,4,5,aba
汶川县映秀镇虎成货物运输部（个体工商户）,0,10.0,4,5,aba
汶川冯氏口腔诊所有限公司,0,6.0,19,3,aba
马尔康果罗货运部（个体工商户）,0,60.0,18,5,aba
马尔康奥特洗衣会馆（个体工商户）,0,10.0,15,15,aba
汶川县久别重逢烧烤店（个体工商户）,0,5.0,7,2,aba
汶川县钟煲煲砂锅菜店（个体工商户）,0,15.0,7,2,aba
汶川盘中餐饭店（个体工商户）,0,16.0,7,2,aba
汶川县澄芯民宿旅店（个体工商户）,0,10.0,6,2,aba
汶川县维凤货运部（个体工商户）,0,50.0,6,5,aba
汶川县杨欢欢货运部（个体工商户）,0,70.0,18,5,aba
汶川县俊成货物运输经营部（个体工商户）,0,50.0,16,5,aba
马尔康嘉绒山舍酒店（个体工商户）,0,50.0,15,2,aba
汶川县绘芝尔玛人家农家乐（个体工商户）,0,15.0,15,2,aba
汶川县三江镇惠妹烧烤店（个体工商户）,0,2.0,13,2,aba
马尔康康诚见面面店（个体工商户）,0,20.0,8,0,aba
汶川县映秀镇张记卤肉餐饮店（个体工商户）,0,3.0,7,2,aba
汶川县映秀镇时光里民宿旅店（个体工商户）,0,10.0,7,2,aba
卧龙耿达伍师运输店（个体工商户）,0,5.0,6,5,aba
汶川县映秀镇奔奔酒类经营铺（个体工商户）,0,5.0,7,0,aba
汶川县映秀镇世珍蔬菜铺（个体工商户）,0,2.0,7,0,aba
汶川县映秀镇大道茶楼店（个体工商户）,0,3.0,7,2,aba
汶川县映秀镇金川手工面店（个体工商户）,0,2.0,5,2,aba
汶川县李二妹烧烤店（个体工商户）,0,2.0,18,2,aba
汶川县威州镇萝卜寨孝君货运部（个体工商户）,0,30.0,16,5,aba
汶川县刘三姐家常菜饭店（个体工商户）,0,10.0,15,2,aba
汶川县映秀镇鱼兔鲜火锅店（个体工商户）,0,5.0,7,2,aba
汶川县映秀镇盼达咖啡馆（个体工商户）,0,10.0,7,2,aba
汶川县小小科粮油营销店（个体工商户）,0,2.0,18,0,aba
汶川县石强餐饮服务店（个体工商户）,0,10.0,17,2,aba
汶川县映秀镇山河山羊养殖场（个体工商户）,0,20.0,16,1,aba
马尔康恩波罗尔依货运部（个体工商户）,0,10.0,16,5,aba
汶川醉福白酒酿造坊（个体工商户）,0,1.0,15,4,aba
汶川县见山小园民宿旅店（个体工商户）,0,2.0,14,2,aba
汶川刚毅货运部（个体工商户）,0,3.0,13,5,aba
汶川志东特色馍馍餐饮服务店（个体工商户）,0,10.0,8,2,aba
汶川县忠国货运部（个体工商户）,0,12.0,8,5,aba
汶川灞州镇布兰村志兵运输服务铺（个体工商户）,0,20.0,7,5,aba
汶川县叁旬餐饮馆（个体工商户）,0,10.0,17,2,aba
马尔康优蓝养生馆（个体工商户）,0,5.0,15,0,aba
汶川县初心个人形象设计店（个体工商户）,0,3.0,8,3,aba
马尔康周巴货运部（个体工商户）,0,10.0,7,5,aba
汶川县映秀镇鲜食小吃店（个体工商户）,0,8.0,7,2,aba
汶川县映秀镇好吧适餐馆（个体工商户）,0,8.0,7,2,aba
汶川绵虒南祥里面食店（个体工商户）,0,8.0,7,2,aba
汶川前明货运部（个体工商户）,0,5.0,6,5,aba
汶川拜大胡子餐饮店（个体工商户）,0,10.0,20,2,aba
马尔康茸巴货运部（个体工商户）,0,10.0,16,5,aba
汶川昌盛货运部（个体工商户）,0,20.0,15,5,aba
马尔康袁旦年木初货运部（个体工商户）,0,10.0,8,5,aba
汶川世林货运部（个体工商户）,0,9.0,6,5,aba
汶川袁学军中餐馆（个体工商户）,0,4.0,4,2,aba
马尔康泽郎若玛货运部（个体工商户）,0,5.0,20,5,aba
汶川县陈树莉货运部（个体工商户）,0,13.5,12,5,aba
汶川县伊清兰餐饮服务店（个体工商户）,0,6.0,8,2,aba
马尔康云端急速货运部（个体工商户）,0,1.0,7,5,aba
马尔康万青货运部（个体工商户）,0,30.0,14,5,aba
马尔康阿洛货运部（个体工商户）,0,30.0,13,5,aba
汶川稻田卤鹅坊（个体工商户）,0,6.0,8,4,aba
马尔康康诚面作坊（个体工商户）,0,20.0,8,4,aba
马尔康腾安货物运输部（个体工商户）,0,10.0,6,5,aba
汶川县酒酒相伴白酒销售店（个体工商户）,0,3.0,4,4,aba
汶川升伟双河货运部（个体工商户）,0,5.0,18,5,aba
汶川县文伟货运部（个体工商户）,0,10.0,18,5,aba
马尔康阿白货运部（个体工商户）,0,10.0,16,5,aba
马尔康达哈货运部（个体工商户）,0,10.0,15,5,aba
汶川鑫喜利来老面馆（个体工商户）,0,6.0,15,2,aba
汶川县映秀镇臻达货物运输部（个体工商户）,0,10.0,15,5,aba
汶川县味来主角饭店（个体工商户）,0,5.0,8,2,aba
马尔康江布货运部（个体工商户）,0,10.0,8,5,aba
马尔康嘉绒鑫怡民宿（个体工商户）,0,30.0,7,2,aba
马尔康小义购物货运部（个体工商户）,0,10.0,7,5,aba
汶川县欣向荣货运部（个体工商户）,0,10.0,6,5,aba
汶川县拾光日记客栈民宿（个体工商户）,0,3.0,5,2,aba
汶川县瑞扬货运部（个体工商户）,0,20.0,4,5,aba
马尔康夏嘎尔瓦货运部（个体工商户）,0,10.0,20,5,aba
马尔康阿西货运部（个体工商户）,0,10.0,16,5,aba
马尔康康吉货运部（个体工商户）,0,10.0,16,5,aba
马尔康查西货运部（个体工商户）,0,15.0,15,5,aba
汶川县大郑餐饮服务店（个体工商户）,0,7.0,15,2,aba
汶川尔力中餐厅（个体工商户）,0,5.0,6,2,aba
马尔康尕西头货运部（个体工商户）,0,10.0,20,5,aba
马尔康福兴货运部（个体工商户）,0,3.0,20,5,aba
马尔康西能货运部（个体工商户）,0,10.0,19,5,aba
汶川县陈升超货运部（个体工商户）,0,20.0,18,5,aba
马尔康晓兰货运部（个体工商户）,0,10.0,18,5,aba
马尔康阿木滚货运部（个体工商户）,0,10.0,17,5,aba
马尔康安珍货运部（个体工商户）,0,10.0,16,5,aba
马尔康恩青货运部（个体工商户）,0,10.0,16,5,aba
马尔康阿先货运部（个体工商户）,0,10.0,16,5,aba
马尔康杨准货运部（个体工商户）,0,10.0,15,5,aba
汶川县高晨曦花椒鸡坊（个体工商户）,0,5.0,10,4,aba
马尔康其和坝货运部（个体工商户）,0,5.0,8,5,aba
马尔康穷洛货运部（个体工商户）,0,10.0,8,5,aba
马尔康尕尔尕货运部（个体工商户）,1,10.0,8,5,aba
马尔康石多尖货运部（个体工商户）,0,10.0,7,5,aba
马尔康阿基哥货运部（个体工商户）,0,2.0,5,5,aba
汶川多多奶茶店（个体工商户）,0,15.0,5,2,aba
马尔康杨中头货运部（个体工商户）,0,10.0,17,5,aba
马尔康昌王滚货运部（个体工商户）,0,10.0,16,5,aba
马尔康确罗巴货运部（个体工商户）,0,10.0,16,5,aba
马尔康王尔甲货运部（个体工商户）,0,5.0,16,5,aba
汶川县映秀镇花签签串串店（个体工商户）,0,5.0,15,2,aba
汶川县映秀镇冒江湖冒菜店（个体工商户）,1,4.0,15,2,aba
汶川县芮汐货运部（个体工商户）,0,8.0,9,5,aba
马尔康蒙运货运部（个体工商户）,1,10.0,8,5,aba
马尔康捌尔登货运部（个体工商户）,1,10.0,8,5,aba
马尔康泽根货运部（个体工商户）,0,10.0,4,5,aba
汶川县映秀镇格林客栈店（个体工商户）,0,2.0,20,2,aba
汶川县家之味小吃店（个体工商户）,0,3.0,8,2,aba
马尔康加木修货运部（个体工商户）,0,6.0,18,5,aba
汶川县袁妹手工馒头坊（个体工商户）,0,8.0,18,2,aba
汶川县王宇货运部（个体工商户）,0,9.0,18,5,aba
马尔康龙真货运部（个体工商户）,0,3.0,16,5,aba
马尔康秘途天街民宿（个体工商户）,0,1.0,19,2,aba
马尔康建凤小吃店（个体工商户）,0,10.0,16,2,aba
马尔康金朱宾馆（个体工商户）,0,13.0,15,15,aba
马尔康剪理发屋（个体工商户）,0,10.0,4,3,aba
汶川罗军货运部（个体工商户）,0,12.0,4,5,aba
马尔康宾河小吃店（个体工商户）,0,2.0,16,2,aba
若尔盖县乡下平面设计有限责任公司,0,60.0,15,6,aba
四川阿坝州国顺俊宇建筑装饰设计有限公司,0,60.0,8,9,aba
四川阿坝州晨信轩阳建筑装饰设计有限公司,0,60.0,8,7,aba
阿坝国胜汽车服务有限公司,1,50.0,20,0,aba
红原县天晟广告传媒有限责任公司,0,50.0,16,3,aba
红原县国荣建设工程有限责任公司,0,50.0,14,7,aba
若尔盖县万顺商贸有限公司,0,50.0,12,0,aba
红原县广视文化传播有限责任公司,0,50.0,11,6,aba
阿坝若尔盖若诗创意商贸有限公司,0,50.0,11,4,aba
四川瑞铭广告设计有限责任公司,0,50.0,10,3,aba
若尔盖盛达商贸有限公司,0,50.0,7,0,aba
红原县惠康生活超市（个体工商户）,0,20.0,19,0,aba
若尔盖县天缘商贸有限责任公司,0,20.0,10,6,aba
红原县美叶商贸有限责任公司,0,20.0,6,4,aba
若尔盖野牦牛高端牧民农产品社（个体工商户）,0,10.0,20,0,aba
若尔盖野牦牛商贸中心（个体工商户）,1,10.0,19,0,aba
阿坝如艺二手车经纪有限公司,0,10.0,17,0,aba
红原县瑞金劳务服务有限责任公司,0,10.0,16,3,aba
若尔盖优质雪域农产品有限责任公司,0,30.0,14,4,aba
若尔盖县天成商贸有限责任公司,0,10.0,10,0,aba
雪域明珠诊所（若尔盖）有限公司,0,10.0,5,13,aba
若尔盖喆鸿生态农业科技有限公司,0,2.0,4,1,aba
若尔盖县蔚蓝生态农业开发有限公司,0,50.0,8,1,aba
若尔盖县顺成百货超市（个人独资）,1,20.0,19,0,aba
若尔盖县万胜建筑材料有限责任公司,0,20.0,11,0,aba
红原县贡扎电子商务工作室（个体工商户）,0,5.0,6,15,aba
红原县惠牧农机服务中心（个人独资）,1,30.0,18,1,aba
若尔盖县喀哈尔汽车租赁有限责任公司,0,0.0888,4,3,aba
若尔盖县恬恬文体用品店（个体工商户）,0,5.0,8,0,aba
红原县阿么哒中藏医福康诊所（个人独资）,0,15.0,18,13,aba
若尔盖曙光利众停车服务有限责任公司,0,88.0,11,0,aba
若尔盖县山海同富农业有限责任公司,0,50.0,6,1,aba
若尔盖县黄河马班祥达吉养殖农民专业合作社,0,60.0,18,1,aba
红原县永惠超市有限公司,0,50.0,19,0,aba
红原县福善康健康管理有限公司,0,10.0,15,3,aba
红原县史牧斯饲料经营部（个体工商户）,0,1.0,7,1,aba
阿坝州若尔盖县漫岛酒店有限责任公司,0,5.0,18,2,aba
若尔盖县凯越涛达商贸有限公司,0,10.0,11,0,aba
若尔盖县唐古拉餐饮管理有限责任公司,0,10.0,15,3,aba
红原县亚热阿索文化传媒有限公司,0,20.0,13,6,aba
红原县惠民家用电器销售店（个体工商户）,0,10.0,15,0,aba
若尔盖县亚洲建筑材料有限责任公司,0,20.0,11,4,aba
若尔盖县顺宇道路货物运输有限责任公司,0,50.0,9,5,aba
若尔盖县跃华电子商务有限公司,0,10.0,10,10,aba
若尔盖县黄河九歌文化艺术有限公司,0,50.0,14,6,aba
红原县辰润医疗救援服务有限公司,0,30.0,14,13,aba
若尔盖天乐建筑工程机械租赁有限公司,0,50.0,11,3,aba
若尔盖县亿创空间装修工程有限责任公司,0,20.0,15,7,aba
阿坝州红原县聚金财税咨询有限公司,0,5.0,7,3,aba
阿坝州红原县西彩信息科技有限责任公司,0,10.0,9,10,aba
红原县爱零食商贸有限责任公司,0,5.0,13,0,aba
若尔盖顺达天成机械设备租赁有限公司,0,20.0,6,3,aba
若尔盖岭嘎俄波索郎家庭农场（个体工商户）,0,38.0,19,1,aba
阿坝州若尔盖县铁绒种养殖农民专业合作社,0,18.0,13,1,aba
若尔盖县佳鑫通信经营服务店（个体工商户）,0,2.0,16,0,aba
红原县本土乡纯牦牛产品供应链科技有限公司,0,10.0,15,9,aba
阿坝州飞鹰旅游开发有限公司,0,50.0,11,3,aba
若尔盖县财运商贸有限责任公司,0,50.0,9,0,aba
若尔盖亚朵星空牧场餐饮服务有限公司,0,10.0,12,2,aba
若尔盖上善副食超市（个体工商户）,0,2.0,19,0,aba
红原县花甜果礼花卉销售店（个体工商户）,0,10.0,4,1,aba
若尔盖县宫延楼瑶浴养生有限责任公司,0,50.0,12,3,aba
若尔盖藏地云天酒店（个体工商户）,0,50.0,14,2,aba
红原县米卡文旅有限责任公司,0,2.0,11,3,aba
阿坝州红雅劳务服务有限公司,1,30.0,12,3,aba
红原县乐学文具用品店（个体工商户）,0,10.0,9,0,aba
阿坝州阿甘优佳供应链管理有限公司,0,50.0,6,3,aba
若尔盖腾风土特产有限公司,0,25.0,10,0,aba
若尔盖县家汇超市（个体工商户）,0,10.0,19,0,aba
红原县龙一普惠药房店（个人独资）,0,5.0,14,0,aba
若尔盖亿安消防器材销售店（个体工商户）,0,10.0,4,0,aba
红原县泽杰新能源科技有限公司,0,10.0,18,9,aba
红原县嘉维餐饮服务中心（个体工商户）,0,3.0,8,2,aba
红原县鸿云手机销售店（个体工商户）,0,5.0,14,10,aba
红原县淼淼牛食品有限公司,0,10.0,10,4,aba
若尔盖县诺布电子商务有限公司,0,1.0,4,10,aba
红原县武瑞兴装修工程有限责任公司,0,30.0,15,7,aba
若尔盖顺明五金日杂店（个体工商户）,0,16.0,16,0,aba
若尔盖祁莲山水泥销售有限责任公司,0,5.0,11,4,aba
若尔盖县老车站宫延楼瑶浴养生保健服务有限责任公司,0,50.0,6,3,aba
若尔盖卓越运输有限公司,0,20.0,7,5,aba
若尔盖贝玛民宿酒店馆（个体工商户）,0,50.0,5,2,aba
若尔盖英少皇文化娱乐有限责任公司,0,20.0,15,6,aba
红原县锦德餐饮管理中心（个体工商户）,0,5.0,5,3,aba
红原县利众中藏医诊所（个人独资）,0,15.0,12,13,aba
红原县有鸣超市（个体工商户）,0,10.0,8,0,aba
若尔盖安吉顺运输有限公司,0,10.0,6,5,aba
若尔盖龙达藏式木业有限责任公司,0,50.0,13,0,aba
若尔盖县浪漫花海农家乐店（个体工商户）,0,10.0,13,2,aba
红原县牧眼摄影服务店（个体工商户）,0,3.0,7,9,aba
若尔盖县及时雨劳务服务有限责任公司,0,4.0,6,5,aba
红原县牧人兽药店（个人独资）,0,5.0,16,0,aba
若尔盖千头牛牛肉销售有限公司,0,50.0,13,4,aba
若尔盖坦途自驾营地农家乐（个体工商户）,0,10.0,12,2,aba
红原县峰盛建材销售店（个体工商户）,0,30.0,8,0,aba
红原县大鹏兽药店（个人独资）,0,5.0,16,0,aba
若尔盖县德金民宿店（个体工商户）,0,50.0,14,2,aba
若尔盖县蜀乡情餐饮管理有限公司,0,10.0,8,2,aba
红原县洋帆广告图文制作店（个体工商户）,0,30.0,5,3,aba
若尔盖浩源矿产品有限公司,0,50.0,15,0,aba
若尔盖鼎诺机械租赁有限责任公司,0,5.0,12,3,aba
若尔盖好旺角生鲜超市（个体工商户）,0,70.0,7,0,aba
若尔盖瑞航工程机械租赁有限公司,0,5.0,7,3,aba
若尔盖县求吉郎哇村扎西热旦家庭农场（个体工商户）,0,5.0,18,1,aba
若尔盖县扎萨格俄尖餐饮店（个体工商户）,0,5.0,7,2,aba
若尔盖翔云客运有限责任公司,0,20.0,6,5,aba
若尔盖县万圣道路货物运输有限责任公司,0,5.0,11,5,aba
若尔盖嘎嘎百货店（个体工商户）,0,4.0,4,0,aba
若尔盖姜冬七根火柴旅游服务中心（个体工商户）,0,88.0,15,15,aba
红原县牦牛土特产店（个体工商户）,0,3.0,19,0,aba
阿坝州卓谨财税服务有限责任公司,0,10.0,19,3,aba
红原县锦镕机械租赁中心（个体工商户）,0,2.0,8,3,aba
若尔盖扎西央宗仓餐饮有限公司,0,3.0,7,3,aba
阿坝若尔盖县藏风若韵旅游发展有限责任公司,0,10.0,12,3,aba
若尔盖县雪山下的牧场农副产品店（个体工商户）,0,5.0,19,0,aba
若尔盖县扎萨格藏家乐餐饮店（个体工商户）,0,10.0,14,2,aba
若尔盖上热尔村阿五三养殖农民专业合作社,0,20.0,4,1,aba
红原县瑞通机电维修部（个体工商户）,1,10.0,18,4,aba
若尔盖兴错湖民宿经营管理有限责任公司,0,60.0,15,3,aba
若尔盖县雪域高原农家乐店（个体工商户）,0,15.0,13,2,aba
若尔盖县雪岭奇珍阁土特产店（个体工商户）,0,20.0,12,0,aba
阿坝州红原县雅克网络科技服务有限责任公司,1,10.0,14,10,aba
若尔盖县藏风观赏鸡畜禽养殖农民专业合作社,0,60.0,10,1,aba
红原县聚鑫再生资源回收有限公司,0,10.0,6,4,aba
若尔盖英洪科技店（个体工商户）,0,5.0,7,4,aba
红原县液腊白油生物科技有限责任公司,0,10.0,4,4,aba
若尔盖县则岔餐饮民宿（个体工商户）,0,50.0,14,2,aba
阿坝州朗界体育发展有限公司,0,45.0,6,6,aba
若尔盖云上玥星空智控民宿酒店（个体工商户）,0,50.0,20,2,aba
若尔盖春熙云酒店（个体工商户）,0,10.0,18,2,aba
若尔盖万业商贸有限公司,0,80.0,15,0,aba
红原县乐酷台球经营部（个体工商户）,0,10.0,20,6,aba
若尔盖县哈克超市店（个体工商户）,0,15.0,14,0,aba
若尔盖唐克天意民宿旅店（个体工商户）,0,7.0,14,2,aba
红原县巴扎嘿电子商务中心（个体工商户）,0,5.0,7,4,aba
若尔盖鹿语林间民宿酒店（个体工商户）,0,10.0,6,2,aba
红原县华耀广告制作店（个体工商户）,0,3.0,14,3,aba
若尔盖县觅鹿山庄民宿（个体工商户）,0,10.0,14,2,aba
若尔盖索朗央宗民宿（个体工商户）,0,40.0,14,2,aba
红原县红晟乐途文化旅游有限责任公司,0,50.0,13,11,aba
红原县杰贡波牛肉店（个体工商户）,0,5.0,7,0,aba
若尔盖县晶晶灯饰经营店（个体工商户）,0,10.0,5,0,aba
若尔盖县幸福的草原农家乐店（个体工商户）,0,30.0,13,2,aba
若尔盖信德工程机械租赁有限公司,0,5.0,7,3,aba
若尔盖县宜佳佳生活超市（个体工商户）,0,10.0,17,0,aba
红原县刚霸供暖设备经营部（个体工商户）,0,10.0,18,0,aba
若尔盖实惠农家乐（个体工商户）,0,20.0,13,2,aba
若尔盖县旭昌物业服务有限公司,0,3.0,19,12,aba
若尔盖唐克心之寻民宿旅店（个体工商户）,0,10.0,14,2,aba
若尔盖时光百货铺（个体工商户）,0,1.0,4,0,aba
红原县程祥屋面防水部（个体工商户）,0,10.0,20,7,aba
四川若尔盖蜀塔电缆有限责任公司,0,20.0,9,4,aba
红原县准基汽车修理场（个体工商户）,0,50.0,7,3,aba
若尔盖相通机械租赁有限公司,0,20.0,12,3,aba
红原县德香村民族文化农家乐有限责任公司,0,1.0,12,2,aba
若尔盖明捷运输服务部（个体工商户）,0,5.0,8,5,aba
若尔盖天天垃圾清运服务厂（个人独资）,0,50.0,11,11,aba
若尔盖罗让民宿酒店（个体工商户）,0,70.0,14,2,aba
若尔盖县万么百货店（个体工商户）,0,2.0,14,0,aba
若尔盖县鹿鸣江畔民宿（个体工商户）,0,80.0,4,2,aba
阿坝州红原县塞照林卡农业咨询农民专业合作社,0,1.3,19,1,aba
若尔盖县将措百货店（个体工商户）,0,10.0,13,0,aba
若尔盖县夏瓦央卓垃圾清运服务有限公司,0,5.0,10,3,aba
红原县诺拉文化传媒有限责任公司,0,40.0,10,6,aba
若尔盖县央德仓服装店（个体工商户）,0,1.0,15,0,aba
若尔盖多玛文化旅游发展有限责任公司,0,10.0,13,3,aba
若尔盖县铁布崇尔建材批发场（个体工商户）,0,20.0,16,0,aba
若尔盖山里人家土特产店（个体工商户）,0,10.0,14,0,aba
若尔盖一碗面馆（个体工商户）,0,20.0,13,2,aba
红原县精金服装销售店（个体工商户）,0,1.0,4,0,aba
红原县四季来土特产店（个体工商户）,1,8.0,19,0,aba
顺达天成人力资源管理咨询（若尔盖县）农民专业合作社,0,10.0,16,3,aba
若尔盖璞舍民宿经营管理有限责任公司,0,50.0,13,3,aba
红原县星空逸居酒店（个体工商户）,0,10.0,4,2,aba
若尔盖县好运商贸有限公司,0,10.0,14,0,aba
若尔盖县丹隆聚福百货店（个体工商户）,0,5.0,6,0,aba
若尔盖县虢昌便利店（个体工商户）,0,10.0,7,0,aba
若尔盖县杰成旅行社有限责任公司,0,10.0,16,3,aba
红原县源科汽车快修服务店（个体工商户）,0,10.0,15,3,aba
若尔盖县吉祥卓玛服装店（个体工商户）,0,12.0,15,0,aba
若尔盖盛达家庭农场社（个体工商户）,0,5.0,7,1,aba
红原县金杆台球店（个体工商户）,0,20.0,6,6,aba
红原县圣洁土特产经营店（个体工商户）,0,5.0,16,0,aba
红原县合欢酒店管理有限公司,0,60.0,14,3,aba
若尔盖骑士游牧农家乐（个体工商户）,0,50.0,12,2,aba
红原县凯文德森办公用品有限公司,0,10.0,10,0,aba
红原县禾呈服装经营部（个体工商户）,0,5.0,6,0,aba
若尔盖青柠教育信息咨询园（个体工商户）,0,10.0,4,6,aba
若尔盖县辰时喜礼礼品店（个体工商户）,0,9.0,15,0,aba
哈青日沃酒店（若尔盖）有限责任公司,0,10.0,11,2,aba
若尔盖县铁布镇央庆仓百货店（个体工商户）,0,15.0,6,0,aba
若尔盖县昌胜建材经营店（个体工商户）,0,20.0,19,0,aba
若尔盖县烟杆粮油营销店（个体工商户）,0,5.0,14,0,aba
若尔盖言培土特产店（个体工商户）,0,5.0,13,4,aba
红原县亿佳文印部（个体工商户）,0,10.0,20,3,aba
若尔盖县吉祥咖啡店（个体工商户）,0,30.0,8,2,aba
若尔盖县热拉山副食店（个体工商户）,0,2.0,14,0,aba
红原县贵友饲料店（个体工商户）,0,10.0,14,4,aba
若尔盖县协力捕犬杀虫灭鼠服务有限责任公司,0,30.0,12,3,aba
若尔盖县草源第一牛牛羊肉汤锅店（个体工商户）,0,60.0,19,2,aba
阿坝州富思酒店有限公司,0,50.0,14,2,aba
若尔盖县罗波土特产店（个体工商户）,0,6.0,13,0,aba
红原县喏笆节文具用品店（个体工商户）,0,20.0,8,0,aba
若尔盖益佳便利店（个体工商户）,0,15.0,16,0,aba
若尔盖县阿佳农副产品批发店（个体工商户）,0,10.0,14,0,aba
红原县赵师建材销售经营店（个体工商户）,0,15.0,4,4,aba
若尔盖县问界装饰有限责任公司,0,15.0,12,0,aba
若尔盖诸事茹意百货店（个体工商户）,0,30.0,16,0,aba
红原县米卡民宿旅店（个体工商户）,0,2.0,14,2,aba
红原县好家酒店有限公司,0,20.0,19,0,aba
红原县等风来民宿旅店（个体工商户）,0,10.0,20,2,aba
若尔盖县豆尕甲俱乐部（个体工商户）,0,60.0,15,6,aba
红原县今夜歌舞娱乐中心（个人独资）,0,10.0,8,6,aba
红原县卓玛是个小仙女服装批发店（个体工商户）,0,10.0,16,0,aba
若尔盖县岭嘎营地农家乐店（个体工商户）,0,50.0,13,2,aba
四川阿坝若尔盖县希望农业发展有限公司,0,45.0,12,0,aba
若尔盖县铭诚酒店用品店（个体工商户）,0,50.0,8,0,aba
红原县更纵副食品批发店（个体工商户）,0,35.0,5,0,aba
若尔盖县樊氏铁器加工店（个体工商户）,0,10.0,20,4,aba
红原县仙彭土特产店（个体工商户）,0,1.0,19,0,aba
红原县超亿美元烟酒经营店（个体工商户）,0,10.0,16,0,aba
阿坝藏色优品商贸有限责任公司,0,5.0,12,0,aba
红原县更德百货销售店（个体工商户）,0,1.0,11,0,aba
若尔盖县叁东楞周服装店（个体工商户）,0,10.0,6,4,aba
红原县拉木错布料店（个体工商户）,0,2.0,20,0,aba
若尔盖乐多多优品百货超市（个体工商户）,0,5.0,15,0,aba
若尔盖县卓诺央仓土特产店（个体工商户）,0,20.0,9,2,aba
红原县好客百货店（个体工商户）,0,10.0,20,0,aba
红原县欧青玛农业信息咨询农民专业合作社,1,1.3,19,1,aba
若尔盖青青食品超市（个体工商户）,0,3.0,14,0,aba
若尔盖县噢索民宿旅店（个体工商户）,0,1.0,13,2,aba
红原县信达通讯设备销售服务店（个体工商户）,0,3.0,8,10,aba
若尔盖鹿园民宿酒店（个体工商户）,0,90.0,8,2,aba
若尔盖县郎加百货店（个体工商户）,0,30.0,17,0,aba
红原县赞波副食店（个体工商户）,0,2.0,19,0,aba
若尔盖雪域百货店（个体工商户）,0,10.0,14,0,aba
若尔盖云端美食饭店（个体工商户）,0,15.0,13,2,aba
若尔盖县鱼乐圈清水鱼府（个体工商户）,0,10.0,4,2,aba
若尔盖县康钟甲文化艺术传播工作室（个体工商户）,0,2.0,4,6,aba
若尔盖旦正好牧场饲料经营部（个体工商户）,0,20.0,4,0,aba
若尔盖县鹏裕彩钢厂（个体工商户）,0,50.0,18,0,aba
若尔盖阿诺玛体育场馆管理部（个体工商户）,0,15.0,8,6,aba
若尔盖县丰旺农业信息咨询农民专业合作社,0,40.0,20,1,aba
红原县源盛报废汽车回收有限公司,0,20.0,11,4,aba
红原县花花通信设备销售店（个体工商户）,0,6.0,7,0,aba
红原县协力建筑劳务有限公司,0,50.0,6,7,aba
若尔盖县罗吾央沁超市店（个体工商户）,0,15.0,16,0,aba
若尔盖七根火柴土特产店（个体工商户）,0,2.0,13,0,aba
红原县谢拉夺杰藏式服装店（个体工商户）,0,5.0,13,4,aba
红原县阿妈啦餐饮管理有限公司,0,10.0,12,3,aba
若尔盖仟宜家装修工程有限公司,0,20.0,10,7,aba
若尔盖县黄河九曲第一湾文化传媒有限责任公司,0,10.0,6,6,aba
红原县肉鲜汇鲜肉经营部（个体工商户）,0,5.0,4,0,aba
红原县聚龙商行（个体工商户）,0,10.0,19,0,aba
红原县小滋味鲜肉店（个体工商户）,0,10.0,16,0,aba
红原县平津机械租赁经营部（个体工商户）,1,10.0,16,3,aba
若尔盖县快捷汽车养护中心（个体工商户）,0,30.0,10,3,aba
红原县富龙烟酒经营店（个体工商户）,0,60.0,8,4,aba
若尔盖县食全酒美养胃堂餐饮店（个体工商户）,0,30.0,7,2,aba
若尔盖县唐克家园民宿酒店（个体工商户）,0,10.0,7,2,aba
若尔盖县扎西央宗批发部（个体工商户）,0,15.0,6,15,aba
红原县铭记酒店（个体工商户）,0,40.0,16,2,aba
若尔盖县若水澜庭民宿酒店（个体工商户）,0,10.0,14,2,aba
红原县土黑娃土特产店（个体工商户）,0,10.0,19,0,aba
若尔盖牧人酒吧（个体工商户）,0,80.0,19,2,aba
若尔盖伍扎西百货店（个体工商户）,0,2.0,16,0,aba
红原县罗尼超市（个体工商户）,0,10.0,15,0,aba
若尔盖藏家土特产店（个体工商户）,0,10.0,14,0,aba
若尔盖元丰商贸店（个体工商户）,0,50.0,13,0,aba
若尔盖悠享棋牌坊（个体工商户）,0,20.0,4,6,aba
若尔盖县西部草原茶楼（个体工商户）,1,60.0,19,3,aba
红原县利健商贸店（个体工商户）,0,5.0,16,0,aba
红原县藏深旅工艺品销售铺（个体工商户）,0,8.0,16,0,aba
若尔盖县清雅老炒炮仗餐饮店（个体工商户）,0,40.0,16,2,aba
红原县阿克班美民宿酒店（个体工商户）,0,50.0,15,2,aba
若尔盖阿热美廉分店超市（个体工商户）,0,10.0,15,0,aba
若尔盖曼八台球俱乐部（个体工商户）,0,50.0,14,6,aba
四川黄河纯种骏马保护繁育养殖有限公司,0,50.0,15,1,aba
若尔盖碳烤天下餐饮管理有限责任公司,1,10.0,13,2,aba
若尔盖县高原百货超市店（个体工商户）,0,2.0,20,0,aba
红原县周周进口牛肉店（个体工商户）,0,10.0,19,0,aba
红原县六顺建材经营部（个体工商户）,1,10.0,19,4,aba
若尔盖一路发农牧产品销售店（个体工商户）,0,10.0,18,0,aba
若尔盖精品街足下生风鞋服经营店（个体工商户）,0,10.0,16,0,aba
红原县精诚文印部（个体工商户）,0,15.0,8,4,aba
四川红原县农夫果蔬批发有限责任公司,0,40.0,7,0,aba
红原县牦牛庄露营风自助烤肉店（个体工商户）,0,5.0,19,2,aba
红原县卓吉廊溜冰店（个体工商户）,0,10.0,18,6,aba
若尔盖县阿朱土特产店（个体工商户）,0,2.0,13,0,aba
若尔盖诺布藏家风情民宿旅店（个体工商户）,0,50.0,13,2,aba
若尔盖县优拾汇百货店（个体工商户）,0,8.0,12,0,aba
红原县龙韬广告耗材经营部（个体工商户）,0,3.0,18,0,aba
红原县青塔百货店（个体工商户）,0,10.0,16,0,aba
若尔盖厦央服装店（个体工商户）,0,20.0,15,4,aba
红原县臻品土特产店（个体工商户）,1,2.0,12,0,aba
红原县亿欣货物运输有限责任公司,0,50.0,6,5,aba
若尔盖云涧餐饮服务店（个体工商户）,0,58.0,4,2,aba
若尔盖县惠鑫手机专卖店（个体工商户）,0,1.0,19,0,aba
若尔盖县玉琼便利店（个体工商户）,0,1.0,15,0,aba
若尔盖县阿西副食品批发部（个体工商户）,0,30.0,14,0,aba
若尔盖牦牛之家土特产店（个体工商户）,0,6.0,12,0,aba
红原县宏运公路工程有限公司,0,50.0,10,13,aba
若尔盖县悦客民宿旅店（个体工商户）,0,60.0,7,2,aba
红原县吉禾农业咨询农民专业合作社,0,1.3,18,3,aba
红原县祥和路苑饭店（个体工商户）,0,8.0,16,2,aba
若尔盖吉祥百货店（个体工商户）,0,2.0,15,0,aba
若尔盖山水之间民宿酒店（个体工商户）,0,30.0,15,2,aba
若尔盖县祥鹿民宿（个体工商户）,1,50.0,14,2,aba
若尔盖措儿哒吉服装店（个体工商户）,0,10.0,14,0,aba
若尔盖县柒拾柒号茶府（个体工商户）,0,10.0,13,2,aba
阿坝州红原县苏夫废旧金属回收有限责任公司,0,4.0,9,0,aba
若尔盖藏宝农业商贸中心（个体工商户）,0,60.0,9,0,aba
若尔盖千味居食品销售铺（个体工商户）,0,20.0,7,4,aba
红原县瑞通百货中心（个人独资）,0,1.0,7,0,aba
若尔盖县超酷网吧店（个人独资）,0,30.0,6,6,aba
红原县达斯尔日化用品经营店（个体工商户）,0,6.0,20,0,aba
红原县兰尕卜仓商贸店（个体工商户）,0,10.0,19,0,aba
红原县天成百货经营店（个体工商户）,0,3.0,18,0,aba
若尔盖小何超市（个体工商户）,1,5.0,15,0,aba
若尔盖县俄尖民宿酒店（个体工商户）,0,30.0,14,2,aba
若尔盖三年级二班文具店（个体工商户）,0,20.0,8,0,aba
若尔盖果色果香蔬菜水果店（个体工商户）,0,23.5,7,0,aba
红原县辛勤劳务服务有限公司,0,1.0,12,0,aba
若尔盖县邻里小屋食品店（个体工商户）,0,3.0,20,0,aba
若尔盖县杨本民宿酒店（个体工商户）,0,30.0,16,2,aba
若尔盖县卓卓高原土特产店（个体工商户）,0,8.0,15,0,aba
红原县奥弥苑酒店（个体工商户）,0,3.0,15,2,aba
若尔盖莲朵朵小吃店（个体工商户）,0,3.0,14,2,aba
若尔盖县星运餐饮管理有限公司,0,10.0,8,2,aba
若尔盖县夏啵啵更啵啵文具店（个体工商户）,0,7.0,11,0,aba
红原县鸿盛牦牛肉店（个体工商户）,0,5.0,11,4,aba
红原县财顺堂中药材经营部（个体工商户）,0,10.0,4,1,aba
若尔盖县陶记砂锅蹄花店（个体工商户）,0,3.5,20,2,aba
红原县洋琪服装销售店（个体工商户）,0,10.0,17,0,aba
红原县鑫焱垚酒店（个体工商户）,0,1.0,14,2,aba
红原县让丹粮油营销店（个体工商户）,0,3.0,14,0,aba
红原县佳缘土特产店（个体工商户）,0,1.0,13,0,aba
若尔盖汇富建筑工程机械租赁部（个体工商户）,0,5.0,8,3,aba
若尔盖县途博林卡藏餐餐饮府（个体工商户）,0,50.0,7,2,aba
红原县钟哥超市（个体工商户）,0,2.0,6,0,aba
红原县好再来超市（个体工商户）,0,5.0,4,0,aba
红原县万龙超市店（个体工商户）,0,5.0,4,4,aba
若尔盖索郎嚷廓百货店（个体工商户）,0,20.0,19,0,aba
若尔盖县阿西达吉小卖部（个体工商户）,0,15.0,18,0,aba
若尔盖县善诚台球俱乐部（个体工商户）,0,60.0,14,6,aba
红原县青草牧场土特产店（个体工商户）,0,8.0,14,0,aba
红原县扎格百货店（个体工商户）,0,10.0,13,0,aba
若尔盖县仁真利众甘露藏医诊所（个体工商户）,0,10.0,7,13,aba
红原县美娜噶美甲美睫店（个体工商户）,0,3.0,7,3,aba
若尔盖县扎西东周百货店（个体工商户）,0,3.0,6,5,aba
红原县鸭泽日杂用品店（个体工商户）,0,5.0,4,0,aba
红原县价美杂货店（个体工商户）,0,10.0,20,0,aba
若尔盖华晨通讯服务中心（个体工商户）,0,2.0,18,10,aba
若尔盖县达拉亚茶餐厅（个体工商户）,0,10.0,16,2,aba
若尔盖县农特产品店（个体工商户）,0,10.0,16,0,aba
若尔盖唐克王修养殖场（个体工商户）,0,80.0,16,1,aba
若尔盖川渝人家私房菜馆（个体工商户）,0,30.0,15,2,aba
若尔盖县御膳粥店（个体工商户）,0,2.0,10,2,aba
红原县新思创文印店（个体工商户）,1,4.0,9,3,aba
若尔盖食乐乐超市（个体工商户）,0,10.0,8,0,aba
若尔盖街角副食百货经营店（个体工商户）,0,1.0,8,0,aba
若尔盖优美百货店（个体工商户）,0,6.0,4,0,aba
若尔盖县珍财排骨面馆店（个体工商户）,0,30.0,4,2,aba
红原县小杨蔬菜水果店（个体工商户）,0,10.0,18,0,aba
红原县亚平百货店（个体工商户）,0,10.0,16,0,aba
红原县梦财茶楼坊（个体工商户）,0,10.0,16,2,aba
红原县福盛酒店（个体工商户）,0,50.0,13,2,aba
若尔盖悌二八酒吧（个体工商户）,0,96.0,7,4,aba
若尔盖县央金便利店（个体工商户）,0,1.0,7,0,aba
若尔盖县玛吉阿米特色餐吧店（个体工商户）,0,50.0,5,2,aba
若尔盖晨味食光餐馆（个体工商户）,0,20.0,4,2,aba
红原县湘美日化品经营店（个体工商户）,0,7.0,19,0,aba
红原县麦麦日用百货店（个体工商户）,0,8.0,18,0,aba
若尔盖郎木东咖仓民宿酒店（个体工商户）,0,85.0,18,2,aba
若尔盖县佳乐水果蔬菜超市（个体工商户）,0,30.0,18,0,aba
若尔盖县川味食族川菜馆（个体工商户）,0,30.0,16,2,aba
若尔盖县辖曼数码影像店（个体工商户）,0,3.0,15,3,aba
若尔盖县金马演艺酒吧（个体工商户）,0,20.0,14,6,aba
若尔盖县柒喜服装店（个体工商户）,0,20.0,13,0,aba
若尔盖川湘五金建材店（个体工商户）,0,20.0,13,0,aba
若尔盖青稞滋养汤锅馆（个体工商户）,0,85.0,9,2,aba
若尔盖县尚旦打字复印店（个体工商户）,1,20.0,8,4,aba
若尔盖县欢聚演泽酒吧（个体工商户）,0,30.0,7,4,aba
红原县瑞庆电子商务中心（个人独资）,0,1.0,7,0,aba
红原县西仲日化品经营店（个体工商户）,0,3.0,18,0,aba
若尔盖伊隆手抓美食店（个体工商户）,1,60.0,18,2,aba
若尔盖西域风情餐饮店（个体工商户）,0,5.0,16,2,aba
若尔盖梦幻茶楼店（个体工商户）,0,50.0,16,2,aba
若尔盖琅央宗百货店（个体工商户）,0,10.0,15,0,aba
若尔盖县金色营地茶楼吧（个体工商户）,0,15.0,15,2,aba
红原县莉莉土特产店（个体工商户）,0,5.0,14,0,aba
红原县红西商贸店（个体工商户）,0,3.0,14,0,aba
若尔盖斌斌汽修厂（个体工商户）,0,3.0,14,3,aba
若尔盖一家亲餐厅（个体工商户）,0,10.0,12,2,aba
若尔盖县大海水果蔬菜店（个体工商户）,0,15.0,10,0,aba
若尔盖德菩藏香店（个体工商户）,0,5.0,8,11,aba
红原县犇这来土特产经营店（个体工商户）,0,5.0,7,0,aba
若尔盖森都寺富源百货店（个体工商户）,0,5.0,4,0,aba
红原县蜀味轩餐饮有限公司,1,5.0,19,2,aba
若尔盖县伟龙通讯店（个体工商户）,0,20.0,19,0,aba
若尔盖县瓦切镇德香村福来藏餐厅（个体工商户）,0,5.0,19,0,aba
若尔盖锦里茶府（个体工商户）,0,80.0,19,2,aba
红原县悦卓顺餐饮服务店（个体工商户）,0,10.0,18,2,aba
红原县八运副食品批发店（个体工商户）,0,7.0,16,0,aba
若尔盖友家便利店（个体工商户）,0,17.0,16,0,aba
若尔盖县阿哥牦牛肉店（个体工商户）,1,10.0,16,0,aba
若尔盖县顺盛牛肉店（个体工商户）,0,6.0,15,0,aba
红原县才拉央宗副食店（个体工商户）,0,40.0,14,0,aba
若尔盖茹意川菜馆（个体工商户）,0,10.0,14,2,aba
若尔盖老汤和乌鸡米线店（个体工商户）,0,10.0,13,2,aba
红原县川康诊所（个体工商户）,0,10.0,13,13,aba
红原县奕行娱乐休闲点（个体工商户）,0,1.0,12,6,aba
红原县世轩穆兰宫手抓美食城餐饮服务城（个体工商户）,0,8.0,10,2,aba
红原县优之牧餐饮服务店（个体工商户）,0,10.0,7,2,aba
红原县嘉鼎人力资源管理咨询农民专业合作社,0,0.5,7,3,aba
红原县洲穹副食店（个体工商户）,0,1.0,20,0,aba
若尔盖县蜀凤楼栗汤锅馆（个体工商户）,0,50.0,19,2,aba
红原县车站小吃店（个体工商户）,0,3.0,15,2,aba
红原县梅萨手工艺品店（个体工商户）,0,10.0,9,0,aba
若尔盖县牧羊宝贝儿童乐园店（个体工商户）,0,50.0,8,6,aba
红原县陈吉百货店（个体工商户）,0,10.0,7,0,aba
若尔盖黑克台球俱乐部（个体工商户）,0,30.0,6,6,aba
若尔盖京啤酒水批发部（个体工商户）,0,2.0,4,0,aba
若尔盖县夏娃兰卓蔬菜店（个体工商户）,0,5.0,20,0,aba
若尔盖县火腿肠肉类火腿加工厂（个体工商户）,0,10.0,19,4,aba
若尔盖五得手抓美食城（个体工商户）,1,62.0,16,2,aba
红原县尕姐百货店（个体工商户）,0,10.0,16,0,aba
红原县星途电竞酒店（个人独资）,0,60.0,14,2,aba
若尔盖星波波民宿店（个体工商户）,0,43.0,13,2,aba
若尔盖县李必武装修工程店（个人独资）,0,30.0,13,7,aba
若尔盖酸酸辣川式番茄牦牛火锅店（个体工商户）,0,30.0,12,2,aba
若尔盖县诺卜杨琴民宿旅店（个体工商户）,0,10.0,12,2,aba
红原县加德建筑劳务有限责任公司,0,50.0,9,7,aba
红原县毛毛粮油营销店（个体工商户）,0,5.0,7,1,aba
若尔盖县璞瑞庄园酒店（个体工商户）,0,20.0,5,2,aba
红原县新鲜时光果蔬店（个体工商户）,0,2.0,4,0,aba
红原县云上茶楼府（个体工商户）,0,40.0,19,2,aba
红原县芬芬日化品经营店（个体工商户）,0,7.0,19,0,aba
四川省阿坝州若尔盖县任俊旅行社股份有限公司,1,10.0,16,3,aba
红原县樊兵彩钢店（个体工商户）,0,9.0,15,0,aba
若尔盖徽香兄弟餐馆（个体工商户）,0,20.0,15,2,aba
红原县酒与局酒吧馆（个体工商户）,0,9.0,15,2,aba
若尔盖县蓉都川菜馆（个体工商户）,0,5.0,14,2,aba
若尔盖百家超市（个体工商户）,0,2.0,14,0,aba
红原县列达吉家庭农场（个体工商户）,0,10.0,13,1,aba
红原县丹珍卓尕日用百货店（个体工商户）,0,3.0,8,0,aba
若尔盖象圣仓货物运输部（个体工商户）,0,2.0,7,5,aba
红原县轩轩百货店（个体工商户）,0,3.0,4,0,aba
若尔盖尼美钢材销售有限责任公司,0,28.0,4,4,aba
若尔盖县聚贤阁私房火锅店（个体工商户）,0,28.0,19,2,aba
红原县云隐里民宿酒店经营部（个体工商户）,0,10.0,18,2,aba
若尔盖乡情土特产店（个体工商户）,0,20.0,18,0,aba
红原县来财百货店（个体工商户）,0,2.0,16,0,aba
若尔盖洛布欧巴茶楼（个体工商户）,0,5.0,16,2,aba
红原县财隆蔬菜店（个体工商户）,0,5.0,16,0,aba
若尔盖县花屿养生馆（个体工商户）,0,15.0,13,3,aba
若尔盖县超音速网吧（个人独资）,0,40.0,10,6,aba
若尔盖星益运输服务部（个体工商户）,0,10.0,7,5,aba
红原县酒别重逢酒吧（个体工商户）,0,5.0,7,2,aba
若尔盖县早安明洞茶馆（个体工商户）,0,10.0,7,2,aba
若尔盖江南秀语茶楼（个体工商户）,0,2.9,7,6,aba
红原县欧师加气补胎店（个体工商户）,0,10.0,4,3,aba
红原县措尼百货店（个体工商户）,0,10.0,16,0,aba
红原县秋隆百货店（个体工商户）,0,10.0,15,0,aba
红原县王休土特产店（个体工商户）,0,4.0,14,0,aba
若尔盖世峰运输服务部（个体工商户）,0,10.0,8,5,aba
若尔盖万赫运输服务部（个体工商户）,0,10.0,7,5,aba
若尔盖县诺增牦牛肉自助火锅店（个体工商户）,0,40.0,5,2,aba
若尔盖县荣养饭馆（个体工商户）,0,10.0,5,2,aba
若尔盖尕央秀姆饭店（个体工商户）,0,2.0,4,2,aba
若尔盖县魄萨茶楼（个体工商户）,0,1.0,4,2,aba
若尔盖格萨尔王自助火锅店（个体工商户）,0,30.0,19,2,aba
若尔盖爱零食百货店（个体工商户）,0,38.0,18,0,aba
红原县蜀渝餐饮服务店（个体工商户）,0,6.0,16,2,aba
若尔盖县藏服缝纫店（个体工商户）,0,15.0,16,0,aba
红原县路口夜烤烧烤店（个体工商户）,0,24.0,15,2,aba
红原县娜娜土特产店（个体工商户）,0,6.0,14,0,aba
红原县阿克罗智藏餐家乡菜馆（个体工商户）,0,1.0,8,2,aba
若尔盖牛师彩钢加工店（个体工商户）,0,16.0,8,4,aba
若尔盖阿诺体育发展有限公司,0,15.0,8,6,aba
若尔盖县小胡茶屋（个体工商户）,0,15.0,8,6,aba
红原县曼拉甲餐饮店（个体工商户）,0,5.0,7,2,aba
若尔盖县小镇食味坊餐饮服务饭店（个体工商户）,0,6.0,7,2,aba
若尔盖县百味川府餐馆（个体工商户）,0,10.0,4,2,aba
红原县达拉商店（个体工商户）,0,3.0,20,0,aba
红原县回头客百货超市店（个体工商户）,0,6.0,19,0,aba
若尔盖县辣味疆湖炒米粉店（个体工商户）,0,2.0,18,2,aba
红原县新旧服装店（个体工商户）,0,10.0,17,0,aba
红原县今衣客服装店（个体工商户）,0,3.0,16,0,aba
若尔盖雪域藏家牦牛汤锅店（个体工商户）,0,20.0,15,2,aba
若尔盖县星月印象之家农家乐（个体工商户）,0,20.0,15,2,aba
红原县辛疆烤肉餐饮馆（个体工商户）,0,15.0,14,2,aba
若尔盖扎西民宿旅店（个体工商户）,0,35.0,14,2,aba
若尔盖县碳烤天下餐饮店（个体工商户）,0,3.0,12,2,aba
阿坝州红原县亚光面条加工有限责任公司,0,5.0,10,4,aba
若尔盖天珠之路自助火锅店（个体工商户）,0,40.0,9,2,aba
红原县小亚电子产品维修店（个体工商户）,0,5.0,8,4,aba
红原县赞巴拉悉地宝藏林服装店（个体工商户）,0,5.0,8,0,aba
红原县亚克饲料销售店（个体工商户）,0,10.0,7,0,aba
若尔盖县营养美味茶馆（个体工商户）,0,15.0,20,2,aba
若尔盖姚瑶蔬菜店（个体工商户）,0,10.0,16,0,aba
红原县卓越通讯设备销售服务店（个体工商户）,0,3.0,15,0,aba
若尔盖县阿让家土特产店（个体工商户）,0,10.0,15,0,aba
若尔盖央浪仓服装店（个体工商户）,0,4.0,15,0,aba
若尔盖麦吉椰羊羔肉餐厅（个体工商户）,0,10.0,14,2,aba
若尔盖县王甲运输部（个体工商户）,0,3.0,14,3,aba
红原县德青工艺品店（个体工商户）,1,8.0,14,0,aba
红原县隆达机动车驾驶培训有限责任公司,0,60.0,12,6,aba
若尔盖县星盛百货店（个体工商户）,0,2.0,11,0,aba
若尔盖卓越机械租赁部（个体工商户）,0,80.0,8,3,aba
红原县聚合农资店（个体工商户）,0,2.0,8,4,aba
红原县创源广告店（个体工商户）,0,10.0,7,4,aba
红原县山间小舍民宿酒店（个体工商户）,0,10.0,6,2,aba
若尔盖县一品香粥铺（个体工商户）,0,5.0,6,2,aba
红原县牧韵坊农产品销售店（个体工商户）,0,30.0,6,1,aba
若尔盖县九鼎绝味自助火锅店（个体工商户）,0,26.0,6,2,aba
若尔盖县牦牛肉自助火锅店（个体工商户）,0,40.0,4,2,aba
红原县四季商贸有限公司,0,6.0,19,0,aba
若尔盖县口福斋餐饮店（个体工商户）,0,5.0,20,2,aba
若尔盖县索郎扎花汽修厂（个体工商户）,0,15.0,20,3,aba
红原县一杆清台球馆（个体工商户）,0,1.0,20,6,aba
若尔盖德吉雅卓茶楼店（个体工商户）,0,6.0,19,2,aba
若尔盖红火地带餐饮店（个体工商户）,0,30.0,18,2,aba
若尔盖份外香小吃店（个体工商户）,0,10.0,18,2,aba
若尔盖县藏祥缘服装店（个体工商户）,0,10.0,16,0,aba
阿坝州君诚建筑工程咨询有限公司,0,10.0,14,9,aba
红原县原产地土特产经营店（个体工商户）,0,10.0,14,0,aba
若尔盖县四季茶楼店（个体工商户）,0,30.0,14,2,aba
若尔盖罗珍茶楼店（个体工商户）,0,20.0,13,6,aba
红原县壹佳蔬菜零售店（个体工商户）,0,8.0,7,0,aba
红原县衣然洗衣店（个体工商户）,0,18.0,7,3,aba
若尔盖膳缘饭馆（个体工商户）,0,11.8,7,2,aba
若尔盖县乡村小厨馆（个体工商户）,0,5.0,6,2,aba
若尔盖扎西雅卓家乡菜馆（个体工商户）,0,10.0,6,2,aba
若尔盖县诺桑央宗餐饮店（个体工商户）,0,15.0,6,2,aba
红原县美卓机械租赁经营部（个体工商户）,0,7.0,6,3,aba
红原县轻素栖花里美妆店（个体工商户）,0,5.0,6,0,aba
红原县得庆文壤商贸店（个体工商户）,0,10.0,19,0,aba
红原县央宗仓鞋服经营店（个体工商户）,0,10.0,18,0,aba
若尔盖县冒牌货冒菜餐饮店（个体工商户）,0,10.0,16,2,aba
若尔盖县泽郎砂锅店（个体工商户）,0,20.0,16,2,aba
若尔盖县零时共舞休闲食品店（个体工商户）,0,10.0,15,0,aba
若尔盖惠客百货店（个体工商户）,0,2.0,15,0,aba
红原县拉尕副食零售店（个体工商户）,0,1.0,13,0,aba
四川红原县麦洋达木骏养殖有限责任公司,0,80.0,8,1,aba
红原县向秋姐百货店（个体工商户）,0,5.0,8,0,aba
红原县尼西农产品销售社（个体工商户）,0,1.0,8,0,aba
红原县沐沐百货销售商店（个体工商户）,0,14.0,7,2,aba
红原县开心儿童玩具有限公司,0,1.0,7,0,aba
若尔盖县拉果便利店（个体工商户）,0,1.0,7,0,aba
若尔盖县尕让仓运输部（个体工商户）,0,4.0,6,3,aba
红原县样诺商贸店（个体工商户）,0,15.0,20,0,aba
若尔盖县岗噶糌粑加工店（个体工商户）,0,5.0,19,3,aba
红原县璟丰便利百货销售店（个体工商户）,0,2.0,19,0,aba
若尔盖美阁化妆品店（个体工商户）,0,30.0,18,0,aba
若尔盖源茂便利店（个体工商户）,1,10.0,18,0,aba
若尔盖优益美日用百货店（个体工商户）,0,10.0,17,0,aba
若尔盖岭嘎百货店（个体工商户）,0,5.0,16,0,aba
红原县鑫杰餐饮服务店（个体工商户）,0,10.0,16,2,aba
红原县碗家川菜馆（个体工商户）,0,10.0,16,2,aba
若尔盖天边之家酒店（个体工商户）,0,30.0,15,2,aba
红原县月牙酒店（个体工商户）,0,2.0,15,2,aba
若尔盖县浪波湾造型设计店（个体工商户）,0,38.0,15,3,aba
红原县星一宫餐厅店（个体工商户）,0,10.0,14,2,aba
若尔盖多更藏餐厅（个体工商户）,0,15.0,13,2,aba
若尔盖县骨汤冒菜店（个体工商户）,0,6.5,13,2,aba
红原县皖达通讯设备销售店（个体工商户）,0,3.0,13,4,aba
若尔盖县泽仁啦服装店（个体工商户）,0,10.0,9,0,aba
红原县慕名而来民宿旅店（个体工商户）,0,10.0,8,2,aba
红原县隆卿茶楼坊（个体工商户）,0,10.0,8,2,aba
红原县俄沙牛肉店（个体工商户）,0,3.0,8,0,aba
红原县财运百货店（个体工商户）,0,20.0,7,0,aba
红原县温馨民宿酒店（个体工商户）,0,6.0,5,2,aba
红原县小杨再生资源回收有限公司,0,10.0,5,4,aba
红原县熊家婆餐饮服务店（个体工商户）,0,19.0,20,2,aba
若尔盖聚福堂家乡菜店（个体工商户）,0,7.0,17,2,aba
若尔盖扎西通讯设备销售店（个体工商户）,0,10.0,16,0,aba
若尔盖县嘉绒映象私房菜餐饮店（个体工商户）,1,12.0,16,2,aba
若尔盖县百味轩小吃店（个体工商户）,1,1.8,16,2,aba
红原县轧佳藏餐饮店（个体工商户）,0,5.0,16,2,aba
若尔盖县商业街李四妹小吃店（个体工商户）,1,6.0,15,2,aba
红原县曲机土特产店（个体工商户）,0,4.0,14,0,aba
红原县醉渔湾美蛙鱼头火锅店（个体工商户）,0,10.0,14,2,aba
红原县藏食土特产经营铺（个体工商户）,0,5.0,14,0,aba
若尔盖喀娅苍民宿旅店（个体工商户）,0,56.0,8,2,aba
红原县花间茶语茶楼服务馆（个体工商户）,0,4.0,8,2,aba
红原县希图百货部（个体工商户）,0,2.0,8,0,aba
红原县飞哥小吃店（个体工商户）,0,5.0,8,2,aba
若尔盖县新香饭馆（个体工商户）,0,10.0,8,2,aba
若尔盖县义顺茶府（个体工商户）,0,5.0,7,2,aba
若尔盖县珍伽尔通讯销售店（个体工商户）,0,30.0,7,0,aba
若尔盖县幸运客栈店（个体工商户）,0,1.0,6,2,aba
若尔盖县羌味成渝川菜馆（个体工商户）,0,16.0,4,2,aba
若尔盖县扎曲罗玛火锅店（个体工商户）,0,30.0,20,2,aba
红原县街角酒吧店（个体工商户）,0,5.0,20,2,aba
若尔盖红阳农机门市（个体工商户）,0,10.0,16,0,aba
若尔盖东顺汽修中心（个体工商户）,0,40.0,16,3,aba
红原县泽布单百货店（个体工商户）,0,3.0,16,0,aba
红原县暖居茶楼店（个体工商户）,0,10.0,15,2,aba
红原县破店餐饮服务店（个体工商户）,0,3.0,14,2,aba
若尔盖县布萨仓运输部（个体工商户）,0,3.0,14,5,aba
若尔盖县乐程建筑工程机械租赁部（个体工商户）,0,30.0,14,3,aba
红原县壤嘎尔餐饮服务店（个体工商户）,1,5.0,10,2,aba
红原县宗角餐饮服务店（个体工商户）,0,11.0,8,2,aba
红原县元宝茶楼店（个体工商户）,0,3.0,7,2,aba
红原县贡布东主餐饮店（个体工商户）,0,15.0,7,2,aba
红原县好客美味餐饮服务店（个体工商户）,0,2.0,6,2,aba
若尔盖来福大众面馆（个体工商户）,0,10.0,6,2,aba
红原县金柑台球店（个体工商户）,1,20.0,6,6,aba
若尔盖县索朗华本蔬菜水果店（个体工商户）,0,3.0,20,0,aba
红原县泽里磋餐饮店（个体工商户）,0,5.0,20,2,aba
红原县珍宝洲生活超市（个体工商户）,1,4.0,19,0,aba
若尔盖县小马牛肉面店（个体工商户）,1,3.0,16,2,aba
红原县罗让丹真茶楼店（个体工商户）,0,2.0,16,2,aba
若尔盖县伊穆兰牛肉拉面店（个体工商户）,1,3.0,16,2,aba
若尔盖吉祥藏吧小吃店（个体工商户）,0,7.0,15,2,aba
若尔盖九零小吃店（个体工商户）,0,10.0,15,2,aba
若尔盖卡加三楼餐饮服务店（个体工商户）,0,10.0,15,2,aba
若尔盖美豪酒店（个体工商户）,0,3.0,15,2,aba
若尔盖县巴尖鲍鱼串串店（个体工商户）,0,9.0,15,2,aba
若尔盖县食客帝国餐馆店（个体工商户）,0,4.0,14,2,aba
若尔盖县牛羊和烤肉店（个体工商户）,1,6.0,12,2,aba
若尔盖县富来兽药店（个人独资）,0,5.0,12,0,aba
红原县绿生源饲料销售有限责任公司,0,20.0,9,4,aba
若尔盖县纯洁牛肉面店（个体工商户）,0,20.0,9,2,aba
若尔盖县纯汤牛肉面馆（个体工商户）,0,20.0,8,2,aba
红原县瑞意茶楼坊（个体工商户）,0,8.0,8,2,aba
若尔盖粗茶淡饭茶馆（个体工商户）,0,5.0,8,2,aba
若尔盖雍丹饭馆（个体工商户）,0,20.0,7,2,aba
红原县翔云娱乐休闲馆（个体工商户）,0,10.0,7,6,aba
红原县啊玛娜餐饮服务店（个体工商户）,0,10.0,6,2,aba
红原县久别重逢茶楼店（个体工商户）,0,5.0,6,6,aba
若尔盖县美味小吃店（个体工商户）,0,3.0,4,2,aba
红原县旺足网吧（个人独资）,0,20.0,4,10,aba
若尔盖县可奇日用百货店（个体工商户）,0,5.0,20,0,aba
若尔盖县美食在线餐饮店（个体工商户）,0,5.0,19,2,aba
若尔盖县桑培藏餐馆（个体工商户）,0,10.0,19,2,aba
若尔盖阿木去扎西娜姆肉类经营部（个体工商户）,0,20.0,19,0,aba
红原县毛甜茶楼店（个体工商户）,0,6.0,18,2,aba
若尔盖卓卓百货店（个体工商户）,0,9.0,18,0,aba
若尔盖县大胡子联名品牌折扣服装店（个体工商户）,0,13.0,18,0,aba
红原县水之恋茶楼馆（个体工商户）,0,32.0,18,2,aba
红原县黑色星期五餐饮服务店（个体工商户）,0,40.0,18,2,aba
若尔盖县唐克和睦自助火锅店（个体工商户）,0,3.0,17,2,aba
红原县藏面块家乡菜店（个体工商户）,0,3.0,16,2,aba
若尔盖县麦溪西罗饭店（个体工商户）,0,3.0,15,2,aba
若尔盖县予乐炸鸡店（个体工商户）,0,4.0,15,2,aba
若尔盖县牛八方风味汤锅店（个体工商户）,0,10.0,15,2,aba
若尔盖川相聚餐饮店（个体工商户）,0,4.0,15,2,aba
红原县上品茶府茶楼服务店（个体工商户）,0,10.0,15,2,aba
若尔盖县脆脆烧烤店（个体工商户）,1,6.0,15,2,aba
红原县一日三餐家乡菜馆（个体工商户）,0,10.0,14,2,aba
若尔盖县鞋守一生服装店（个体工商户）,0,30.0,14,0,aba
若尔盖伊清源美食城（个体工商户）,0,25.0,14,2,aba
红原县黄记老麻抄手餐饮服务店（个体工商户）,0,8.0,14,2,aba
若尔盖县泽里雪域饭馆（个体工商户）,0,10.0,14,2,aba
若尔盖县永胜建材店（个体工商户）,0,15.0,11,0,aba
红原县夺基副食销售店（个体工商户）,0,8.0,8,0,aba
红原县胡赛餐饮服务店（个体工商户）,0,5.0,8,2,aba
若尔盖奔灯茶楼馆（个体工商户）,0,10.0,8,2,aba
若尔盖县福阁饭店（个体工商户）,0,15.0,8,2,aba
若尔盖县舌尖美味饭馆（个体工商户）,0,6.0,8,2,aba
红原县高原服装有限公司,0,2.0,7,4,aba
若尔盖阿妈藏餐厅（个体工商户）,0,7.0,7,2,aba
若尔盖海之魂珠宝店（个体工商户）,0,20.0,6,4,aba
若尔盖县格地甲家庭农场（个体工商户）,0,50.0,6,1,aba
红原县父母至善藏餐餐饮服务店（个体工商户）,0,10.0,6,2,aba
红原县壹叁柒陆台球店（个体工商户）,0,20.0,4,6,aba
若尔盖县通达补胎行（个体工商户）,0,30.0,20,3,aba
若尔盖斗鸣餐饮店（个体工商户）,0,5.0,20,2,aba
若尔盖县弘升汽修店（个体工商户）,0,10.0,20,3,aba
红原县屋头串串餐饮店（个体工商户）,0,9.8,19,2,aba
若尔盖知味轩饭店（个体工商户）,0,20.0,18,2,aba
红原县藏式外卖餐饮服务店（个体工商户）,0,10.0,16,2,aba
若尔盖县高原红化妆工作室（个体工商户）,0,5.0,16,3,aba
若尔盖河州老炒家乡菜馆（个体工商户）,1,5.0,16,2,aba
若尔盖县芝新士披萨店（个体工商户）,0,10.0,16,2,aba
红原县喜乐茶楼坊（个体工商户）,0,6.0,14,2,aba
若尔盖县同行废旧再生资源回收站（个体工商户）,0,2.0,14,0,aba
若尔盖县珍措川菜馆（个体工商户）,0,5.0,14,2,aba
若尔盖县拉旦运输部（个体工商户）,0,3.0,14,5,aba
若尔盖县郎热卡民宿酒店（个体工商户）,0,1.0,13,2,aba
若尔盖县鑫鑫麻辣烫店（个体工商户）,1,6.0,13,2,aba
红原县云朵房子酒吧（个体工商户）,0,10.0,13,2,aba
红原县顿阁桑洲茶楼店（个体工商户）,0,13.0,8,2,aba
红原县向秋百货店（个体工商户）,0,15.0,8,0,aba
红原县上纳咪食品店（个体工商户）,0,20.0,7,0,aba
若尔盖县壹叁柒陆茶楼馆（个体工商户）,0,1.0,6,6,aba
若尔盖达吉茶楼（个体工商户）,0,20.0,4,2,aba
红原县金三顾餐饮店（个体工商户）,0,3.0,20,2,aba
红原县陆合茶楼店（个体工商户）,0,5.0,20,2,aba
若尔盖遇见地摊火锅店（个体工商户）,1,8.0,19,2,aba
红原县卤汁猪脚饭店（个体工商户）,0,20.0,18,2,aba
红原县白家冒菜店（个体工商户）,0,6.0,16,2,aba
若尔盖豆尕饭店（个体工商户）,0,2.0,16,2,aba
红原县阿苒玛超市店（个体工商户）,0,10.0,16,0,aba
红原县汇品餐饮服务店（个体工商户）,0,3.0,15,2,aba
红原县兴德百货店（个体工商户）,0,10.0,15,0,aba
红原县开胃鲜面铺（个体工商户）,0,2.0,15,4,aba
若尔盖四味居川菜馆（个体工商户）,0,10.0,15,2,aba
若尔盖若仙阁酒店（个体工商户）,0,2.0,15,15,aba
若尔盖县老人头专卖鞋店（个体工商户）,0,30.0,14,0,aba
若尔盖县月星湾养生足浴馆（个体工商户）,0,10.0,14,3,aba
若尔盖县嚓科仓民宿酒店（个体工商户）,0,1.0,13,2,aba
若尔盖老马烤吧（个体工商户）,1,10.0,12,2,aba
红原县蓉一品食品经营店（个体工商户）,0,11.0,10,0,aba
红原县沃果餐饮服务店（个体工商户）,0,13.0,8,2,aba
若尔盖县川遇川菜馆（个体工商户）,0,3.0,7,2,aba
红原县丹智雅餐饮服务店（个体工商户）,0,10.0,7,2,aba
红原县乐福茶楼店（个体工商户）,0,5.0,7,2,aba
红原县福家百宝百货店（个体工商户）,0,6.0,6,0,aba
红原县浪漫之约茶楼服务馆（个体工商户）,0,7.0,6,2,aba
红原县央康藏家餐饮服务店（个体工商户）,0,5.0,6,2,aba
红原县当地洗车店（个体工商户）,0,8.0,5,3,aba
若尔盖良缘小吃店（个体工商户）,0,2.0,4,2,aba
红原县依修寺百货店（个体工商户）,0,8.0,20,0,aba
若尔盖天天餐饮店（个体工商户）,0,1.0,20,2,aba
若尔盖县佳佳冒菜餐饮店（个体工商户）,1,7.0,19,2,aba
红原县蜀园饭店（个体工商户）,0,5.0,18,2,aba
红原县粮膳禧厨快餐店（个体工商户）,0,10.0,18,2,aba
红原县老汤和乌鸡米线店（个体工商户）,0,8.0,18,2,aba
若尔盖马龙餐饮店（个体工商户）,1,5.0,18,2,aba
红原县灵河餐饮服务馆（个体工商户）,1,10.0,17,2,aba
若尔盖县佰衣百顺服装店（个体工商户）,0,10.0,17,0,aba
红原县江湖味牦牛汤锅店（个体工商户）,0,7.0,16,2,aba
红原县二元五百货店（个体工商户）,0,3.0,16,0,aba
红原县福嗨盛食藏餐馆（个体工商户）,0,10.0,16,2,aba
若尔盖县战云台球俱乐部（个体工商户）,0,10.0,16,6,aba
若尔盖福德善行服装店（个体工商户）,0,10.0,15,0,aba
红原县吉措百货店（个体工商户）,0,4.0,15,0,aba
红原县德央百货店（个体工商户）,0,3.0,15,0,aba
若尔盖醉逍遥川菜厅（个体工商户）,0,2.0,15,2,aba
红原县巴老冒冒菜店（个体工商户）,0,5.0,14,2,aba
若尔盖县茹忆服装店（个体工商户）,0,6.0,14,0,aba
若尔盖县栖罗家庭农场（个体工商户）,0,10.0,14,1,aba
红原县雅露烧烤店（个体工商户）,0,4.0,13,2,aba
红原县林宝宝风味汤锅店（个体工商户）,0,5.0,13,2,aba
若尔盖县阿旺罗让废品回收站（个体工商户）,0,10.0,9,4,aba
红原县利雯鞋店（个体工商户）,0,10.0,8,0,aba
红原县央德餐饮服务店（个体工商户）,0,2.0,8,2,aba
红原县泽郎姐台球俱乐部（个体工商户）,0,40.0,8,6,aba
红原县格噜达斯西餐店（个体工商户）,0,10.0,7,2,aba
红原县老杜家手工饺子馆（个体工商户）,0,10.0,7,2,aba
红原县渝记餐饮服务店（个体工商户）,0,10.0,5,2,aba
若尔盖东哥再生资源回收站（个体工商户）,0,2.0,4,4,aba
红原县银香餐饮服务店（个体工商户）,0,4.0,4,2,aba
若尔盖县九哥餐馆（个体工商户）,0,5.0,4,2,aba
红原县云巴台球俱乐部（个体工商户）,0,25.0,4,6,aba
红原县蜀源米线店（个体工商户）,0,1.0,20,2,aba
红原县曹氏鸭脖店（个体工商户）,0,10.0,20,0,aba
若尔盖县白河小吃店（个体工商户）,1,10.0,20,2,aba
若尔盖尚措养殖场（个体工商户）,0,50.0,19,1,aba
若尔盖小四川菜馆（个体工商户）,0,10.0,19,2,aba
若尔盖曹氏小吃店（个体工商户）,0,16.0,18,2,aba
红原县西部靓仔服装店（个体工商户）,0,15.0,18,0,aba
红原县研美日用化妆品经营店（个体工商户）,0,2.0,18,0,aba
若尔盖县荣富火锅店（个体工商户）,0,3.0,17,2,aba
红原县磋结通讯设备店（个体工商户）,0,5.0,16,0,aba
若尔盖县乡里源牛肉拉面店（个体工商户）,0,6.0,16,2,aba
若尔盖县玛莎酒吧（个体工商户）,0,8.0,16,2,aba
若尔盖县鑫嘉麻辣烫店（个体工商户）,0,3.0,16,2,aba
若尔盖县央家服装店（个体工商户）,0,3.0,15,0,aba
红原县赞巴拉食品店（个体工商户）,0,10.0,14,0,aba
若尔盖为民百货店（个体工商户）,0,5.0,14,0,aba
红原县渝客川菜店（个体工商户）,0,5.0,13,2,aba
红原县家和乐兴物业管理有限公司,0,5.0,13,12,aba
红原县早碗见面餐饮馆（个体工商户）,0,7.0,10,2,aba
若尔盖壹叁柒陆租赁部（个体工商户）,0,20.0,8,5,aba
若尔盖作玛木匠铺（个体工商户）,0,3.0,8,4,aba
若尔盖嫩哇祥诺餐馆（个体工商户）,0,4.0,7,2,aba
若尔盖茉奈美学美甲美睫工作室（个体工商户）,0,5.0,7,3,aba
红原县扎皮蹄花火锅店（个体工商户）,0,5.0,6,2,aba
若尔盖县彭措相框店（个体工商户）,0,7.0,19,0,aba
若尔盖诺德家私店（个体工商户）,0,15.0,18,0,aba
红原县益品香餐饮服务店（个体工商户）,0,10.0,18,2,aba
若尔盖铁布镇然多村鹿鸣客栈酒店（个体工商户）,0,10.0,18,2,aba
红原县药佛洗浴店（个体工商户）,0,5.0,16,3,aba
红原县鲜咪阁火锅店（个体工商户）,0,10.0,16,2,aba
红原县馥香餐厅店（个体工商户）,0,10.0,16,2,aba
红原县顿格勒周食品店（个体工商户）,0,1.0,15,0,aba
红原县三里香家乡菜店（个体工商户）,0,8.0,14,2,aba
若尔盖乡村小吃店（个体工商户）,0,1.0,13,2,aba
红原县琼琼百货店（个体工商户）,0,1.0,11,0,aba
红原县让措姆餐饮服务店（个体工商户）,0,3.0,8,2,aba
若尔盖遇见咖啡店（个体工商户）,0,10.0,8,2,aba
红原县天香阁茶楼服务店（个体工商户）,0,2.5,7,2,aba
红原县宽卓餐饮服务店（个体工商户）,0,3.0,7,2,aba
若尔盖勇叔运输服务部（个体工商户）,0,20.0,7,5,aba
若尔盖县福香小吃店（个体工商户）,0,4.0,7,2,aba
红原县象雄茶楼馆（个体工商户）,0,48.0,7,2,aba
红原县祥家家乡菜店（个体工商户）,0,6.0,6,2,aba
红原县堡家园汉堡店（个体工商户）,0,10.0,6,2,aba
红原县世爵台球店（个体工商户）,0,21.0,4,6,aba
红原县大自在推拿按摩店（个体工商户）,0,0.1,4,3,aba
红原县华白货物运输店（个体工商户）,0,1.0,18,5,aba
红原县自家餐饮店（个体工商户）,0,5.0,16,2,aba
若尔盖蜀渝川菜馆（个体工商户）,0,6.0,16,2,aba
红原县桂珍川菜馆（个体工商户）,0,0.3,15,2,aba
红原县桌阳茶楼馆（个体工商户）,0,1.0,15,2,aba
若尔盖县卓玛措酸奶店（个体工商户）,0,5.0,14,0,aba
红原县家之味家乡菜店（个体工商户）,0,3.0,14,2,aba
若尔盖县央秋餐具消毒店（个体工商户）,0,20.0,14,3,aba
红原县藏原牛炭火烤肉店（个体工商户）,0,30.0,14,2,aba
若尔盖川渝小吃店（个体工商户）,0,10.0,14,2,aba
红原县雪鹰休闲娱乐场（个体工商户）,0,5.0,12,6,aba
红原县合欢健康咨询有限公司,0,1.0,7,3,aba
红原县耿潘茶楼馆（个体工商户）,0,9.0,7,2,aba
红原县禧厨餐饮服务店（个体工商户）,0,5.0,6,2,aba
红原县美士理发店（个体工商户）,0,7.0,6,3,aba
红原县扎纳总茶楼店（个体工商户）,0,4.0,20,2,aba
红原县响亮餐厅（个体工商户）,0,6.0,20,2,aba
红原县朗洼洗车店（个体工商户）,0,2.0,19,3,aba
红原县十七茶楼店（个体工商户）,0,5.0,16,2,aba
若尔盖措姆百货店（个体工商户）,0,2.5,15,0,aba
红原县陶煲王土砂锅店（个体工商户）,0,3.0,15,2,aba
若尔盖县掌门旺旺小吃店（个体工商户）,0,18.0,15,2,aba
红原县天天香烧烤店（个体工商户）,0,4.0,14,2,aba
若尔盖小李水产店（个体工商户）,0,2.5,14,0,aba
红原县芸地酒店（个体工商户）,0,10.0,13,2,aba
红原县罗仁娱乐休闲场（个体工商户）,0,1.0,12,6,aba
红原县始梦园娱乐休闲场（个体工商户）,0,1.0,12,6,aba
若尔盖泽里服装店（个体工商户）,0,2.0,12,0,aba
若尔盖雨泉运输有限公司,0,50.0,10,5,aba
红原县廷兰茶楼服务馆（个体工商户）,0,2.0,8,2,aba
红原县巧佳人餐饮服务店（个体工商户）,0,5.0,7,2,aba
红原县古夺更炯服装制造商店（个体工商户）,0,5.0,6,4,aba
红原县德忠餐饮店（个体工商户）,1,5.0,6,2,aba
红原县瑞彩药王斋珠宝首饰店（个体工商户）,0,1.0,6,4,aba
红原县指上芭蕾美甲店（个体工商户）,0,3.0,4,3,aba
红原县格桑梅朵餐具消毒店（个体工商户）,0,7.0,20,3,aba
若尔盖青年服装店（个体工商户）,0,5.0,18,0,aba
若尔盖县玛尔麦哲木多家庭农场（个体工商户）,0,30.0,18,0,aba
若尔盖县年多他新家庭农场（个体工商户）,0,33.0,18,0,aba
红原县麦哇大酒店（个体工商户）,0,10.0,16,2,aba
红原县香辣商贸店（个体工商户）,0,10.0,16,0,aba
红原县亿丰园茶楼馆（个体工商户）,0,10.0,16,2,aba
红原县尧氏有机肥料店（个体工商户）,0,1.0,15,0,aba
红原县夺布清牛粪机制木炭厂（个体工商户）,0,3.0,14,0,aba
红原县千衣汇服装销售商店（个体工商户）,0,8.0,8,0,aba
红原县牦牛生态养殖有限公司,0,1.0,7,1,aba
红原县唯美美甲店（个体工商户）,0,5.0,7,3,aba
红原县才让通讯设备经营店（个体工商户）,0,10.0,6,4,aba
红原县旺修冒菜店（个体工商户）,0,5.0,6,2,aba
红原县莉姐小吃店（个体工商户）,0,5.0,4,2,aba
若尔盖县天诺肉类经营店（个体工商户）,0,10.0,20,0,aba
红原县胖锅锅火锅店（个体工商户）,0,10.0,19,2,aba
若尔盖县西麦本地牦牛肉店（个体工商户）,0,30.0,19,4,aba
若尔盖拉木卓玛运输部（个体工商户）,0,18.0,17,5,aba
红原县杨佳冒菜店（个体工商户）,0,3.0,16,2,aba
若尔盖扎西甲运输部（个体工商户）,0,30.0,16,5,aba
红原县蜜尚摄影经营店（个体工商户）,0,10.0,14,3,aba
红原县富得楼餐饮店（个体工商户）,0,1.0,13,2,aba
若尔盖县七英里服饰经营店（个体工商户）,0,20.0,12,0,aba
红原县泽真花觉娱乐休闲店（个体工商户）,0,1.0,12,6,aba
红原县鼎清洗涤服务中心（个体工商户）,0,5.0,12,3,aba
红原县心怡娱乐休闲场（个体工商户）,0,5.0,12,6,aba
红原县蒋师汽车修理店（个体工商户）,0,10.0,11,3,aba
红原县路边小吃店（个体工商户）,0,5.0,8,2,aba
红原县脆脆烧烤店（个体工商户）,0,3.0,4,2,aba
若尔盖县敏文秀牛羊肉销售店（个体工商户）,0,20.0,19,0,aba
红原县集优工程机械设备租赁服务部（个体工商户）,0,10.0,19,3,aba
红原县贡塘蔬菜店（个体工商户）,0,3.0,16,0,aba
红原县黄财茶楼店（个体工商户）,0,2.0,15,2,aba
若尔盖县靓丽日化用品店（个体工商户）,0,8.0,15,0,aba
若尔盖县阁雅铝合金门窗加工店（个体工商户）,0,5.0,15,4,aba
若尔盖县洋诺兽药店（个人独资）,0,1.0,13,0,aba
若尔盖央宗牛羊肉店（个体工商户）,0,2.0,13,0,aba
若尔盖县小英建材门市部（个体工商户）,0,1.0,13,3,aba
红原县索朗娱乐休闲场（个体工商户）,0,2.0,12,6,aba
若尔盖县天际游牧家庭农场（个体工商户）,0,20.0,8,1,aba
红原县花样年华美发店（个体工商户）,0,13.0,8,3,aba
若尔盖舒心阁按摩店（个体工商户）,0,2.0,8,3,aba
红原县时光台球店,1,1.0,20,6,aba
若尔盖县阿索玛机动车维修店（个体工商户）,0,1.0,20,3,aba
若尔盖县玉平煤炭经营店（个体工商户）,0,5.0,20,0,aba
若尔盖县羊嘎天然农资经营店（个体工商户）,0,22.0,20,0,aba
若尔盖县玛区卡家庭农场（个体工商户）,0,25.0,18,0,aba
红原县瑟洋服装店（个体工商户）,0,20.0,17,4,aba
若尔盖锦山全纯净水店（个体工商户）,0,2.0,16,0,aba
红原县拐肉小吃店（个体工商户）,0,10.0,14,2,aba
红原县古咖藏餐厅（个体工商户）,0,6.0,14,2,aba
红原县曲诌娱乐休闲场（个体工商户）,0,5.0,12,6,aba
红原县尕拉娱乐休闲场（个体工商户）,0,6.0,12,6,aba
红原县万事通服装店（个体工商户）,0,10.0,12,0,aba
红原县梦源农业信息咨询农民专业合作社,0,1.2,8,3,aba
若尔盖县牧人废品厂（个体工商户）,0,18.0,7,4,aba
红原县川香小吃馆（个体工商户）,0,4.0,4,2,aba
红原县伊熙服装店（个体工商户）,0,20.0,20,0,aba
若尔盖县长生运输部（个体工商户）,0,5.0,20,5,aba
若尔盖甲布塔运输部（个体工商户）,0,20.0,19,5,aba
红原县布霸仓服装店（个体工商户）,0,10.0,18,4,aba
若尔盖福客来民宿旅店（个体工商户）,1,5.0,17,2,aba
红原县乐童服装店（个体工商户）,0,3.0,16,0,aba
若尔盖县红星镇河它社区卫生服务站（个体工商户）,0,3.0,15,13,aba
红原县致通汽修服务店（个体工商户）,0,5.0,15,3,aba
红原县莱运台球器材店（个体工商户）,0,10.0,8,6,aba
若尔盖刘氏卤菜坊（个体工商户）,0,4.0,8,0,aba
若尔盖县波科快递服务点（个体工商户）,0,10.0,7,5,aba
红原县杨科副食店（个体工商户）,0,1.0,20,0,aba
若尔盖玛尔塘洗车店（个体工商户）,0,3.0,20,3,aba
若尔盖县尕斗泽仁运输部（个体工商户）,0,52.0,18,5,aba
红原县安通货运部（个体工商户）,0,10.0,18,5,aba
若尔盖蜀香鲜鱼火锅店（个体工商户）,0,30.0,16,2,aba
若尔盖县明光汽车配件经销店（个体工商户）,0,8.0,16,0,aba
若尔盖县老金匠黄金加工店（个体工商户）,0,5.0,13,4,aba
红原县宏旺商贸店（个体工商户）,0,9.0,12,1,aba
红原县牦牛百货超市有限公司,0,1.0,7,0,aba
若尔盖宝儿童装店（个体工商户）,0,3.0,6,0,aba
若尔盖县新时代养殖场（个体工商户）,0,8.0,4,1,aba
若尔盖诺布霖卡酒店（个体工商户）,0,90.0,19,2,aba
若尔盖县阿色五金店（个体工商户）,0,20.0,19,0,aba
若尔盖尼衣泽仁运输部（个体工商户）,0,50.0,19,5,aba
若尔盖县尔金泽郎家庭农场（个体工商户）,0,3.0,17,1,aba
红原县东大仓初级农产品店（个体工商户）,0,1.0,14,0,aba
若尔盖县稻草人摄影店（个体工商户）,0,5.0,12,3,aba
若尔盖县拉么泽里运输部（个体工商户）,0,52.0,7,5,aba
若尔盖尕让泽里运输部（个体工商户）,0,52.0,20,5,aba
若尔盖县郎木央庆仓民宿酒店（个体工商户）,0,50.0,19,2,aba
若尔盖县西域宏泰酒业店（个体工商户）,0,50.0,19,0,aba
若尔盖县阿主家庭农场（个体工商户）,0,20.0,17,1,aba
若尔盖祁师牛羊肉铺（个体工商户）,0,3.0,16,0,aba
若尔盖县扎西央宗运输部（个体工商户）,0,50.0,15,5,aba
红原县树下服装店（个体工商户）,0,5.0,15,0,aba
红原县德顺牛肉店（个体工商户）,0,2.0,13,0,aba
若尔盖县喜旋宾馆店（个体工商户）,0,90.0,13,2,aba
若尔盖甜密时光蛋糕店（个体工商户）,0,70.0,7,0,aba
若尔盖同善益西洗车场（个体工商户）,0,10.0,6,3,aba
红原县唐三煤炭销售有限公司,0,1.0,13,0,aba
红原县泽娜服装店（个体工商户）,0,9.0,20,0,aba
红原县招财百货店（个体工商户）,0,4.0,20,0,aba
若尔盖江参仁青饲料店（个体工商户）,0,5.0,18,4,aba
若尔盖县明亮机电维修店（个体工商户）,0,10.0,16,4,aba
若尔盖明珠宾馆（个体工商户）,0,80.0,14,2,aba
若尔盖县功夫洗车店（个体工商户）,0,2.0,12,3,aba
若尔盖甜嘧时光蛋糕店（个体工商户）,0,70.0,7,2,aba
红原县川西进口牛肉店（个体工商户）,0,8.0,19,0,aba
红原县尕热家具店（个体工商户）,0,5.0,18,4,aba
若尔盖柒科家庭农场（个体工商户）,0,5.0,18,1,aba
红原县赛尔源食品商贸铺（个体工商户）,0,50.0,18,0,aba
红原县南美鲜肉店（个体工商户）,0,3.0,13,0,aba
若尔盖县小文建材店（个体工商户）,0,10.0,13,0,aba
红原县让祥足浴店（个体工商户）,0,5.0,9,3,aba
若尔盖政雄废品回收站（个体工商户）,0,5.0,8,0,aba
红原县牧歌服装有限公司,0,1.0,7,4,aba
若尔盖俄尖索郎运输部（个体工商户）,0,20.0,20,5,aba
若尔盖卓尕足运输部（个体工商户）,0,52.0,20,5,aba
红原县欧玛仕服装店（个体工商户）,0,2.0,20,4,aba
若尔盖县降扎扎西道路货物运输经营部（个体工商户）,0,41.0,15,5,aba
红原县王泽成食用菌种植园（个体工商户）,0,3.0,13,1,aba
红原县许维慧食用菌种植园（个体工商户）,0,6.0,13,1,aba
红原县等你下课文具用品店（个体工商户）,0,10.0,13,0,aba
红原县清风庭足浴保健服务店（个体工商户）,0,40.0,8,3,aba
若尔盖白玛足运输部（个体工商户）,0,52.0,8,5,aba
红原县启智通讯设备销售店（个体工商户）,0,1.0,4,10,aba
红原县雅卓服装店（个体工商户）,0,20.0,4,0,aba
若尔盖县阿西茸乡牙弄村010格尔货物运输部（个体工商户）,0,20.0,20,5,aba
红原县阿杜牦牛肉店（个体工商户）,0,5.0,20,0,aba
若尔盖县阿米塘白玛泽仁运输部（个体工商户）,0,40.0,19,5,aba
红原县特巴进口牛肉店（个体工商户）,0,3.0,19,0,aba
若尔盖县扎西彭措仓运输部（个体工商户）,0,48.0,17,5,aba
若尔盖县都会宾馆店（个体工商户）,0,18.0,16,2,aba
红原县王泽华食用菌种植园（个体工商户）,0,4.0,13,1,aba
红原县冲怀百货店（个体工商户）,0,3.0,7,0,aba
若尔盖县扎西牙运输部（个体工商户）,0,50.0,4,5,aba
红原县老谭面粉加工店（个体工商户）,0,5.0,18,4,aba
若尔盖九曲第一湾卓玛拉民宿酒店（个体工商户）,0,30.0,13,2,aba
若尔盖大美洗车店（个体工商户）,0,5.0,12,3,aba
红原县一好洗车店（个体工商户）,0,5.0,8,3,aba
若尔盖县格佩兽药房（个人独资）,0,3.5,6,0,aba
若尔盖格桑梅朵舞蹈培训中心,0,10.0,17,6,aba
若尔盖县然多仁青夺吉运输部（个体工商户）,0,40.0,20,5,aba
若尔盖县乐华仕炸鸡店（个体工商户）,1,5.0,18,2,aba
若尔盖訾氏大众饭店（个体工商户）,0,10.0,16,2,aba
红原县求达百货店（个体工商户）,0,2.0,10,0,aba
若尔盖头巴尕运输部（个体工商户）,0,28.0,9,5,aba
红原县谛源服装店（个体工商户）,0,3.0,8,0,aba
若尔盖足州运输部（个体工商户）,0,50.0,6,5,aba
若尔盖热尔白玛泽仁运输部（个体工商户）,0,25.0,19,5,aba
若尔盖县夺吉仁青运输部（个体工商户）,0,30.0,19,5,aba
红原县方俊天天汽车货运铺（个体工商户）,0,8.0,17,5,aba
红原县依勒洗车店（个体工商户）,0,10.0,16,3,aba
红原县圣庭酒店（个体工商户）,0,20.0,15,2,aba
若尔盖县足巴足道路货物运输经营部（个体工商户）,0,20.0,15,5,aba
红原县仁心诊所部（个体工商户）,0,5.0,14,13,aba
红原县牛牦王有机肥料店（个体工商户）,0,5.0,13,4,aba
若尔盖县西域手抓美食城（个体工商户）,0,30.0,12,2,aba
若尔盖县篷友圈民宿（个体工商户）,0,8.0,12,2,aba
阿坝州若尔盖县扎萨格村农产品商贸专业合作社,0,8.0,9,4,aba
若尔盖县泽巴足仓运输部（个体工商户）,0,40.0,20,5,aba
若尔盖县哈么泽里运输部（个体工商户）,0,40.0,20,5,aba
若尔盖县腊子沟村卓玛足运输部（个体工商户）,0,20.0,20,5,aba
若尔盖县更它扎西运输部（个体工商户）,0,46.0,19,5,aba
若尔盖县泽巴扎西运输部（个体工商户）,0,30.0,19,5,aba
若尔盖夏德卓玛泽仁运输部（个体工商户）,0,20.0,19,5,aba
若尔盖腊子沟哈么泽里运输部（个体工商户）,0,10.0,19,5,aba
若尔盖县旦张旺加运输部（个体工商户）,0,30.0,19,5,aba
若尔盖县俄尖兰周运输部（个体工商户）,0,31.0,18,5,aba
红原县牧心园民宿酒店（个体工商户）,0,10.0,16,2,aba
若尔盖南州泽仁运输部（个体工商户）,0,40.0,16,5,aba
若尔盖藏用运输部（个体工商户）,0,70.0,16,5,aba
若尔盖县俄尖龙日运输店（个体工商户）,0,12.0,15,15,aba
若尔盖尚州泽仁运输部（个体工商户）,0,33.0,8,5,aba
若尔盖县当周泽仁运输部（个体工商户）,0,40.0,6,5,aba
若尔盖足巴泽里运输部（个体工商户）,0,30.0,20,5,aba
若尔盖泽认东周运输部（个体工商户）,0,40.0,19,5,aba
若尔盖县腊子沟尕让泽里运输部（个体工商户）,0,7.0,19,5,aba
若尔盖爱华运输部（个体工商户）,0,20.0,19,5,aba
若尔盖县扎西泽仁仓运输部（个体工商户）,0,10.0,19,5,aba
若尔盖县夺吉泽旦运输部（个体工商户）,0,10.0,18,5,aba
若尔盖县尕玛夺吉运输部（个体工商户）,0,10.0,17,5,aba
若尔盖后勤村尕让当州运输部（个体工商户）,0,30.0,16,5,aba
红原县瑞杰馍馍餐饮服务店（个体工商户）,0,1.0,14,2,aba
若尔盖县派克汉堡店（个体工商户）,0,30.0,13,2,aba
若尔盖县扎西泽旦运输服务店（个体工商户）,0,42.0,13,5,aba
红原县清凉洗浴店（个体工商户）,0,5.0,12,3,aba
若尔盖县尕让当州仓运输部（个体工商户）,0,40.0,10,5,aba
若尔盖源元运输有限公司,0,30.0,7,5,aba
若尔盖县芙蓉冒菜店（个体工商户）,0,14.0,7,2,aba
若尔盖哈么当州运输部（个体工商户）,0,40.0,6,5,aba
红原县岗嘎尔阿妈餐饮服务店（个体工商户）,0,10.0,4,2,aba
若尔盖县尼色泽仁运输部（个体工商户）,0,20.0,20,5,aba
若尔盖县迭绒供秋足运输部（个体工商户）,0,23.0,20,5,aba
若尔盖县供波足运输部（个体工商户）,0,46.0,19,5,aba
若尔盖香脆饼铺（个体工商户）,0,7.0,19,0,aba
若尔盖共波泽听运输部（个体工商户）,0,18.0,19,5,aba
若尔盖郎塔泽仁运输部（个体工商户）,0,30.0,19,5,aba
若尔盖县旦巴泽仁运输部（个体工商户）,0,17.0,19,5,aba
若尔盖县柒军洛文运输部（个体工商户）,0,23.0,18,5,aba
若尔盖县俄波当周运输部（个体工商户）,1,35.0,18,5,aba
若尔盖八玛村白玛夺吉运输部（个体工商户）,0,8.0,18,5,aba
若尔盖县旦真泽仁仓运输部（个体工商户）,0,20.0,17,5,aba
若尔盖茸戈扎西泽仁运输部（个体工商户）,0,30.0,16,5,aba
若尔盖县国潮男士理发店（个体工商户）,0,20.0,15,3,aba
若尔盖足巴泽仁运输部（个体工商户）,0,25.0,15,5,aba
若尔盖县俄尖久运输部（个体工商户）,0,3.0,15,15,aba
若尔盖县泽郎夺机运输部（个体工商户）,0,16.0,13,5,aba
若尔盖千滋百味卤香居卤制品经营店（个体工商户）,0,2.0,11,0,aba
若尔盖县仁千彭初运输部（个体工商户）,0,15.0,8,5,aba
若尔盖县索郎彭措运输部（个体工商户）,0,18.0,8,5,aba
若尔盖俄尖泽里运输部（个体工商户）,0,39.0,8,5,aba
若尔盖县泽仁夺吉运输部（个体工商户）,0,40.0,7,5,aba
若尔盖张妈砂锅店（个体工商户）,0,16.0,6,2,aba
若尔盖县泽认扎西运输部（个体工商户）,0,20.0,20,5,aba
若尔盖县玛机泽仁运输部（个体工商户）,0,20.0,20,5,aba
若尔盖甲尔根运输部（个体工商户）,0,30.0,20,5,aba
若尔盖县渝万鲜面店（个体工商户）,1,5.0,20,4,aba
若尔盖县尕让足运输部（个体工商户）,0,30.0,19,5,aba
若尔盖县仁青卓玛运输部（个体工商户）,0,11.0,19,5,aba
若尔盖县卓玛措运输部（个体工商户）,0,25.0,19,5,aba
若尔盖康多彭措运输部（个体工商户）,0,30.0,19,5,aba
若尔盖佰母塔运输部（个体工商户）,0,30.0,19,5,aba
若尔盖县衣当西运输部（个体工商户）,0,40.0,19,5,aba
若尔盖县夺吉运输部（个体工商户）,0,33.0,19,5,aba
若尔盖阿米塘俄尖足运输部（个体工商户）,0,3.0,19,5,aba
若尔盖罗尔泽兰运输部（个体工商户）,0,25.0,19,5,aba
若尔盖泽让东周运输部（个体工商户）,0,20.0,18,5,aba
若尔盖旦真泽仁运输部（个体工商户）,0,24.0,18,5,aba
若尔盖县夺吉扎西运输部（个体工商户）,0,18.0,18,5,aba
若尔盖县向巴泽仁运输部（个体工商户）,0,20.0,18,5,aba
若尔盖白玛夺基运输部（个体工商户）,0,20.0,18,5,aba
若尔盖县腊子沟俄尖泽里运输部（个体工商户）,0,3.0,17,5,aba
若尔盖大拇指手工面店（个体工商户）,0,30.0,17,2,aba
若尔盖县郎卡扎西运输部（个体工商户）,0,17.0,15,5,aba
若尔盖县罗让以希运输部（个体工商户）,0,30.0,15,5,aba
若尔盖县夏德泽仁扎西运输部（个体工商户）,0,3.0,15,5,aba
若尔盖热陇泽巴足运输部（个体工商户）,0,20.0,15,5,aba
若尔盖白玛泽仁运输部（个体工商户）,0,10.0,15,15,aba
若尔盖腊子沟泽巴扎西运输部（个体工商户）,0,10.0,14,5,aba
若尔盖县纳科运输部（个体工商户）,0,10.0,10,5,aba
若尔盖县泽西运输服务部（个体工商户）,0,20.0,7,5,aba
若尔盖阿西泽巴足运输部（个体工商户）,0,20.0,6,5,aba
若尔盖牙弄旦真夺机运输部（个体工商户）,0,8.0,6,5,aba
若尔盖红星大众饭馆（个体工商户）,0,10.0,6,2,aba
若尔盖扎西穷迫运输部（个体工商户）,0,10.0,6,5,aba
若尔盖县供波足仓运输部（个体工商户）,0,30.0,5,5,aba
若尔盖更登足运输部（个体工商户）,0,40.0,20,5,aba
若尔盖县办登卡运输部（个体工商户）,0,40.0,19,5,aba
若尔盖宋机足运输部（个体工商户）,0,30.0,19,5,aba
若尔盖县邹记土豆花小吃店（个体工商户）,0,10.0,19,2,aba
若尔盖郎扎足运输部（个体工商户）,0,30.0,19,5,aba
若尔盖县泽仁西运输部（个体工商户）,1,40.0,19,5,aba
若尔盖但张旺甲运输部（个体工商户）,0,16.0,19,5,aba
若尔盖看周措运输部（个体工商户）,0,31.0,18,5,aba
若尔盖热陇彭措运输部（个体工商户）,0,30.0,18,5,aba
若尔盖县索郎旦真运输部（个体工商户）,0,10.0,18,5,aba
若尔盖县泽旺仁旦运输部（个体工商户）,0,23.0,17,5,aba
若尔盖县俄尖修运输部（个体工商户）,0,20.0,17,5,aba
若尔盖尕让当周运输店（个体工商户）,0,30.0,17,5,aba
若尔盖旦真王加运输店（个体工商户）,0,31.0,17,5,aba
若尔盖县马姐食品坊（个体工商户）,0,3.0,16,0,aba
若尔盖云鼎酒店（个体工商户）,0,30.0,16,2,aba
若尔盖县郎卡塔仓运输部（个体工商户）,0,40.0,15,5,aba
若尔盖县拥忠才仁运输部（个体工商户）,0,27.0,15,5,aba
若尔盖县蒲瓦此能运输部（个体工商户）,0,3.0,15,0,aba
若尔盖县供秋日青运输部（个体工商户）,0,8.0,15,5,aba
若尔盖县东周吉祥运输部（个体工商户）,0,8.0,15,5,aba
若尔盖县林冲向巴足运输部（个体工商户）,0,8.0,15,5,aba
若尔盖县泽然夺吉运输部（个体工商户）,0,3.0,14,5,aba
若尔盖毕岗供波足运输部（个体工商户）,0,3.0,14,5,aba
红原县蒸巴适家乡菜馆（个体工商户）,0,5.0,14,2,aba
若尔盖县彭措仓运输部（个体工商户）,0,20.0,14,5,aba
若尔盖县哈么足运输部（个体工商户）,0,25.0,13,5,aba
若尔盖县额尔学运输部（个体工商户）,0,18.0,8,5,aba
若尔盖县旺青泽旦运输部（个体工商户）,0,18.0,8,5,aba
若尔盖县泽巴当州运输部（个体工商户）,0,15.0,8,5,aba
若尔盖白玛王青运输部（个体工商户）,0,18.0,8,5,aba
若尔盖县仁真夺吉运输部（个体工商户）,0,5.0,7,5,aba
若尔盖早点见面餐饮店（个体工商户）,0,2.0,7,2,aba
红原县牧家兽药有限公司,0,2.0,7,0,aba
若尔盖供波泽旦货物运输部（个体工商户）,0,5.0,4,5,aba
若尔盖县巴邓陈尼运输部（个体工商户）,0,8.0,20,5,aba
若尔盖县郎甲足运输部（个体工商户）,0,20.0,20,5,aba
若尔盖诺宸运输部（个体工商户）,0,30.0,20,5,aba
若尔盖县九曲街面香源餐饮店（个体工商户）,0,15.0,20,2,aba
若尔盖县吉巴足运输部（个体工商户）,0,20.0,19,5,aba
若尔盖县泽达昂运输部（个体工商户）,0,18.0,19,5,aba
若尔盖县帕巴运输部（个体工商户）,0,30.0,19,5,aba
若尔盖塔尔卓玛措运输部（个体工商户）,0,10.0,18,5,aba
若尔盖县第松足运输部（个体工商户）,0,10.0,18,5,aba
若尔盖县向巴足运输部（个体工商户）,0,21.0,18,5,aba
若尔盖县铁布镇索扎泽仁运输部（个体工商户）,0,1.0,17,5,aba
若尔盖茸地泽里运输部（个体工商户）,0,30.0,16,5,aba
若尔盖县分外香运输店（个体工商户）,0,20.0,16,5,aba
若尔盖县求吉卓玛泽仁运输部（个体工商户）,0,2.0,16,5,aba
若尔盖哈么东周运输部（个体工商户）,0,30.0,15,5,aba
若尔盖能波扎西运输部（个体工商户）,0,20.0,15,5,aba
若尔盖县小索朗运输部（个体工商户）,0,30.0,15,5,aba
若尔盖县旦巴降措运输部（个体工商户）,0,7.0,15,5,aba
若尔盖县仁卿岗酒店（个体工商户）,0,40.0,14,2,aba
若尔盖县多旦民宿店（个体工商户）,0,30.0,14,2,aba
若尔盖县尼衣夺吉运输部（个体工商户）,0,8.0,14,5,aba
若尔盖县供波当州运输部（个体工商户）,0,10.0,14,5,aba
若尔盖县茸戈更日学运输部（个体工商户）,0,3.0,14,5,aba
若尔盖牧野栖迟民宿店（个体工商户）,0,10.0,14,2,aba
若尔盖东州运输部（个体工商户）,0,35.0,13,5,aba
红原县桌桌饼子铺（个体工商户）,0,10.0,13,2,aba
若尔盖县足巴学运输部（个体工商户）,0,31.0,12,5,aba
若尔盖县向巴足仓运输部（个体工商户）,1,22.0,12,5,aba
若尔盖县能波足运输部（个体工商户）,0,15.0,10,5,aba
若尔盖县真学道路运输服务部（个体工商户）,0,6.0,10,5,aba
红原县俄姐民宿旅店（个体工商户）,0,10.0,7,2,aba
若尔盖阿王夺吉运输部（个体工商户）,0,6.0,6,5,aba
若尔盖县能高修运输部（个体工商户）,0,20.0,20,5,aba
若尔盖县供波足运输部（个体工商户）,1,11.0,20,5,aba
若尔盖县泽仁休运输部（个体工商户）,0,10.0,20,5,aba
若尔盖县阿张运输部（个体工商户）,0,35.0,20,5,aba
若尔盖县办灯卡运输部（个体工商户）,0,10.0,20,5,aba
红原县志平货运店（个体工商户）,0,5.0,20,5,aba
若尔盖县索科运输部（个体工商户）,0,30.0,20,5,aba
若尔盖县郎西加道路运输服务部（个体工商户）,0,15.0,20,5,aba
若尔盖县班更运输部（个体工商户）,0,30.0,19,5,aba
若尔盖县州卡运输部（个体工商户）,0,30.0,19,5,aba
若尔盖县叶足运输部（个体工商户）,0,46.0,19,5,aba
若尔盖县雪域德茉饮品店（个体工商户）,0,5.0,19,2,aba
若尔盖色多足运输部（个体工商户）,0,20.0,19,5,aba
若尔盖县加洋运输部（个体工商户）,0,45.0,19,5,aba
若尔盖县尕么塔运输部（个体工商户）,1,5.0,19,5,aba
若尔盖尕让它运输部（个体工商户）,0,20.0,19,5,aba
若尔盖如么措运输部（个体工商户）,0,18.0,19,5,aba
若尔盖县供秋扎西货物运输店（个体工商户）,0,5.0,17,5,aba
若尔盖县旦真足仓运输部（个体工商户）,0,20.0,16,5,aba
若尔盖县元华运输部（个体工商户）,0,28.0,16,5,aba
若尔盖白玛当真运输部（个体工商户）,0,20.0,16,5,aba
若尔盖县四姐豆腐坊（个体工商户）,0,8.0,16,4,aba
若尔盖腊子沟供波足运输部（个体工商户）,0,1.0,16,5,aba
若尔盖泽让扎西运输部（个体工商户）,0,20.0,15,5,aba
若尔盖县求吉降措运输部（个体工商户）,0,3.0,15,5,aba
若尔盖县哈喽快餐店（个体工商户）,0,3.0,15,2,aba
若尔盖县用忠旦珍运输部（个体工商户）,1,3.0,14,5,aba
红原县江凌家乡菜店（个体工商户）,0,1.0,14,2,aba
若尔盖县壹湾酒店（个体工商户）,0,40.0,14,2,aba
若尔盖县马二力餐厅店（个体工商户）,0,15.0,14,2,aba
若尔盖铁布旦真运输部（个体工商户）,0,40.0,13,5,aba
若尔盖色郎夺旦运输部（个体工商户）,0,20.0,13,5,aba
若尔盖县蒲哇玖运输部（个体工商户）,0,5.0,8,5,aba
若尔盖县詹登运输部（个体工商户）,0,16.0,8,5,aba
若尔盖县尚吉运输部（个体工商户）,0,15.0,7,5,aba
若尔盖更地足运输部（个体工商户）,0,20.0,7,5,aba
若尔盖县班登卡运输部（个体工商户）,0,10.0,7,5,aba
若尔盖县尚机泽仁运输部（个体工商户）,0,10.0,7,5,aba
红原县阿龙道路货物运输经营店（个体工商户）,0,18.0,6,5,aba
若尔盖玛机足运输部（个体工商户）,0,20.0,6,5,aba
红原县章吉餐饮服务店（个体工商户）,0,5.0,5,2,aba
红原县陌陌食品店,0,10.0,20,0,aba
若尔盖县旦真运输部（个体工商户）,0,10.0,20,5,aba
若尔盖县色郎运输部（个体工商户）,0,10.0,20,5,aba
若尔盖县泽让运输部（个体工商户）,0,10.0,20,5,aba
若尔盖县易当措运输部（个体工商户）,0,6.0,19,5,aba
若尔盖毕岗阿张运输部（个体工商户）,0,1.0,19,5,aba
若尔盖仁阖川菜馆（个体工商户）,0,10.0,19,2,aba
若尔盖县豆尕泽里运输部（个体工商户）,0,9.0,19,5,aba
若尔盖田足运输部（个体工商户）,0,11.0,19,5,aba
若尔盖康多俄尖运输部（个体工商户）,0,8.0,19,5,aba
若尔盖县邓旦子运输部（个体工商户）,0,3.0,18,5,aba
若尔盖县甲吉索郎泽仁运输部（个体工商户）,0,1.0,17,5,aba
若尔盖县郎足泽里运输部（个体工商户）,0,1.0,17,5,aba
红原县乡间汉堡店（个体工商户）,0,3.0,16,2,aba
若尔盖泽王足运输部（个体工商户）,0,30.0,16,5,aba
若尔盖县看卓学运输部（个体工商户）,0,3.0,16,5,aba
若尔盖县占哇泽茸足运输部（个体工商户）,0,2.0,16,5,aba
若尔盖康多泽巴扎西运输部（个体工商户）,0,10.0,16,5,aba
若尔盖甲吉更登足运输部（个体工商户）,0,10.0,15,5,aba
若尔盖泽旺扎西运输部（个体工商户）,0,18.0,15,5,aba
若尔盖县石松卓玛足运输部（个体工商户）,0,2.0,15,5,aba
若尔盖县热陇泽仁运输部（个体工商户）,1,1.0,15,5,aba
红原县妥一奴四餐饮服务店（个体工商户）,0,5.0,14,2,aba
若尔盖县康多泽仁运输部（个体工商户）,0,1.0,14,5,aba
若尔盖县云尚酒店（个体工商户）,0,10.0,14,2,aba
若尔盖扎西当周运输部（个体工商户）,0,14.0,14,5,aba
若尔盖泽仁夺吉运输部（个体工商户）,0,20.0,13,5,aba
若尔盖天珠酒店（个体工商户）,0,20.0,9,2,aba
若尔盖迟窝塔运输部（个体工商户）,0,20.0,8,5,aba
若尔盖县林修运输部（个体工商户）,0,18.0,8,5,aba
若尔盖县机美措运输部（个体工商户）,0,5.0,8,5,aba
若尔盖县俄索运输部（个体工商户）,0,7.0,7,5,aba
红原县佩吉民宿旅店（个体工商户）,0,30.0,6,2,aba
若尔盖莆勇运输部（个体工商户）,0,35.0,6,5,aba
若尔盖县白玛措货物运输部（个体工商户）,0,10.0,4,5,aba
红原县兰珍珠宝加工有限公司,0,1.0,12,4,aba
若尔盖县巴高运输部（个体工商户）,0,20.0,20,5,aba
若尔盖白龙运输部（个体工商户）,0,5.0,20,5,aba
红原县杰祥运输店（个体工商户）,1,10.0,19,5,aba
若尔盖县苏勇运输部（个体工商户）,0,43.0,18,5,aba
若尔盖县更科馍馍饼铺（个体工商户）,1,1.0,18,4,aba
若尔盖庆培运输部（个体工商户）,0,25.0,17,5,aba
若尔盖县夺机泽仁运输部（个体工商户）,0,5.0,17,5,aba
若尔盖县泽旺当周运输部（个体工商户）,0,2.0,16,5,aba
若尔盖夺久九运输部（个体工商户）,0,20.0,16,5,aba
若尔盖县帕巴泽仁运输部（个体工商户）,0,2.0,16,5,aba
若尔盖县白玛扎西运输部（个体工商户）,0,3.0,16,5,aba
红原县马成祥面制品加工店（个体工商户）,1,1.0,15,4,aba
若尔盖甲波州运输部（个体工商户）,0,8.0,15,5,aba
若尔盖年多甲运输部（个体工商户）,0,35.0,15,15,aba
若尔盖县郎他运输部（个体工商户）,0,20.0,14,5,aba
若尔盖县吴记小吃店（个体工商户）,0,1.0,8,2,aba
若尔盖县蒲雄运输部（个体工商户）,0,40.0,6,5,aba
若尔盖县扎科货物运输部（个体工商户）,0,32.0,4,5,aba
若尔盖依西运输部（个体工商户）,0,20.0,20,5,aba
若尔盖县更日学运输部（个体工商户）,0,10.0,20,5,aba
若尔盖老卤坊餐饮店（个体工商户）,0,20.0,19,2,aba
若尔盖香巴运输部（个体工商户）,0,13.0,19,5,aba
红原县幺妹川菜馆（个体工商户）,0,2.0,19,2,aba
若尔盖供秋学运输部（个体工商户）,0,20.0,19,5,aba
若尔盖色根运输部（个体工商户）,0,20.0,19,5,aba
红原县措姐货运店（个体工商户）,0,10.0,18,5,aba
若尔盖县华让运输部（个体工商户）,0,20.0,18,5,aba
若尔盖巴刚运输部（个体工商户）,0,20.0,18,5,aba
若尔盖易当运输部（个体工商户）,0,20.0,18,5,aba
若尔盖县朵尕运输部（个体工商户）,0,40.0,16,5,aba
若尔盖石松豆尕足运输部（个体工商户）,0,3.0,16,5,aba
若尔盖县富源运输部（个体工商户）,0,20.0,16,5,aba
若尔盖周甲运输部（个体工商户）,0,45.0,16,5,aba
红原县曼扎养殖中心（个体工商户）,1,20.0,15,1,aba
若尔盖王千夺机运输部（个体工商户）,0,7.0,15,5,aba
若尔盖县简约奶茶店（个体工商户）,0,30.0,15,2,aba
若尔盖用久运输部（个体工商户）,0,30.0,15,5,aba
若尔盖县巴老冒冒菜店（个体工商户）,0,5.0,15,2,aba
若尔盖县马尼足运输部（个体工商户）,0,3.0,15,5,aba
若尔盖县泽仁仓运输部（个体工商户）,0,20.0,15,5,aba
若尔盖县随意炒川菜馆（个体工商户）,0,1.0,15,2,aba
若尔盖县幺哥烤匠烧烤店（个体工商户）,0,15.0,14,2,aba
红原县准发餐饮服务店（个体工商户）,0,2.0,14,2,aba
若尔盖开个客栈店（个体工商户）,0,35.0,13,2,aba
若尔盖县阿夺运输部（个体工商户）,0,20.0,13,5,aba
若尔盖阿卓道路货物运输经营部（个体工商户）,0,14.0,13,5,aba
若尔盖理享美发工作室（个体工商户）,0,7.0,11,3,aba
若尔盖县指上芭蕾理发店（个体工商户）,0,10.0,9,3,aba
若尔盖茸修运输部（个体工商户）,0,20.0,8,5,aba
若尔盖县德顺暖通经营店（个体工商户）,0,5.0,8,8,aba
若尔盖县索兰布运输部（个体工商户）,0,20.0,4,5,aba
若尔盖县宝藏乐园宾馆店（个体工商户）,0,20.0,20,2,aba
红原县鸿韵之家家庭农场（个体工商户）,0,25.0,18,1,aba
若尔盖郎足运输部（个体工商户）,0,20.0,18,5,aba
若尔盖降措运输部（个体工商户）,0,10.0,18,5,aba
若尔盖豆尕运输部（个体工商户）,0,18.0,17,5,aba
若尔盖县泽仁波运输部（个体工商户）,0,3.0,17,5,aba
若尔盖泽让桑周运输店（个体工商户）,0,5.0,17,5,aba
若尔盖县纳千修运输部（个体工商户）,0,3.0,16,5,aba
若尔盖尚扎学运输部（个体工商户）,0,2.0,16,5,aba
若尔盖县家之味川菜馆（个体工商户）,0,4.0,16,2,aba
若尔盖小甲运输部（个体工商户）,0,2.0,16,5,aba
若尔盖县江巴运输部（个体工商户）,0,3.0,14,5,aba
若尔盖冻周运输部（个体工商户）,0,10.0,14,5,aba
若尔盖县尕头运输部（个体工商户）,0,1.0,14,5,aba
若尔盖县更西小吃馆（个体工商户）,0,10.0,13,2,aba
红原县卡尔卡营地烧烤店（个体工商户）,0,10.0,13,2,aba
若尔盖县爱牧兽药店（个人独资）,0,5.0,7,0,aba
若尔盖白勇运输部（个体工商户）,0,30.0,4,5,aba
红原县扎纳部落牛肉面馆（个体工商户）,0,10.0,4,2,aba
若尔盖县泽仁当州运输部（个体工商户）,0,16.0,4,5,aba
红原县谢卓货运店（个体工商户）,0,5.0,20,5,aba
红原县鑫茳楠足浴店（个体工商户）,0,8.0,20,3,aba
若尔盖炸炒奶烤吧（个体工商户）,0,6.0,19,2,aba
若尔盖能州运输部（个体工商户）,0,7.0,19,5,aba
若尔盖县巴千修运输部（个体工商户）,0,3.0,16,5,aba
若尔盖泽拉措运输部（个体工商户）,0,4.0,16,5,aba
红原县汪汪熟卤卤菜店（个体工商户）,0,5.0,15,0,aba
若尔盖夺吉久运输部（个体工商户）,0,3.0,15,5,aba
红原县曼扎养殖中心（个体工商户）,0,20.0,15,1,aba
红原县承耀货运部（个体工商户）,0,5.0,14,5,aba
若尔盖阿巴运输部（个体工商户）,0,10.0,13,5,aba
若尔盖县泽尕运输部（个体工商户）,1,3.0,8,5,aba
若尔盖县尚盆运输部（个体工商户）,0,7.0,19,5,aba
红原县张琪货运部（个体工商户）,0,5.0,19,5,aba
若尔盖措甲运输部（个体工商户）,0,19.0,16,5,aba
红原县金浴堂洗浴服务店（个体工商户）,0,2.0,15,3,aba
若尔盖县泽拉运输部（个体工商户）,0,6.0,15,5,aba
若尔盖县桑吉措运输部（个体工商户）,0,10.0,14,5,aba
红原县赖氏面粉加工店（个体工商户）,0,3.0,13,2,aba
红原县发源地美发服务店（个体工商户）,0,10.0,8,3,aba
若尔盖用足运输部（个体工商户）,0,20.0,8,5,aba
红原县裕建货物运输部（个体工商户）,0,2.0,6,5,aba
若尔盖县泽茸运输部（个体工商户）,0,9.0,19,5,aba
若尔盖其他运输部（个体工商户）,0,20.0,16,5,aba
若尔盖县张二哥米粉店（个体工商户）,0,1.0,15,2,aba
若尔盖晋南小吃店（个体工商户）,0,6.0,13,2,aba
若尔盖县梨都宾馆（个体工商户）,0,5.0,12,2,aba
若尔盖县仁和小吃店（个体工商户）,0,5.0,9,2,aba
若尔盖县如塔运输部（个体工商户）,0,8.0,6,5,aba
红原县清清餐饮服务店（个体工商户）,0,10.0,4,2,aba
若尔盖德吉小吃店（个体工商户）,0,6.0,19,2,aba
若尔盖更措运输部（个体工商户）,0,2.0,16,5,aba
若尔盖县爱尚麻辣烫店（个体工商户）,1,3.0,16,2,aba
红原县渡成宾馆（个体工商户）,0,10.0,14,2,aba
若尔盖君君发艺店（个体工商户）,0,4.0,8,3,aba
红原县娇娇豆制品加工店（个体工商户）,0,2.0,7,4,aba
若尔盖县蒋记面馆（个体工商户）,0,5.0,19,2,aba
若尔盖达纳州运输部（个体工商户）,0,7.0,13,5,aba
红原县八宝小吃店（个体工商户）,0,8.0,4,2,aba
红原县年莫货运店（个体工商户）,0,5.0,20,5,aba
红原县鑫然货运店（个体工商户）,0,5.0,20,5,aba
红原县雅塘家庭农场（个体工商户）,0,1.0,12,1,aba
红原县查可货物运输部（个体工商户）,0,2.0,6,5,aba
红原县巴渝小面店（个体工商户）,0,4.0,19,2,aba
若尔盖星辰酒店（个体工商户）,0,10.0,13,2,aba
红原县向班理发店,0,4.0,20,3,aba
红原县然木基日用百货店（个体工商户）,0,2.0,6,0,aba
九寨沟县盐鲜生超市管理有限公司,0,50.0,12,0,aba
九寨沟县清净环境工程有限责任公司,0,80.0,13,11,aba
九寨沟县白马风情农产品销售有限公司,0,60.0,16,0,aba
阿坝四时茶味餐饮管理有限公司,0,62.5,13,3,aba
九寨沟县十里花卉种植有限公司,0,50.0,6,1,aba
阿坝州恰哒食品有限公司,0,50.0,20,0,aba
九寨沟县忆途旅游服务有限公司,0,50.0,19,3,aba
九寨沟县小优汽车租赁有限公司,0,50.0,18,3,aba
九寨沟县众河酒店管理有限公司,0,50.0,16,3,aba
九寨沟县美涂胜建筑装饰工程有限公司,1,50.0,16,7,aba
松潘县望清川农副产品商贸有限责任公司,0,50.0,16,0,aba
九寨沟县嗨玩旅游服务有限公司,0,50.0,16,3,aba
九寨沟县林顺中药材种植有限公司,0,50.0,15,1,aba
九寨沟县聚宝朋文化传播有限公司,0,50.0,15,6,aba
九寨沟县全域行旅游管理有限公司,0,50.0,15,3,aba
九寨沟县司途汽车租赁服务有限公司,0,50.0,15,3,aba
九寨沟县速启汽车租赁服务有限公司,0,50.0,15,3,aba
九寨沟县鑫瑞果种植专业合作社,0,50.0,15,1,aba
九寨沟县嘿呀啦嗦餐饮有限责任公司,0,50.0,13,2,aba
阿坝州深旅户外运动有限公司,0,50.0,13,6,aba
九寨沟县醍心美宿酒店有限公司,1,50.0,12,2,aba
四川润松食用菌有限公司,0,50.0,12,1,aba
九寨沟县拉桑生态养殖有限公司,0,50.0,9,1,aba
九寨沟县华速道路货物运输有限公司,0,50.0,8,5,aba
松潘随星行汽车服务有限公司,0,50.0,8,0,aba
九寨沟县裕隆腾商贸有限公司,0,50.0,8,0,aba
九寨沟县藏王便利店管理有限责任公司,0,50.0,4,0,aba
九寨沟县拾翠商贸有限公司,0,30.0,13,0,aba
九寨沟县文武家政服务有限责任公司,0,30.0,18,3,aba
四川商鼎新盛信息技术有限公司,0,30.0,18,9,aba
九寨沟县鑫合商贸有限公司,0,30.0,13,0,aba
阿坝州杨氏全优筑建材有限公司,0,50.0,6,7,aba
九寨沟县迅捷汽车租赁有限公司,1,20.0,19,3,aba
四川锦飞财智文化科技有限公司,0,20.0,17,6,aba
九寨沟县丰农鑫业中药材农民专业合作社,0,20.0,15,1,aba
千古情梵拉图（九寨沟县）酒店管理有限责任公司,0,20.0,13,3,aba
九寨沟县强盛装饰工程有限公司,0,18.8,13,7,aba
松潘县耘上麦吉农业发展有限责任公司,0,50.0,12,1,aba
松潘琳鑫企业管理有限公司,0,20.0,9,3,aba
四川四季汇十里农产品有限责任公司,0,20.0,8,0,aba
九寨沟县金泰成工程机械设备租赁有限公司,0,20.0,8,3,aba
松潘启盛瀚商贸店（个体工商户）,0,20.0,7,0,aba
九寨沟县开拓装饰建材有限公司,0,20.0,4,4,aba
九寨沟县东赞餐饮文化有限公司,0,10.0,20,2,aba
九寨沟县锦美种植专业合作社,0,5.0,19,1,aba
九寨沟县拾光文化传媒有限公司,0,3.0,15,6,aba
九寨沟县捷诚新能源科技有限公司,0,10.0,15,9,aba
九寨沟县悦游优选商贸有限公司,0,10.0,15,0,aba
九寨沟县渝盛餐饮有限公司,0,10.0,14,2,aba
九寨沟县马寨帮帮文旅有限公司,0,10.0,13,11,aba
九寨沟县禾益种植专业合作社,0,10.0,13,1,aba
九寨沟县森茂环保工程服务有限公司,0,10.0,11,11,aba
四川得之智汇农业科技有限公司,0,10.0,8,9,aba
九寨沟县弘亿达广告传媒店（个体工商户）,0,5.0,7,6,aba
九寨沟县安谷商业管理有限公司,0,10.0,4,12,aba
九寨沟县志鹏捷洗信息技术有限公司,0,10.0,8,9,aba
阿坝州山清黄精农业有限公司,0,50.0,4,1,aba
九寨沟县扎扎新派餐饮有限公司,0,30.0,13,2,aba
九寨沟县央德农产品销售专业合作社,0,50.0,19,1,aba
松潘县雅美宝藏文化传媒有限公司,0,10.0,18,6,aba
九寨沟县嘎玛土司餐饮有限责任公司,0,20.0,4,2,aba
九寨沟县夏央林卡餐饮有限公司,0,30.0,6,2,aba
九寨沟县芈港酒店管理有限公司,0,15.0,4,2,aba
九寨沟县人民食堂土菜馆（个体工商户）,0,10.0,12,2,aba
九寨沟县渝商九寨宴餐饮有限公司,0,10.0,12,2,aba
九寨沟县印象缘文化娱乐有限公司,0,60.0,11,6,aba
九寨沟县红运现代农业专业合作社,0,50.0,15,1,aba
九寨沟县交子酒店管理有限公司,0,50.0,16,3,aba
九寨沟县鑫达酒店有限公司,0,5.0,11,2,aba
松潘县宸源光伏科技有限责任公司,0,66.6888,8,8,aba
松潘县佑所新能源有限公司,0,10.0,7,9,aba
九寨沟县金锐家居建材批发中心（个体工商户）,1,10.0,19,0,aba
九寨沟县波夏藏王奶茶店（个体工商户）,0,10.0,12,2,aba
九寨沟县小艺思教育信息咨询有限公司,0,5.0,11,6,aba
九寨沟县昇源科技有限公司,0,30.0,5,9,aba
九寨沟县九辰酒店管理有限公司,0,10.0,7,3,aba
阿坝州藏牛源食品有限公司,0,77.0,14,4,aba
九寨沟县羊峒新媒体发展有限公司,1,20.0,12,3,aba
松潘集采优购电子商务工作室（个体工商户）,0,5.0,7,0,aba
九寨沟县代彩文化旅游有限公司,0,8.0,18,3,aba
阿坝州景榆文化传播有限责任公司,0,30.0,16,6,aba
九寨沟县米鱼平面艺术工作室（个体工商户）,0,8.0,7,6,aba
松潘县永欣企业管理咨询服务有限公司,0,10.0,19,3,aba
九寨沟县御昇酒店管理有限公司,0,50.0,7,2,aba
九寨沟县梦尚居酒店有限公司,0,50.0,11,2,aba
九寨沟县七寨物业管理有限公司,0,5.0,15,12,aba
九寨沟县和盛劳务有限公司,0,50.0,18,3,aba
九寨沟县辉达建筑装饰有限公司,0,30.0,12,7,aba
九寨沟县旭鑫五金建材店（个体工商户）,0,10.0,19,0,aba
九寨沟县鼎信水电安装有限公司,0,30.0,15,3,aba
阿坝州顺仟汽车租赁有限责任公司,0,20.0,15,3,aba
九寨沟县旭华牦牛肉平价超市（个体工商户）,0,8.0,4,0,aba
九寨沟县安速捷商务服务有限公司,0,10.0,13,5,aba
九寨沟县欢歌文化传播有限责任公司,0,50.0,13,6,aba
四川九寨富猫云律法律咨询有限公司,0,10.0,13,10,aba
九寨君玺（九寨沟县）酒类销售有限责任公司,0,50.0,7,0,aba
松潘岭越农合电子商务有限公司,0,10.0,15,10,aba
九寨沟县铭驰旅游服务有限公司,0,30.0,18,3,aba
松潘县营润畜牧制品专业合作社,0,50.0,13,1,aba
阿坝京洛建筑机械租赁有限公司,0,50.0,12,3,aba
九寨沟县爱购超市（个体工商户）,0,50.0,7,0,aba
九寨沟县翰伟旅游有限公司,0,6.0,18,3,aba
九寨沟县正品超市（个体工商户）,0,10.0,16,0,aba
九寨沟县陈琴小卖部（个体工商户）,0,9.0,13,0,aba
松潘县古驿沟旅游发展有限公司,0,10.0,11,11,aba
九寨沟县德滋源商贸有限公司,0,50.0,7,0,aba
九寨沟县博涛广告设计有限责任公司,0,10.0,6,3,aba
九寨沟县昊恩劳务有限公司,0,50.0,18,3,aba
松潘县桑吉种养殖专业合作社,0,60.0,7,1,aba
松潘县锦润旅游有限责任公司,0,60.0,19,2,aba
九寨沟县惠宾超市（个体工商户）,0,10.0,5,0,aba
松潘县欣橙商贸有限公司,0,50.0,19,0,aba
松潘县西成汽车租赁有限责任公司,0,50.0,17,3,aba
九寨沟县瑞盛酒店（个体工商户）,0,10.0,15,2,aba
九寨沟县秒音网络科技服务中心（个体工商户）,0,1.0,18,10,aba
九寨沟县致强土特产店（个体工商户）,0,10.0,12,0,aba
九寨沟县享达便利店（个体工商户）,0,5.0,12,0,aba
九寨沟县金同酒店用品店（个体工商户）,0,5.0,4,2,aba
九寨沟县霖泽财税服务有限公司,0,10.0,6,3,aba
九寨沟县永盛成隆建材有限责任公司,0,50.0,4,0,aba
四川九运建材销售有限责任公司,0,50.0,8,0,aba
松潘县岗日噶布商贸有限公司,0,10.0,17,0,aba
松潘县云麓旅行文化旅游发展有限责任公司,0,20.0,7,3,aba
九寨沟县兴福超市（个体工商户）,0,2.0,15,0,aba
九寨沟县宝顺劳务有限公司,0,50.0,5,5,aba
九寨沟县恰央酒店管理有限公司,0,10.0,11,3,aba
九寨沟县登发建筑工程有限公司,0,5.0,9,7,aba
阿坝州云衣华裳酒店管理有限责任公司,0,10.0,5,2,aba
九寨沟县贝爱若超市（个体工商户）,0,20.0,16,0,aba
九寨沟县星火平价超市（个体工商户）,0,4.0,7,0,aba
松潘县康正万一药店（个人独资）,0,5.0,15,0,aba
九寨沟县票界领航票务服务有限公司,0,20.0,13,6,aba
四川蔬香佳后勤服务有限公司,0,18.8,4,3,aba
九寨沟县锦钰副食店（个体工商户）,0,10.0,15,0,aba
九寨沟县乐淘百货店（个体工商户）,0,8.0,7,0,aba
九寨沟县佳缘园林绿化有限公司,0,10.0,9,11,aba
九寨沟县福旺超市（个体工商户）,0,3.0,4,0,aba
阿坝州马立达出行科技有限公司,0,50.0,15,9,aba
九寨沟县林韵居静逸民宿（个体工商户）,0,50.0,13,2,aba
九寨沟县云麓山景度假酒店有限公司,0,50.0,10,3,aba
九寨沟县初仓超市（个体工商户）,0,10.0,19,0,aba
九寨沟县自由行平价超市（个体工商户）,0,10.0,12,0,aba
九寨沟县甘海山居酒店有限公司,0,30.0,19,2,aba
阿坝州行乐文化旅游发展有限责任公司,0,50.0,13,3,aba
九寨沟县鼎诺家政服务有限公司,0,50.0,12,3,aba
九寨沟县兰君农业发展有限公司,0,10.0,11,4,aba
松潘县金斗运业有限公司,0,50.0,9,5,aba
九寨沟县新福超市（个体工商户）,0,20.0,7,0,aba
九寨沟县食玩记便利店（个体工商户）,0,3.0,14,0,aba
九寨沟县悠然山居餐饮服务有限公司,0,10.0,9,2,aba
九寨沟县杰顺建设工程咨询有限公司,0,10.0,8,9,aba
九寨沟县诚德小卖部（个体工商户）,0,3.0,4,0,aba
九寨沟县芝芝副食店（个体工商户）,0,5.0,4,6,aba
九寨沟县杠岭休息点（个体工商户）,0,2.0,19,0,aba
九寨沟县美萨轻舍民宿（个体工商户）,0,8.0,12,2,aba
九寨沟县藏佳纯酒业有限公司,0,39.8,18,0,aba
松潘县齐力道路货物运输有限责任公司,0,60.0,17,5,aba
九寨沟县悦源健康管理有限责任公司,0,50.0,12,3,aba
九寨沟县喜来乐旅游服务有限公司,0,30.0,6,3,aba
九寨沟县超辉商贸有限公司,0,50.0,16,0,aba
九寨沟县盛嘉机械租赁服务部（个体工商户）,0,10.0,14,3,aba
九寨沟县弘森机械租赁服务部（个体工商户）,0,10.0,13,3,aba
九寨沟县大星食品配送有限公司,0,20.0,6,0,aba
松潘县胡同与酒酒吧有限责任公司,0,60.0,19,2,aba
九寨沟县佳福来超市（个体工商户）,0,10.0,13,0,aba
松潘聚美人力资源服务有限责任公司,0,10.0,9,3,aba
松潘跃顺商贸有限公司,0,10.0,6,0,aba
九寨沟县豪庭云栖酒店有限公司,0,10.0,4,2,aba
松潘县原牧农副食品商贸有限责任公司,0,50.0,18,0,aba
九寨沟县丑妮餐饮店（个体工商户）,0,10.0,8,2,aba
九寨沟县云豪居酒店有限公司,0,10.0,4,2,aba
松潘县仁电电脑销售店（个体工商户）,0,30.0,17,0,aba
九寨沟县逸购超市（个体工商户）,0,10.0,8,0,aba
九寨沟县池上农家院（个体工商户）,0,3.0,20,2,aba
九寨沟县小九九自助购超市（个体工商户）,0,2.0,16,0,aba
九寨沟县速强绿环有害生物防治有限公司,0,10.0,12,1,aba
九寨沟县宜顺物业管理有限公司,0,5.0,11,12,aba
九寨沟县龙运人家农产品店（个体工商户）,0,5.0,4,0,aba
松潘县贝玛佳宝文化旅游发展有限责任公司,0,20.0,13,3,aba
松潘思学托管店（个体工商户）,0,1.0,6,6,aba
松潘瑟措商行（个体工商户）,1,10.0,11,0,aba
九寨沟县圆瑞建筑装饰维修经营部（个体工商户）,0,5.0,7,7,aba
九寨沟县博源种植农场（个体工商户）,0,50.0,17,1,aba
九寨沟县创源生态旅游开发有限公司,0,30.0,15,6,aba
九寨沟县素红种植家庭农场（个体工商户）,0,15.0,14,1,aba
四川岷润种养殖有限公司,0,10.0,12,1,aba
九寨沟县浩原机械租赁服务部（个体工商户）,0,30.0,10,3,aba
九寨沟县建春建材五金店（个体工商户）,0,14.0,6,0,aba
九寨沟县姝歆超市（个体工商户）,0,10.0,14,0,aba
九寨沟县林兴劳务服务有限公司,0,5.0,10,7,aba
九寨沟上亿餐饮服务有限公司,0,16.0,16,2,aba
九寨沟县尚上品商贸部（个体工商户）,0,5.0,15,0,aba
九寨沟县逸风旅游服务有限公司,0,50.0,15,3,aba
九寨沟县尚贝冷链食品批发部（个体工商户）,0,10.0,8,0,aba
九寨沟县韩烁机械租赁服务部（个体工商户）,0,10.0,8,3,aba
松潘三才堂中医诊所（个人独资）,0,10.0,18,13,aba
九寨沟县康杰机械租赁服务部（个体工商户）,0,1.0,14,3,aba
松潘拾美屋优妆化妆品店（个体工商户）,0,10.0,7,0,aba
九寨沟县星耀文化娱乐酒吧（个人独资）,0,80.0,11,6,aba
松潘县泽勇中药材种植专业合作社,0,60.0,5,1,aba
阿坝州浩泽农庄有限公司,0,10.0,6,2,aba
九寨沟县搭档零食超市（个体工商户）,0,20.0,6,0,aba
九寨沟县宏芳果蔬配送中心（个体工商户）,0,10.0,4,0,aba
松潘县藏情羌源商店（个体工商户）,0,8.88,19,0,aba
九寨沟县梵雅酒店（个体工商户）,0,30.0,17,2,aba
九寨沟县巴蜀好物臻选店（个体工商户）,0,10.0,12,0,aba
九寨沟县丰瑞果蔬配送中心（个体工商户）,0,10.0,4,0,aba
九寨沟县热熹之旅旅游有限责任公司,1,50.0,9,2,aba
松潘拾美屋化妆品店（个体工商户）,0,10.0,7,0,aba
九寨沟县程坤酒水商贸店（个体工商户）,0,20.0,7,0,aba
九寨沟县邻家易购小卖部（个体工商户）,0,5.0,6,0,aba
九寨沟县桃子副食店（个体工商户）,0,4.0,4,0,aba
九寨沟县菜鲜森蔬菜配送站（个体工商户）,0,5.0,16,0,aba
九寨沟县老宛副食店（个体工商户）,0,5.0,15,0,aba
松潘行天下旅游开发有限公司,0,50.0,8,3,aba
九寨沟县科蓝办公用品店（个体工商户）,0,30.0,19,4,aba
松潘县秋炎达燃气销售店（个人独资）,0,0.1,18,8,aba
九寨沟县侯记生鲜集市（个体工商户）,0,2.0,13,0,aba
九寨沟县丽和物业管理有限公司,0,10.0,20,12,aba
九寨沟县会友台球俱乐部漳扎分店（个体工商户）,0,20.0,16,6,aba
九寨沟县嘉钰商贸有限公司,0,50.0,15,0,aba
松潘县嘉宇鑫文化传媒有限责任公司,0,20.0,13,6,aba
松潘县飞驰汽车租赁服务有限责任公司,0,50.0,18,3,aba
阿坝州希翎贸易有限公司,0,50.0,13,0,aba
九寨沟县吉诚干杂经营部（个体工商户）,0,3.0,11,0,aba
松潘县全嘉便利店（个体工商户）,0,3.0,9,0,aba
九寨沟县梓花香粮油批发部（个体工商户）,0,10.0,7,0,aba
九寨沟县彩霞便民副食店（个体工商户）,0,6.0,6,0,aba
九寨沟县浩泽副食店（个体工商户）,0,5.0,19,0,aba
阿坝州嘉钰财税服务有限公司,0,6.0,14,3,aba
众缘烽云（九寨沟县）商贸有限责任公司,1,30.0,15,0,aba
九寨沟县桂源五金建材经营部（个体工商户）,0,9.0,7,0,aba
松潘途瑞商贸行（个体工商户）,0,20.0,7,0,aba
九寨沟县莲莲便利店（个体工商户）,0,5.0,6,0,aba
阿坝州东她商贸有限公司,0,2.0,10,0,aba
松潘红兴门诊部（个人独资）,0,2.0,19,13,aba
九寨沟县会友台球俱乐部隆康店（个体工商户）,0,10.0,12,6,aba
九寨沟县云逸楠舍酒店有限责任公司,0,50.0,10,2,aba
松潘康森建材经营部（个体工商户）,0,10.0,15,0,aba
九寨沟县五十六原创文化艺术工作室（个体工商户）,0,10.0,7,6,aba
九寨沟县九酒阳商行（个体工商户）,0,10.0,6,0,aba
九寨沟县花韵舞蹈有限公司,0,30.0,18,6,aba
阿坝州星动电玩有限公司,0,10.0,13,6,aba
九寨沟县杉达林木种植有限公司,0,10.0,10,1,aba
九寨沟县桔熊文具店（个体工商户）,0,10.0,20,0,aba
九寨沟县藏地情文化传媒有限公司,0,20.0,14,6,aba
阿坝祥泰源现代农业发展有限公司,0,30.0,10,1,aba
松潘县旦安仓货物运输有限公司,0,50.0,9,5,aba
九寨沟县山麓旅拍工作室（个体工商户）,0,1.0,8,3,aba
九寨沟县精准财税服务有限公司,0,10.0,7,3,aba
九寨沟县鸿承安防电子产品经营部（个体工商户）,0,20.0,6,0,aba
九寨沟县悦栖酒店有限公司,0,60.0,6,2,aba
九寨沟县藏秋土特产店（个体工商户）,0,5.0,6,0,aba
九寨沟县老余干杂调味品批发部（个体工商户）,0,20.0,7,0,aba
九寨沟县玖玉社康保健用品店（个体工商户）,1,5.0,16,0,aba
九寨沟县润鑫酒店管理有限公司,0,10.0,6,3,aba
九寨沟县康丽牦牛肉隆康店（个体工商户）,0,2.0,16,0,aba
九寨沟县智适农农资店（个体工商户）,0,2.0,15,0,aba
九寨沟县志云劳务行（个体工商户）,0,30.0,14,3,aba
九寨沟县康益餐饮服务有限公司,0,5.0,10,2,aba
松潘斗金商贸有限公司,0,50.0,10,0,aba
九寨沟县秋来土特产店（个体工商户）,0,10.0,9,0,aba
九寨沟县丽娟便利店（个体工商户）,0,5.0,6,0,aba
松潘县龙一众安大药房（个人独资）,0,5.0,14,0,aba
九寨沟县中查村益民劳务专业合作社,0,7.0,19,3,aba
九寨沟县建菊百货店（个体工商户）,0,1.0,17,0,aba
九寨沟县如你所愿民宿（个体工商户）,0,40.0,16,2,aba
九寨沟县昌盛祥土特产店（个体工商户）,0,10.0,14,0,aba
松潘县赐坤万联便利店（个体工商户）,0,50.0,8,0,aba
松潘若尔忘忧谷旅游有限公司,0,20.0,8,2,aba
九寨沟县衡盛建材店（个体工商户）,0,6.0,7,0,aba
九寨沟县潘记蔬菜配送部（个体工商户）,0,5.0,8,0,aba
松潘松风物语商店（个体工商户）,0,5.0,4,0,aba
九寨沟县嘎桑梅朵商店（个体工商户）,0,2.0,15,0,aba
九寨沟县炭里餐饮服务有限公司,0,40.0,8,2,aba
松潘县安鑫汽车租赁有限公司,0,10.0,20,3,aba
九寨沟县阿玛云丹民宿（个体工商户）,0,50.0,15,2,aba
九寨沟县龙荣仓储式酒店用品店（个体工商户）,0,20.0,20,0,aba
松潘阿娟旅拍店（个体工商户）,0,20.0,15,3,aba
松潘县乡智数字科技有限公司,0,10.0,11,10,aba
松潘县瑜鑫盛旅游有限责任公司,0,30.0,8,3,aba
九寨沟县阔布阿妈青稞酒精酿坊（个体工商户）,0,5.0,4,4,aba
九寨沟县熊平货物运输服务部（个体工商户）,0,2.0,15,5,aba
九寨沟县立德超市（个体工商户）,0,4.0,15,0,aba
九寨沟县有鸣超市新区店（个体工商户）,0,10.0,5,0,aba
九寨沟县优舍酒店管理有限公司,0,10.0,4,2,aba
松潘鸿川百货店（个体工商户）,0,6.0,4,0,aba
松潘县桥一头食品经营部（个体工商户）,0,5.0,18,0,aba
九寨沟县衡刚货物运输服务部（个体工商户）,0,2.0,15,5,aba
九寨沟县小宛特产店（个体工商户）,0,8.0,15,0,aba
松潘县行藏八宝旅游开发有限公司,0,50.0,14,3,aba
九寨沟县一棵树教育科技有限责任公司,0,80.0,12,9,aba
九寨沟县程华工程管理服务部（个体工商户）,0,10.0,4,9,aba
九寨沟县悦悦种植家庭农场（个体工商户）,0,1.0,16,1,aba
松潘县星达酒店管理有限责任公司,0,10.0,15,3,aba
九寨沟县黑子建材店（个体工商户）,0,6.0,7,0,aba
九寨沟县卓达机械经营部（个体工商户）,0,50.0,19,0,aba
九寨沟县姬勇副食店（个体工商户）,0,1.8,16,0,aba
九寨沟县九酒辰阳希商贸有限公司,0,50.0,4,0,aba
松潘繁花食集餐饮店（个体工商户）,0,20.0,20,0,aba
九寨沟县依诺摄影工作室（个体工商户）,0,10.0,17,3,aba
松潘县红燕酒店管理有限公司,0,20.0,15,3,aba
九寨沟县红姐副食店（个体工商户）,0,2.0,18,0,aba
阿坝州易程汽车租赁有限责任公司,0,50.0,15,3,aba
阿坝州阿岭麦瓦商贸有限公司,0,50.0,15,0,aba
九寨沟县新方向汽车租赁有限公司,0,20.0,13,3,aba
松潘富伟隧道物资部（个体工商户）,0,80.0,7,4,aba
九寨沟县旺姆祥玛文创工作室（个体工商户）,0,2.0,7,3,aba
松潘神行汽车租赁有限公司,0,20.0,17,3,aba
九寨沟县二牛货物运输服务部（个体工商户）,0,2.0,15,5,aba
九寨沟县山野隐居民宿（个体工商户）,0,10.0,15,2,aba
九寨沟县山居缘民宿（个体工商户）,0,30.0,5,2,aba
松潘县洛介周商店（个体工商户）,0,2.0,19,0,aba
九寨沟县茶首饮品店（个体工商户）,0,10.0,16,2,aba
九寨沟县山里货特产店（个体工商户）,0,8.0,15,0,aba
九寨沟县东友小卖部（个体工商户）,0,2.0,15,0,aba
九寨沟县蓉一品零食店（个体工商户）,0,40.0,12,0,aba
九寨沟县仁杰果蔬批发部（个体工商户）,0,2.0,7,0,aba
九寨沟县千古时光旅拍店（个体工商户）,0,10.0,7,6,aba
九寨沟县聚财干杂店（个体工商户）,0,2.5,16,0,aba
松潘县菲奥娜网吧网咖（个人独资）,0,50.0,15,6,aba
四川九松彩旅汽车服务有限公司,0,3.0,12,0,aba
松潘县智游星商店（个体工商户）,0,5.0,19,3,aba
九寨沟县忆客旅行民宿（个体工商户）,0,30.0,18,2,aba
九寨沟县阿芳特产店（个体工商户）,0,8.0,15,0,aba
松潘明雅软装馆（个体工商户）,0,50.0,13,4,aba
松潘县山坡上综合服务超市（个体工商户）,0,50.0,8,0,aba
松潘县鑫亿豪五金经营部（个体工商户）,0,10.0,6,0,aba
九寨沟县民鑫假日酒店有限公司,0,50.0,19,2,aba
九寨沟县杏花村汾酒经营部（个体工商户）,0,30.0,14,0,aba
九寨沟县启辰建材店（个体工商户）,0,10.0,12,0,aba
松潘县乡筑建筑设计事务所有限公司,0,10.0,11,9,aba
寻途（九寨沟县）旅游服务有限责任公司,0,10.0,7,3,aba
松潘龙记生鲜店（个体工商户）,0,10.0,20,0,aba
九寨沟县德森劳务专业合作社,0,10.0,19,1,aba
九寨沟县团结村鑫诚源劳务专业合作社,0,18.0,19,3,aba
松潘县穗安商贸有限公司,0,20.0,18,0,aba
松潘县贡巴商贸有限公司,0,30.0,13,0,aba
九寨沟县桔子家政服务有限公司,0,10.0,5,3,aba
九寨沟县佳婷健康咨询服务部（个体工商户）,0,1.0,18,3,aba
松潘县万峰农业开发有限公司,0,5.0,13,1,aba
九寨沟县随亿发建材经营部（个体工商户）,0,5.0,8,3,aba
松潘县润锦足疗有限公司,0,10.0,17,3,aba
松潘亚卓雍阔旅拍馆（个体工商户）,0,10.0,15,15,aba
九寨沟县西径揽山民宿（个体工商户）,0,5.0,7,2,aba
九寨沟县楠桦商行（个体工商户）,0,2.2,20,0,aba
松潘县央宗有鸣食品经营部（个体工商户）,0,70.0,19,0,aba
九寨沟县华莱士餐饮服务店（个体工商户）,0,18.0,16,2,aba
九寨沟县今食食品坊（个体工商户）,0,2.0,15,4,aba
九寨沟县来去山民宿（个体工商户）,0,5.0,15,2,aba
九寨沟县木森漫居民宿（个体工商户）,0,20.0,15,2,aba
松潘氧知源医疗器械有限公司,0,12.0,8,0,aba
松潘县雅舍麦吉商店（个体工商户）,0,60.0,16,0,aba
松潘县缘绿畜禽养殖有限公司,0,10.0,16,1,aba
松潘碧海云天家庭农场（个体工商户）,0,1.0,15,2,aba
九寨沟县小周果蔬店（个体工商户）,1,2.0,9,0,aba
九寨沟县鑫友盛劳务部（个体工商户）,0,6.0,8,3,aba
松潘邓叭小卖部（个体工商户）,0,20.0,7,0,aba
松潘县温德姆戴斯酒店（个体工商户）,0,10.0,6,2,aba
九寨沟县头道城村金诚劳务专业合作社,0,15.0,19,3,aba
九寨沟县进成养殖家庭农场（个体工商户）,0,5.0,19,1,aba
九寨沟县酒寨子旗舰店（个体工商户）,0,15.0,8,0,aba
九寨沟县随发建材经营部（个体工商户）,0,5.0,8,3,aba
九寨沟县家家乐厨卫电器门市部（个体工商户）,0,6.0,4,0,aba
阿坝州呷布哒酒业有限公司,0,50.0,16,0,aba
九寨沟县记忆往事特产店（个体工商户）,0,30.0,16,0,aba
松潘精亦诚彩钢厂（个体工商户）,0,20.0,15,0,aba
九寨沟县央腊民族用品店（个体工商户）,0,10.0,15,0,aba
松潘双马百货店（个体工商户）,0,10.0,7,3,aba
九寨沟县牛魔王牦牛肉菌汤锅店（个体工商户）,0,20.0,16,2,aba
九寨沟县君源商行（个体工商户）,0,7.0,16,0,aba
九寨沟县记忆地方特产店（个体工商户）,0,30.0,16,0,aba
九寨沟县九寨往事餐饮店（个体工商户）,0,80.0,12,2,aba
九寨沟县嘉佑酒店（个体工商户）,0,50.0,5,2,aba
九寨沟县兴畅建材经营部（个体工商户）,0,5.0,18,0,aba
九寨沟县勿池山居农家乐（个体工商户）,0,2.0,18,2,aba
四川省科潇园艺有限公司,0,20.0,15,1,aba
九寨沟县文其副食店（个体工商户）,0,1.0,13,0,aba
九寨沟县云庭山居民宿（个体工商户）,0,90.0,11,2,aba
九寨沟县梵云端藏餐厅（个体工商户）,0,20.0,6,2,aba
九寨沟县双苗养殖种植农场（个体工商户）,0,30.0,18,1,aba
松潘麦子酒店（个体工商户）,0,80.0,16,2,aba
松潘县韦嘉演艺文化有限责任公司,0,50.0,14,6,aba
九寨沟县惠多广鲜肉经营部（个体工商户）,0,6.0,9,4,aba
松潘泽里卓玛蔬果商店（个体工商户）,0,12.0,8,0,aba
四川省搭子旅游信息咨询有限公司,0,10.0,7,3,aba
九寨沟县旺美批发部（个体工商户）,0,5.0,20,0,aba
九寨沟县川香渝味土菜馆（个体工商户）,1,19.0,20,2,aba
九寨沟县民厨粮灶地摊老火锅店（个体工商户）,1,40.0,15,2,aba
九寨沟县三丨点水茶楼（个体工商户）,1,12.0,13,2,aba
松潘花颜悦色鲜花店（个体工商户）,0,10.0,8,0,aba
九寨沟县英普通讯器材经营部（个体工商户）,0,1.0,6,10,aba
松潘县穆伊购食品销售店（个体工商户）,0,20.0,19,0,aba
九寨沟县思缘副食店（个体工商户）,0,10.0,19,0,aba
九寨沟县翠海云居酒店（个体工商户）,0,15.0,13,2,aba
九寨沟县宿营车地民宿（个体工商户）,0,15.0,11,2,aba
九寨沟县悦丰蔬果经营部（个体工商户）,0,10.0,6,0,aba
松潘县松南情餐厅（个体工商户）,0,50.0,19,0,aba
九寨沟县常灵小卖部（个体工商户）,0,1.0,18,0,aba
九寨沟县阑珊处酒店（个体工商户）,0,50.0,13,2,aba
松潘一点当商贸行（个体工商户）,0,3.0,11,14,aba
九寨沟县星寨别院民宿（个体工商户）,0,50.0,9,2,aba
松潘县梦驰文化艺术有限公司,0,30.0,7,6,aba
九寨沟县木栖溪畔民宿（个体工商户）,0,16.0,6,2,aba
九寨沟县优香客面馆（个体工商户）,0,3.0,20,2,aba
九寨沟县见山院子民宿（个体工商户）,0,10.0,20,2,aba
九寨沟县雅茗轩休闲会所（个体工商户）,0,50.0,17,2,aba
九寨沟县原始森林烘焙坊新区店（个体工商户）,0,3.0,16,2,aba
九寨沟县长泓诊所管理有限责任公司,0,20.0,10,13,aba
九寨沟县宜途品悦酒店（个体工商户）,0,80.0,7,2,aba
九寨沟县琼鸟山居度假民宿（个体工商户）,0,20.0,7,2,aba
九寨沟县帕贵仓隐墅民宿（个体工商户）,0,30.0,6,2,aba
九寨沟县老徐家土菜馆（个体工商户）,0,2.0,19,2,aba
九寨沟县融城轻音乐餐吧（个体工商户）,0,10.0,14,2,aba
松潘县游牧源农副食品商贸有限责任公司,0,10.0,12,0,aba
松潘边城云鼎露营点（个体工商户）,0,50.0,12,2,aba
松潘思远书店（个体工商户）,0,5.0,20,6,aba
九寨沟县优鲜集蔬菜水果批发门市部（个体工商户）,0,10.0,19,0,aba
九寨沟县宸伟旅游经营部（个体工商户）,0,5.0,18,3,aba
九寨沟县拉姆之鲜牛肉火锅店（个体工商户）,0,10.0,11,2,aba
松潘县嗨派娱乐活动厅（个体工商户）,0,1.0,11,6,aba
九寨沟县樊藏餐吧（个体工商户）,0,20.0,8,2,aba
九寨沟县筑梦熠舞蹈工作室（个体工商户）,0,10.0,5,6,aba
松潘国亚商店（个体工商户）,0,20.0,4,0,aba
松潘琼钦吉曲央作商店（个体工商户）,0,10.0,18,2,aba
九寨沟县老巷香蛋糕店（个体工商户）,0,20.0,15,0,aba
松潘县鸿途建材销售有限责任公司,0,50.0,14,0,aba
松潘县日昇汽车租赁有限公司,0,50.0,14,3,aba
松潘县牦咖副食店（个体工商户）,0,5.0,9,0,aba
松潘县实汇电子商务有限公司,0,5.0,9,10,aba
松潘甘之牦食品商行（个体工商户）,0,10.0,8,0,aba
九寨沟县怡帆农家院（个体工商户）,0,5.0,8,2,aba
九寨沟县艳文广告印务部（个体工商户）,0,10.0,20,3,aba
九寨沟县春筑轻奢民宿（个体工商户）,0,50.0,19,2,aba
九寨沟县山野蜜坊土特产店（个体工商户）,0,5.0,19,0,aba
九寨沟县奥艺重庆鳝鱼老火锅店（个体工商户）,0,50.0,16,2,aba
松潘阿佳磋藏装店（个体工商户）,0,10.0,16,0,aba
九寨沟县秀舍小筑精品民宿（个体工商户）,0,30.0,15,2,aba
九寨沟县继飞游乐园（个体工商户）,0,2.0,15,6,aba
松潘尚吉农副产品商贸有限公司,0,10.0,14,0,aba
松潘藏瑞源商贸有限责任公司,0,10.0,13,0,aba
松潘县松巴拉农产品销售店（个体工商户）,0,5.0,8,1,aba
九寨沟县川味记忆牦牛肉菌汤锅店（个体工商户）,0,15.0,7,2,aba
九寨沟县馨悦枫景酒店（个体工商户）,0,10.0,7,2,aba
九寨沟县云海麓隐花园酒店（个体工商户）,0,10.0,6,2,aba
松潘县惠康诊所有限责任公司,0,8.0,19,13,aba
九寨沟县溪上茶楼（个体工商户）,0,5.0,17,2,aba
松潘县锦呈羌村商贸有限责任公司,0,50.0,11,7,aba
九寨沟县辉恒劳务服务部（个体工商户）,0,6.0,10,3,aba
九寨沟县茶野茶楼（个体工商户）,0,10.0,7,2,aba
九寨沟县山里炭烤吧（个体工商户）,0,10.0,7,2,aba
九寨沟县九倒拐茶府（个体工商户）,0,30.0,19,2,aba
松潘县文城意居民宿客栈（个体工商户）,0,50.0,18,2,aba
九寨沟县味正好川菜馆（个体工商户）,0,50.0,17,2,aba
九寨沟县藏地卓玛水果吧（个体工商户）,0,4.5,15,0,aba
九寨沟县徐大川剁椒猪脚饭店（个体工商户）,0,10.0,14,2,aba
九寨沟县悠庭别苑餐饮服务有限责任公司,0,50.0,8,2,aba
九寨沟县鸿茂奶茶店（个体工商户）,0,50.0,8,4,aba
九寨沟县卓尕拉藏餐吧（个体工商户）,0,5.0,8,6,aba
松潘泽旺磋商店（个体工商户）,0,20.0,8,0,aba
九寨沟县敬饰围巾批发部（个体工商户）,0,10.0,7,0,aba
松潘五阿哥鲜鱼火锅店（个体工商户）,0,99.0,5,2,aba
九寨沟县浩贤花卉种植园（个体工商户）,0,5.0,20,1,aba
九寨沟县江湖牛火锅店（个体工商户）,1,20.0,17,2,aba
松潘格桑啦商行（个体工商户）,0,20.0,16,0,aba
九寨沟县面粉世家小吃店（个体工商户）,0,10.0,16,2,aba
松潘燕儿小吃店（个体工商户）,0,6.0,14,2,aba
松潘县逸锦酒店管理有限公司,0,50.0,14,3,aba
松潘晨铭测绘有限公司,0,20.0,8,9,aba
九寨沟县简遇藏装店（个体工商户）,0,4.0,8,0,aba
九寨沟县小泸味酒坊（个体工商户）,0,1.0,7,0,aba
九寨沟县藏地牧民牦牛养殖家庭农场（个体工商户）,0,1.0,7,1,aba
九寨沟县玲英印象鱼府（个体工商户）,0,10.0,6,2,aba
松潘袁哥洗车场,1,50.0,12,3,aba
九寨沟县缘聚九寨民宿（个体工商户）,0,10.0,16,2,aba
松潘县杰美商行（个体工商户）,0,20.0,16,0,aba
九寨沟县艳华道路货物运输部（个体工商户）,0,5.0,14,5,aba
九寨沟县西慕香舍烘焙坊（个体工商户）,0,10.0,14,4,aba
松潘天造净土农产品销售店（个体工商户）,0,50.0,14,0,aba
九寨沟县不二火锅粉店（个体工商户）,0,2.0,13,2,aba
松潘县艺朵舞蹈中心（个人独资）,0,30.0,12,6,aba
九寨沟县佳喜肉兔养殖家庭农场（个体工商户）,0,18.0,12,1,aba
松潘嘉措商行（个体工商户）,0,5.0,12,0,aba
九寨沟县昌凯食品店（个体工商户）,0,50.0,8,2,aba
九寨沟县全年庄火锅店（个体工商户）,0,40.0,8,2,aba
九寨沟县锦岳别苑民宿（个体工商户）,0,10.0,4,2,aba
九寨沟县风眠小筑酒店（个体工商户）,0,10.0,4,2,aba
九寨沟县无忧茶府（个体工商户）,0,15.0,4,6,aba
松潘寻觅宾馆（个体工商户）,0,10.0,20,2,aba
九寨沟县李香兰火锅店（个体工商户）,0,30.0,19,2,aba
九寨沟县星记牛骨汤早餐店（个体工商户）,0,2.8,17,2,aba
松潘县康盛商行（个体工商户）,0,10.0,15,0,aba
九寨沟县凤龙道路货物运输部（个体工商户）,0,5.0,14,5,aba
九寨沟县藏时光旅拍工作室（个体工商户）,0,15.0,14,3,aba
九寨沟县星姐道路货物运输部（个体工商户）,0,2.0,14,5,aba
松潘县西邻健康管理有限公司,0,5.0,11,3,aba
松潘川原尚品堂商行（个体工商户）,0,80.0,11,0,aba
松潘县扎彭商店（个体工商户）,0,1.0,9,0,aba
松潘松九协力商店（个体工商户）,0,60.0,7,0,aba
九寨沟县拾年客栈（个体工商户）,0,30.0,7,2,aba
九寨沟县山舍民宿（个体工商户）,0,60.0,6,2,aba
九寨沟县藏韵拾光旅拍店（个体工商户）,0,20.0,5,3,aba
九寨沟县晚妆日用品店（个体工商户）,0,1.0,4,0,aba
九寨沟县锦福源茶楼（个体工商户）,0,20.0,4,6,aba
松潘县扎青郑服装店（个体工商户）,0,50.0,19,0,aba
九寨沟县五粮印象商行（个体工商户）,0,5.0,19,0,aba
九寨沟县树正海酒坊（个体工商户）,0,30.0,16,0,aba
松潘娜玛措商行（个体工商户）,0,10.0,15,0,aba
九寨沟县乐鱼青年旅社（个体工商户）,0,20.0,15,2,aba
九寨沟县燕武道路货物运输部（个体工商户）,1,1.0,14,5,aba
九寨沟县丽花道路货物运输部（个体工商户）,0,5.0,14,5,aba
九寨沟县喜来融合料理餐吧（个体工商户）,0,20.0,8,2,aba
九寨沟县且慢文旅民宿（个体工商户）,0,10.0,7,2,aba
九寨沟县葛三平蔬菜批发部（个体工商户）,0,0.4,4,0,aba
松潘县索朗磋服装店（个体工商户）,0,50.0,19,0,aba
九寨沟县龙小非火锅店（个体工商户）,0,50.0,18,2,aba
九寨沟县一杯茶茶馆（个体工商户）,0,3.0,16,2,aba
九寨沟县沐道体育培训有限公司,0,30.0,11,6,aba
松潘县小扎西商行（个体工商户）,0,30.0,8,0,aba
九寨沟县雪山菌味鲜牦牛肉汤锅店（个体工商户）,0,25.0,8,2,aba
九寨沟县书境文化工作室（个体工商户）,0,2.0,7,0,aba
松潘县来都来了旅行社有限公司,0,5.0,6,11,aba
九寨沟县隐山云舍民宿（个体工商户）,0,20.0,5,2,aba
九寨沟县最美印象酒店（个体工商户）,0,20.0,5,2,aba
松潘瑞草堂商行（个体工商户）,0,90.0,4,0,aba
九寨沟县茂盛园林绿化有限责任公司,0,80.0,4,11,aba
松潘县杨军修理铺（个体工商户）,0,10.0,19,3,aba
九寨沟县空瓶子餐吧（个体工商户）,0,6.0,19,2,aba
松潘县藏源四季商行（个体工商户）,0,2.0,19,0,aba
松潘县藏珍缘商店（个体工商户）,0,50.0,18,0,aba
九寨沟县玛吉拉音乐餐吧（个体工商户）,0,2.8,15,2,aba
九寨沟县曹氏鸭脖漳扎店（个体工商户）,0,12.0,14,2,aba
九寨沟县秋嬢嬢火锅店（个体工商户）,0,10.0,13,2,aba
松潘依胜酒店（个体工商户）,0,60.0,13,2,aba
九寨沟县神鹰部落餐饮店（个体工商户）,0,10.0,13,2,aba
九寨沟县永豪莲华中药材种植有限公司,0,10.0,12,1,aba
松潘马祥成福钢材店（个体工商户）,0,30.0,7,0,aba
九寨沟县吉木仓民宿（个体工商户）,0,20.0,7,2,aba
九寨沟县行止云隐里民宿（个体工商户）,0,20.0,5,2,aba
松潘县宇皓商贸有限公司,0,50.0,4,5,aba
九寨沟县开心小串碳烤吧（个体工商户）,0,10.0,19,2,aba
九寨沟县滑肉豆花火锅店（个体工商户）,0,10.0,16,2,aba
松潘小货郎商店（个体工商户）,0,5.0,16,0,aba
松潘啷卡尔仓商店（个体工商户）,0,5.0,16,0,aba
九寨沟县陌乐音乐酒吧（个体工商户）,0,15.0,15,2,aba
九寨沟县麓山居民宿（个体工商户）,0,37.0,15,2,aba
松潘拉姆拉措民宿店（个体工商户）,0,99.0,14,2,aba
九寨沟县老桌子烂蹄花店（个体工商户）,0,10.0,14,2,aba
九寨沟县藏美摄影工作室（个体工商户）,0,2.0,14,3,aba
松潘阿可桑商店（个体工商户）,0,50.0,12,0,aba
松潘天隆百货店（个体工商户）,0,30.0,9,0,aba
九寨沟县严记水产店（个体工商户）,0,10.0,7,0,aba
九寨沟县老南坪社区火锅店（个体工商户）,0,8.0,4,2,aba
松潘县云亭阁酒店（个体工商户）,0,80.0,16,2,aba
九寨沟县东尕工艺品店（个体工商户）,0,1.0,16,0,aba
九寨沟县花格桑铜锅牦牛肉音乐餐吧（个体工商户）,0,30.0,16,2,aba
九寨沟县老李农家川菜馆（个体工商户）,0,12.0,15,2,aba
九寨沟县小厂长老火锅店（个体工商户）,0,7.0,14,2,aba
松潘喜遇服装店（个体工商户）,0,1.0,14,0,aba
九寨沟县禧厨餐厅（个体工商户）,0,15.0,13,2,aba
九寨沟县一间暖居民宿（个体工商户）,0,15.0,12,2,aba
九寨沟县浮生得闲爆炒店（个体工商户）,0,10.0,12,2,aba
九寨沟县冯四女上跷脚牛肉店（个体工商户）,0,12.0,9,2,aba
松潘县航翔天天鲜商店（个体工商户）,0,20.0,7,0,aba
松潘川力商行（个体工商户）,0,6.0,7,0,aba
九寨沟县野暮倾山民宿（个体工商户）,0,20.0,7,2,aba
九寨沟县梦源奇味干锅店（个体工商户）,0,15.0,7,2,aba
九寨沟县酱紫烤饼屋（个体工商户）,0,10.0,7,4,aba
九寨沟县牛滋味牦牛肉火锅店（个体工商户）,0,18.0,6,2,aba
九寨沟县十一音乐酒水餐吧（个体工商户）,0,10.0,6,2,aba
九寨沟县悦鑫美玲客栈（个体工商户）,0,10.0,6,2,aba
九寨沟县袁莱肉蟹煲店（个体工商户）,0,10.0,4,2,aba
九寨沟县野隐山居酒店（个体工商户）,0,10.0,4,2,aba
松潘县华厨酒店用品销售店（个体工商户）,0,15.0,19,0,aba
松潘县忆古轩商店（个体工商户）,0,20.0,18,3,aba
九寨沟县兹上原火锅店（个体工商户）,0,10.0,18,2,aba
九寨沟县山也里农家民宿（个体工商户）,0,9.0,16,2,aba
九寨沟县冉姐特色牦牛肉汤锅店（个体工商户）,0,12.0,16,2,aba
九寨沟县香飘九寨牦牛肉汤锅店（个体工商户）,0,20.0,16,2,aba
松潘兰彬彬副食店（个体工商户）,0,2.0,15,0,aba
九寨沟县食海一家餐饮店（个体工商户）,0,30.0,14,2,aba
松潘恒柳工程机械经营部（个体工商户）,0,10.0,14,0,aba
九寨沟县熊婆婆砂锅店（个体工商户）,0,20.0,12,2,aba
九寨沟县斯莫仓餐饮店（个体工商户）,0,30.0,8,2,aba
九寨沟县如你所院民宿（个体工商户）,0,6.0,8,2,aba
九寨沟县华龙贰号酒店（个体工商户）,0,6.0,6,2,aba
九寨沟县陶野民宿（个体工商户）,0,8.9,6,2,aba
九寨沟县川上人家餐饮店（个体工商户）,0,10.0,6,2,aba
九寨沟县农户人家串串香店（个体工商户）,0,30.0,4,2,aba
九寨沟县九善翼咖啡馆（个体工商户）,0,15.0,20,2,aba
九寨沟县鑫潮牦牛肉汤锅店（个体工商户）,0,15.0,19,2,aba
九寨沟县摩印旅拍摄影工作室（个体工商户）,0,15.0,18,3,aba
九寨沟县时光小筑民宿（个体工商户）,0,10.0,18,2,aba
松潘县巴松烧烤店（个体工商户）,0,10.0,18,2,aba
九寨沟县如意林卡铜锅牦牛肉店（个体工商户）,0,20.0,16,2,aba
松潘阿秋蔬果店（个体工商户）,0,15.0,15,0,aba
九寨沟县七掌柜自助火锅店（个体工商户）,0,40.0,15,2,aba
松潘易行汽车租赁有限责任公司,0,50.0,13,3,aba
九寨沟县蜀味鲜土菜房（个体工商户）,0,12.0,13,2,aba
九寨沟县知食份子川菜馆（个体工商户）,0,10.0,12,2,aba
松潘点点商行（个体工商户）,0,30.0,11,0,aba
九寨沟县林花劳务服务有限公司,0,50.0,11,3,aba
松潘周介鼎冠商行（个体工商户）,0,0.1,9,5,aba
九寨沟县牛小几牛哥牛骨火锅店（个体工商户）,0,20.0,8,2,aba
松潘郊眠琴行（个体工商户）,0,5.0,8,0,aba
九寨沟县牛魔王牦牛肉菌汤锅分店（个体工商户）,0,15.0,7,2,aba
九寨沟县小邓石棉鲜肉烧烤店（个体工商户）,0,10.0,7,2,aba
九寨沟县隐世别院民宿（个体工商户）,0,20.0,6,2,aba
九寨沟县朗悦轩民宿（个体工商户）,0,18.0,6,2,aba
松潘烙印画梦书画店（个体工商户）,0,10.0,6,6,aba
九寨沟县城庙工程机械租赁服务部（个体工商户）,0,10.0,6,3,aba
九寨沟县沟口茶府（个体工商户）,0,10.0,5,2,aba
九寨沟县五十七号餐馆（个体工商户）,0,20.0,5,2,aba
九寨沟县值得一烤烧烤店（个体工商户）,0,2.0,4,2,aba
九寨沟县阿若布姆餐饮店（个体工商户）,0,22.5,4,2,aba
九寨沟县半牧云涧石锅鸡藏餐厅（个体工商户）,0,5.0,4,2,aba
九寨沟县荣胜和餐饮有限公司,0,20.0,13,2,aba
九寨沟县璟悦假日酒店（个体工商户）,0,10.0,18,2,aba
九寨沟县百老汇土菜馆（个体工商户）,0,30.0,18,2,aba
九寨沟县豪华阿诺餐吧（个体工商户）,0,15.0,18,2,aba
九寨沟县杨小哥肥肠蹄花火锅店（个体工商户）,0,7.0,18,2,aba
九寨沟县云上鲜厨特色川菜馆（个体工商户）,0,12.0,16,2,aba
九寨沟县岷洲刘记拌面馆（个体工商户）,0,10.0,16,2,aba
九寨沟县蜀他牛牦牛肉牛排菌汤锅店（个体工商户）,0,10.0,16,2,aba
九寨沟县肖记牦牛肉牛杂汤锅店（个体工商户）,0,20.0,16,2,aba
九寨沟县巴山小厨牦牛肉汤锅店（个体工商户）,0,20.0,16,2,aba
九寨沟县非俩合特色小吃店（个体工商户）,1,1.0,16,2,aba
九寨沟县巴口香鲜牛杂火锅店（个体工商户）,1,5.0,16,2,aba
九寨沟县孙二娘秘制烧鸡公店（个体工商户）,1,15.0,15,2,aba
九寨沟县越烧越旺烧烤店（个体工商户）,0,3.0,15,2,aba
九寨沟县虾回见江湖菜馆（个体工商户）,0,20.0,14,2,aba
四川泽泽泽农副产品商贸有限公司,0,8.0,15,0,aba
九寨沟县鑫年通讯服务部（个体工商户）,0,1.0,12,10,aba
九寨沟县天珠小居民宿（个体工商户）,0,4.0,12,2,aba
九寨沟县川人川味家常菜馆（个体工商户）,1,2.0,12,2,aba
松潘县语翰旅游有限公司,0,3.0,11,2,aba
九寨沟县九牛一汤汤锅店（个体工商户）,0,1.0,8,2,aba
松潘康珠纳么商店（个体工商户）,0,1.0,8,0,aba
松潘小白白牛羊肉肠店（个体工商户）,0,8.0,8,4,aba
九寨沟县九满堂臻选川菜馆（个体工商户）,0,20.0,7,2,aba
九寨沟县牛百味牦牛汤锅店（个体工商户）,0,14.0,7,2,aba
九寨沟县盛达机械租赁部（个体工商户）,0,6.0,7,3,aba
阿坝州米莱酒店有限责任公司,0,88.0,7,2,aba
九寨沟县小叶米粉店（个体工商户）,0,4.0,6,2,aba
松潘县赞纳食品经营部（个体工商户）,0,1.0,6,0,aba
九寨沟县曹氏鸭脖彭丰店（个体工商户）,0,10.0,6,2,aba
松潘蕃象智途商行（个体工商户）,0,2.8,5,0,aba
松潘曲珍常觉商行（个体工商户）,0,2.8,5,0,aba
九寨沟县嗦一口羊肉粉店（个体工商户）,0,10.0,4,2,aba
九寨沟县张大厨农家土菜馆（个体工商户）,0,15.0,4,2,aba
九寨沟县山谷幽兰家庭农场（个体工商户）,0,20.0,20,1,aba
松潘县守鑫小卖部（个体工商户）,0,2.0,19,0,aba
九寨沟县玉儿鲜面加工坊（个体工商户）,0,15.0,16,4,aba
九寨沟县食海一家餐饮店（个体工商户）,1,40.0,16,2,aba
九寨沟县达瓦央宗藏餐屋（个体工商户）,0,20.0,16,2,aba
九寨沟县寨上人家餐饮店（个体工商户）,0,18.0,16,2,aba
九寨沟县烤吧爱上酒餐饮店（个体工商户）,0,3.0,15,2,aba
松潘建花商店（个体工商户）,0,10.0,15,0,aba
九寨沟县味缘阁茶餐厅（个体工商户）,0,10.0,15,2,aba
九寨沟县蹄滋味蹄花店（个体工商户）,0,15.0,15,2,aba
九寨沟县鑫鑫香拌屋小吃店（个体工商户）,0,2.0,15,2,aba
九寨沟县大山人家私房菜馆（个体工商户）,0,3.0,14,2,aba
九寨沟县汪记皮行（个体工商户）,0,20.0,13,4,aba
九寨沟县藏之韵酒店（个体工商户）,0,5.0,13,2,aba
九寨沟县食来运转小吃店（个体工商户）,0,2.0,13,2,aba
九寨沟县小巷食记餐饮店（个体工商户）,1,0.5,13,2,aba
松潘县胖娃商贸有限公司,0,50.0,12,0,aba
九寨沟县派乐汉堡店（个体工商户）,0,10.0,10,2,aba
松潘县登峰副食店（个体工商户）,0,30.0,9,0,aba
四川泽泽泽旅行社有限公司,0,10.0,8,3,aba
松潘县徐小妹化妆品经营部（个体工商户）,0,13.0,8,3,aba
九寨沟县筋筋有味烧烤屋（个体工商户）,0,2.0,8,2,aba
九寨沟县夏卓尕布餐饮店（个体工商户）,0,10.0,7,2,aba
九寨沟县藏禧旅拍店（个体工商户）,0,3.0,7,3,aba
九寨沟县兮庆牛肉酸菜面馆（个体工商户）,0,2.0,6,2,aba
九寨沟县三十号茶坊（个体工商户）,0,20.0,6,2,aba
九寨沟县寨子沟火锅总店（个体工商户）,0,1.0,6,2,aba
九寨沟县夜碳烤味店（个体工商户）,0,12.0,5,5,aba
九寨沟县蜀之轩养生菌汤煲店（个体工商户）,0,10.0,5,2,aba
松潘壹玖捌蔬菜批发店（个体工商户）,0,20.0,4,0,aba
九寨沟县三餐人家川菜馆（个体工商户）,0,15.0,4,2,aba
九寨沟县源湘味食府（个体工商户）,0,20.0,4,2,aba
松潘湘邵五金销售店（个体工商户）,0,20.0,4,7,aba
九寨沟县云端日落音乐藏餐厅（个体工商户）,0,5.0,4,2,aba
松潘朝城副食店（个体工商户）,0,10.0,4,0,aba
九寨沟县九久红炭火烧烤店（个体工商户）,0,2.0,4,2,aba
九寨沟县叁炉市井火锅店（个体工商户）,0,15.0,20,2,aba
九寨沟县川隈地道农家菜馆（个体工商户）,0,16.0,19,2,aba
九寨沟县李记锁业维修店（个体工商户）,0,20.0,19,3,aba
九寨沟县高顺餐饮店（个体工商户）,0,5.0,19,2,aba
九寨沟县帅薇头部瑶浴养生馆（个体工商户）,0,15.0,19,3,aba
九寨沟县进京赶烤烧烤店（个体工商户）,0,6.0,19,2,aba
九寨沟县卓越兴胜管理部（个体工商户）,0,20.0,18,2,aba
松潘县阿依扎义商店（个体工商户）,0,5.0,16,0,aba
九寨沟县奎奎烧烤店（个体工商户）,0,2.0,16,2,aba
松潘福零商行（个体工商户）,0,3.0,15,0,aba
九寨沟县尝乐小吃店（个体工商户）,0,3.0,15,2,aba
松潘县源滋味商店（个体工商户）,0,1.0,14,0,aba
九寨沟县婆子妈私房菜馆（个体工商户）,0,10.0,14,2,aba
九寨沟县远通停车场服务有限公司,0,30.0,13,5,aba
九寨沟县面当家面馆（个体工商户）,1,15.0,13,2,aba
九寨沟县签缘牦牛肉串串店（个体工商户）,1,2.0,12,2,aba
九寨沟县刘爱笑米线店（个体工商户）,0,0.5,9,2,aba
九寨沟县唐先生餐饮店（个体工商户）,0,1.0,8,2,aba
九寨沟县灵动通讯店（个体工商户）,0,2.0,7,10,aba
九寨沟县聚美味川菜馆（个体工商户）,0,15.0,7,2,aba
松潘县千行造物商店（个体工商户）,0,1.0,5,0,aba
松潘兰卡宜居暖通经营部（个体工商户）,0,10.0,5,0,aba
九寨沟县饱藏小吃店（个体工商户）,0,5.0,4,2,aba
九寨沟县福客农家土菜馆（个体工商户）,0,10.0,4,2,aba
九寨沟县维铭火锅粉店（个体工商户）,0,3.0,4,2,aba
九寨沟县遇见森林美朵工艺品店（个体工商户）,0,3.0,4,4,aba
九寨沟县朝凤砂锅店（个体工商户）,0,2.6,20,2,aba
九寨沟县维么咖啡店（个体工商户）,0,10.0,16,2,aba
九寨沟县真的香小吃店（个体工商户）,0,5.0,16,2,aba
九寨沟县麦麦香牛肉拉面馆（个体工商户）,0,5.0,16,2,aba
九寨沟县邹大姐特色小吃店（个体工商户）,0,12.0,16,2,aba
九寨沟县伊升园火锅店（个体工商户）,0,16.0,16,2,aba
九寨沟县好食趣饭馆（个体工商户）,0,5.0,15,2,aba
九寨沟县泰岚湾奶茶店（个体工商户）,0,10.0,15,2,aba
松潘良益农资销售部（个体工商户）,0,3.0,15,0,aba
九寨沟县馋遇川菜馆（个体工商户）,0,10.0,15,15,aba
松潘县九辰台球馆（个体工商户）,0,35.0,14,6,aba
九寨沟县蔓都造型理发店（个体工商户）,0,10.0,13,3,aba
九寨沟县梵居酒店（个体工商户）,0,12.0,13,2,aba
九寨沟县隆江猪脚饭店（个体工商户）,0,8.0,13,2,aba
松潘县石河停车场服务有限责任公司,0,20.0,9,3,aba
松潘来力台球俱乐部（个体工商户）,0,50.0,8,6,aba
九寨沟县沐山旅拍工作室（个体工商户）,0,10.0,8,3,aba
九寨沟县饱饱辅食餐饮店（个体工商户）,0,2.0,8,2,aba
松潘县中锦华盛汽车租赁服务有限公司,0,40.0,8,3,aba
松潘县鹏城工程机械租赁有限公司,0,10.0,6,3,aba
九寨沟县阿彬鲜牛杂店（个体工商户）,0,4.0,6,2,aba
九寨沟县蜀食火火锅店（个体工商户）,0,10.0,5,2,aba
九寨沟县川鲜味肥肠鱼饭店（个体工商户）,0,2.0,5,2,aba
九寨沟县山涧云庭酒店（个体工商户）,0,20.0,5,2,aba
九寨沟县美味童年小吃店（个体工商户）,0,5.0,5,2,aba
九寨沟县旺景苑川菜馆（个体工商户）,0,6.0,4,2,aba
松潘闽东五金经营部（个体工商户）,0,10.0,4,0,aba
松潘川滋味饭店（个体工商户）,0,20.0,4,2,aba
九寨沟县味滋鲜特色饭店（个体工商户）,0,10.0,4,2,aba
九寨沟县橄榄之家卤肉饭店（个体工商户）,0,3.0,19,2,aba
九寨沟县异乡情中餐馆（个体工商户）,0,10.0,18,2,aba
松潘县辰茶暮酒餐饮店（个体工商户）,0,40.0,18,2,aba
九寨沟县有林养殖场（个体工商户）,0,5.0,17,1,aba
九寨沟县醉乡客川菜馆（个体工商户）,1,15.0,16,2,aba
九寨沟县聚莱湘川菜馆（个体工商户）,0,9.0,16,2,aba
九寨沟县祥味家餐饮店（个体工商户）,0,3.0,16,2,aba
九寨沟县香满楼餐饮店（个体工商户）,1,11.0,16,2,aba
九寨沟县浇汁煲煲饭堂（个体工商户）,0,16.0,16,2,aba
九寨沟县鸡毛店川菜馆（个体工商户）,0,10.0,16,2,aba
九寨沟县醉巴适老火锅店（个体工商户）,0,5.0,15,2,aba
九寨沟县蜀乡情川菜馆（个体工商户）,0,3.0,15,2,aba
九寨沟县香满浓拉面馆（个体工商户）,0,8.0,15,2,aba
九寨沟县顺洁清真小吃店（个体工商户）,1,2.0,15,2,aba
九寨沟县食研室小吃店（个体工商户）,0,5.0,15,2,aba
九寨沟县辣欢喜火锅店（个体工商户）,0,10.0,15,2,aba
九寨沟县天天鲜火锅店（个体工商户）,0,1.2,14,2,aba
九寨沟县志秀道路货物运输服务部（个体工商户）,0,5.0,13,5,aba
九寨沟县满庭香川菜馆（个体工商户）,0,10.0,13,2,aba
九寨沟县逸枫土菜馆（个体工商户）,1,6.0,13,2,aba
九寨沟县抹地三杆旗劳务专业合作社,0,18.0,9,3,aba
松潘县尕玛洛周商店（个体工商户）,0,5.0,8,0,aba
九寨沟县碗碗香中餐馆（个体工商户）,0,6.0,8,2,aba
松潘县色贡茶馆（个体工商户）,0,10.0,8,2,aba
九寨沟县夜逍遥烧烤店（个体工商户）,0,4.0,7,2,aba
九寨沟县左氏养殖家庭农场（个体工商户）,0,20.0,7,1,aba
九寨沟县小安武汉黑鸭店（个体工商户）,0,5.0,6,4,aba
松潘县索娜商行（个体工商户）,0,10.0,5,0,aba
九寨沟县青旅火锅店（个体工商户）,0,6.0,4,2,aba
九寨沟县随便烤烧烤店（个体工商户）,0,5.0,4,2,aba
九寨沟县藏美香阁川菜馆（个体工商户）,0,3.0,20,2,aba
松潘珍珍便利店（个体工商户）,0,1.0,20,0,aba
九寨沟县朋聚缘川菜馆（个体工商户）,0,10.0,19,2,aba
九寨沟县鱼羊鲜汤锅食府（个体工商户）,0,5.0,19,2,aba
九寨沟县烤师兄江湖菜馆（个体工商户）,0,5.0,19,2,aba
九寨沟县周氏水饺店（个体工商户）,0,20.0,16,2,aba
九寨沟县客莱香川菜馆（个体工商户）,0,10.0,16,2,aba
九寨沟县啊德藏食店（个体工商户）,0,6.0,16,2,aba
九寨沟县橘子奶茶店（个体工商户）,0,5.0,16,2,aba
九寨沟县面道坊小吃店（个体工商户）,0,3.5,16,2,aba
松潘御臻源商行（个体工商户）,0,10.0,16,0,aba
九寨沟县宠宠欲动宠物店（个体工商户）,0,5.0,16,3,aba
九寨沟县清月斋牛肉拉面馆（个体工商户）,0,10.0,15,2,aba
松潘阿福商店（个体工商户）,0,8.0,15,0,aba
九寨沟县蜀和友川菜馆（个体工商户）,0,2.0,15,2,aba
九寨沟县好旺角鱼府（个体工商户）,0,6.0,15,2,aba
九寨沟县巴适屋川菜馆（个体工商户）,0,10.0,14,2,aba
松潘桑周食品店（个体工商户）,0,10.0,14,0,aba
九寨沟县常伟砂锅店（个体工商户）,0,3.0,13,2,aba
九寨沟县玉秀机械租赁服务部（个体工商户）,0,5.0,13,3,aba
九寨沟县桔子牧场餐饮店（个体工商户）,0,10.0,13,2,aba
九寨沟县阿藏旅拍店（个体工商户）,0,20.0,9,3,aba
九寨沟县好食客餐饮店（个体工商户）,0,3.5,8,2,aba
九寨沟县香辣诱惑夜宵店（个体工商户）,0,15.0,4,2,aba
九寨沟县阿久养殖家庭农场（个体工商户）,0,50.0,18,1,aba
松潘县西悦风情宴餐厅（个体工商户）,0,20.0,18,2,aba
九寨沟县壹居食餐饮店（个体工商户）,0,5.0,18,2,aba
九寨沟县玉德养殖场（个体工商户）,0,3.0,17,1,aba
九寨沟县小膳餐饮店（个体工商户）,0,1.0,17,2,aba
九寨沟县赵老乡面馆（个体工商户）,0,10.0,16,2,aba
九寨沟县林刚餐饮店（个体工商户）,0,1.0,16,2,aba
九寨沟县酒竹烧烤店（个体工商户）,0,3.5,16,2,aba
九寨沟县御墅浔春民宿（个体工商户）,0,30.0,15,2,aba
九寨沟县川香汇川菜馆（个体工商户）,0,6.0,15,2,aba
九寨沟县有福餐馆（个体工商户）,0,3.0,15,2,aba
九寨沟县民利川菜馆（个体工商户）,1,24.0,15,2,aba
松潘航远货运经营部（个人独资）,0,30.0,14,5,aba
九寨沟县寨江湖餐厅（个体工商户）,0,1.0,14,2,aba
九寨沟县锦熙餐饮店（个体工商户）,0,8.0,8,2,aba
松潘海秀商店（个体工商户）,0,10.0,8,0,aba
九寨沟县方池家常菜馆（个体工商户）,0,9.0,7,2,aba
松潘小其小卖部（个体工商户）,0,1.5,7,0,aba
九寨沟县游寨川菜馆（个体工商户）,0,3.0,7,2,aba
九寨沟县品达手机经营部（个体工商户）,0,5.0,5,4,aba
九寨沟县王大厨川菜馆（个体工商户）,0,5.0,4,2,aba
九寨沟县松之味烧烤店（个体工商户）,0,8.0,20,2,aba
九寨沟县王师川菜馆（个体工商户）,0,10.0,20,2,aba
九寨沟县成缘老菜馆（个体工商户）,0,10.0,20,2,aba
九寨沟县尚百味牛肉面馆（个体工商户）,0,3.0,19,2,aba
松潘县杨扎西饰品加工坊（个体工商户）,0,10.0,18,4,aba
松潘县九源商行（个体工商户）,0,20.0,18,0,aba
九寨沟县小家伙宠物寄养中心（个体工商户）,0,6.0,18,3,aba
松潘县郎驿客栈（个体工商户）,0,20.0,16,2,aba
九寨沟县宴悦餐饮店（个体工商户）,0,10.0,16,2,aba
九寨沟县佳顺小面馆（个体工商户）,0,3.0,16,2,aba
松潘原滋原味商行（个体工商户）,0,10.0,16,0,aba
九寨沟县郑姐面馆（个体工商户）,0,3.0,16,2,aba
九寨沟县老屋川菜馆（个体工商户）,0,2.0,15,2,aba
九寨沟县诺拉藏餐吧（个体工商户）,1,5.0,15,2,aba
九寨沟县里物服装店（个体工商户）,1,5.0,15,0,aba
九寨沟县咔二条川菜馆（个体工商户）,0,3.0,14,2,aba
九寨沟县古道川菜馆（个体工商户）,0,5.0,14,2,aba
九寨沟县代英机械租赁服务部（个体工商户）,0,5.0,13,3,aba
松潘县易盛堂商行（个体工商户）,0,50.0,13,0,aba
九寨沟县盛鲜水产销售店（个人独资）,1,1.0,13,0,aba
九寨沟县格桑梅朵藏服摄影工作室（个体工商户）,0,9.0,13,3,aba
松潘溪畔露营地服务有限公司,0,20.0,11,2,aba
松潘鸿茂再生资源回收有限公司,0,10.0,8,0,aba
松潘翠莲钢材销售店（个体工商户）,0,20.0,7,4,aba
九寨沟县东凤冷冻食品经营部（个体工商户）,0,10.0,4,0,aba
九寨沟县陈二姐私房菜馆（个体工商户）,0,6.0,4,2,aba
九寨沟县渝厨川菜馆（个体工商户）,0,8.0,16,2,aba
松潘康仁仓民宿店（个体工商户）,0,10.0,15,2,aba
松潘秦辉洗车场（个体工商户）,0,6.0,15,3,aba
松潘德德商店（个体工商户）,0,2.0,15,0,aba
松潘藏韵堂商行（个体工商户）,0,10.0,15,0,aba
九寨沟县等风归民宿（个体工商户）,0,8.0,15,2,aba
松潘深藏阁商行（个体工商户）,0,20.0,15,0,aba
松潘古郎旅拍店（个体工商户）,0,6.0,15,3,aba
松潘县康登仓百货销售铺（个人独资）,0,10.0,13,0,aba
九寨沟县理享理发店（个体工商户）,0,7.0,12,3,aba
九寨沟县楠得宠它宠物用品经营部（个体工商户）,0,30.0,7,0,aba
松潘睿洋超市（个体工商户）,0,30.0,7,0,aba
九寨沟县丽泉大酒店（个体工商户）,0,20.0,7,2,aba
松潘县牛味香商行（个体工商户）,0,2.0,6,0,aba
松潘县霍三哥小吃店（个体工商户）,0,5.0,18,2,aba
九寨沟县破烂烧烤店（个体工商户）,0,10.0,18,2,aba
九寨沟县共赢工程资料工作室（个体工商户）,0,5.0,18,3,aba
九寨沟县二召养殖家庭农场（个体工商户）,0,22.0,18,1,aba
九寨沟县窝窝设计师女装买手店（个体工商户）,0,7.0,15,3,aba
九寨沟县文姝蹄花店（个体工商户）,0,6.0,14,2,aba
松潘府食餐厅（个体工商户）,0,30.0,6,2,aba
九寨沟县叙味川菜馆（个体工商户）,0,5.0,4,2,aba
九寨沟县简约奶茶店（个体工商户）,0,8.0,18,2,aba
松潘县归瘾酒吧（个体工商户）,0,30.0,18,0,aba
松潘县央卿藏餐厅（个体工商户）,0,30.0,17,2,aba
松潘车鲁班汽车养护店（个体工商户）,0,15.0,16,3,aba
松潘山草源商行（个体工商户）,0,9.0,15,0,aba
九寨沟县渔火料理店（个体工商户）,1,30.0,15,2,aba
松潘畔畔便利店（个体工商户）,0,10.0,15,0,aba
九寨沟县范师加气补胎服务部（个体工商户）,0,1.0,14,3,aba
松潘家兴建材销售部（个体工商户）,0,6.0,14,0,aba
阿坝州锦飞财智职业技能培训有限公司,0,20.0,12,6,aba
松潘县乡匠建筑装饰有限公司,0,10.0,11,7,aba
松潘县云管家商务服务有限公司,0,50.0,11,3,aba
九寨沟县四喜川菜馆（个体工商户）,0,8.0,9,2,aba
九寨沟县峨洞行者居民宿（个体工商户）,0,10.0,8,2,aba
松潘酒牛堂啤酒销售店（个体工商户）,0,35.0,4,4,aba
松潘汉唐记鲜鸭血火锅店（个体工商户）,0,20.0,20,2,aba
松潘县阿穆尔餐厅（个体工商户）,0,20.0,18,2,aba
九寨沟县七号养发馆（个体工商户）,1,2.0,16,3,aba
九寨沟县烈焰烤吧（个体工商户）,0,5.0,15,2,aba
九寨沟县文英花卉种植园（个体工商户）,0,3.0,15,1,aba
松潘象臧商店（个体工商户）,0,50.0,15,0,aba
九寨沟县中奢奥莱运动服装折扣店（个体工商户）,0,10.0,14,0,aba
松潘农科农场（个体工商户）,0,80.0,7,1,aba
九寨沟县伊达生鲜牦牛肉批发部（个体工商户）,0,20.0,6,0,aba
九寨沟县梅朵藏妆旅拍店（个体工商户）,0,2.0,5,3,aba
九寨沟县足享人生足浴店（个体工商户）,0,15.0,4,3,aba
松潘县浩南机械设备租赁店（个体工商户）,0,30.0,4,3,aba
松潘县山峪香舍酒店（个体工商户）,0,50.0,4,2,aba
九寨沟县云藏元素用品分店（个体工商户）,0,5.0,20,0,aba
九寨沟县藏雅轩足浴店（个体工商户）,0,30.0,19,3,aba
九寨沟县弗洛伊德生活用品店（个体工商户）,0,5.0,18,0,aba
松潘县云景湾酒店（个体工商户）,0,20.0,17,2,aba
松潘县伊穆清牛肉拉面馆（个体工商户）,0,16.0,16,2,aba
九寨沟县海芹榨油坊（个体工商户）,0,1.0,16,4,aba
九寨沟县白林花卉种植园（个体工商户）,0,0.8,16,1,aba
松潘如院民宿店（个体工商户）,0,30.0,15,2,aba
松潘相遇锅边洋芋店（个体工商户）,0,7.0,15,2,aba
九寨沟县建云中药材种植家庭农场（个体工商户）,0,10.0,14,1,aba
松潘县全东废品回收站（个体工商户）,0,20.0,8,0,aba
松潘顺飞酒店用品店（个体工商户）,0,6.0,8,2,aba
九寨沟县代贵养殖家庭农场（个体工商户）,0,38.0,18,1,aba
九寨沟县黑眼熊寿司店（个体工商户）,0,3.0,16,2,aba
九寨沟县诺布拉藏餐吧（个体工商户）,0,5.0,15,2,aba
九寨沟县幽香花卉种植园（个体工商户）,0,2.0,15,1,aba
松潘老更商店（个体工商户）,0,2.0,13,0,aba
九寨沟县蓝调美妆生活馆（个体工商户）,0,1.0,8,3,aba
松潘永树小卖部（个体工商户）,0,2.0,8,0,aba
松潘杰醉扎藏服装店（个体工商户）,0,34.0,20,0,aba
松潘县阿切裁缝店（个体工商户）,0,50.0,18,4,aba
松潘县扎西用青商店（个体工商户）,0,1.0,18,0,aba
松潘县恩盛建材销售店（个体工商户）,1,40.0,17,0,aba
九寨沟县伊妍美容养生馆（个体工商户）,0,5.0,14,3,aba
松潘竣媛副食店（个体工商户）,0,4.0,13,0,aba
松潘县玩美假期旅游有限公司,0,30.0,11,3,aba
松潘县陈福华小卖部（个体工商户）,0,2.0,18,0,aba
松潘县李泽菲牧场（个体工商户）,0,60.0,18,1,aba
松潘县花忆轩鲜花店（个体工商户）,0,4.0,16,0,aba
松潘勇秀驿站（个体工商户）,0,10.0,15,2,aba
松潘春勤床上用品店（个体工商户）,0,3.0,15,0,aba
松潘避风港茶馆（个体工商户）,0,8.0,15,2,aba
松潘张云潇养殖场（个体工商户）,0,10.0,15,1,aba
九寨沟县兴一海鲜店（个体工商户）,0,5.0,15,0,aba
九寨沟县花花的家甜品店（个体工商户）,0,10.0,14,2,aba
松潘磊磊文化传媒有限公司,0,10.0,9,6,aba
松潘松川太富外卖递送服务点（个体工商户）,0,3.0,8,5,aba
松潘县绣竹餐馆（个体工商户）,0,12.0,8,2,aba
松潘马二娃茶馆（个体工商户）,0,5.0,7,2,aba
松潘渝二三老火锅店（个体工商户）,0,21.0,4,2,aba
松潘君诚货运部（个体工商户）,0,10.0,4,5,aba
松潘县琳琳水果店（个体工商户）,0,10.0,19,0,aba
九寨沟县郎记饺子面馆（个体工商户）,0,5.0,15,2,aba
九寨沟县扎尕中药材贸易农民专业合作社,0,23.0,13,1,aba
松潘牙古白饭店（个体工商户）,0,1.5,12,2,aba
九寨沟县升蓝机械租赁部（个体工商户）,0,20.0,9,3,aba
九寨沟县鹏威机械设备租赁部（个体工商户）,0,10.0,8,3,aba
松潘县阿秋家农副产品销售店（个体工商户）,0,2.0,6,0,aba
松潘县喜乐多零食店（个体工商户）,0,9.0,4,0,aba
松潘县楼钸农场（个体工商户）,0,10.0,20,1,aba
松潘肯磋蔬果店（个体工商户）,0,6.0,20,0,aba
松潘县勇琪农场（个体工商户）,0,60.0,19,1,aba
松潘县夜逍遥碳火烧烤店（个体工商户）,0,10.0,19,2,aba
九寨沟县蒲娃手工藏香店（个体工商户）,0,2.0,15,4,aba
九寨沟县芊宇精品民宿（个体工商户）,0,8.0,15,2,aba
松潘王泽岗补胎店（个体工商户）,0,15.0,15,3,aba
松潘纳吉拉鲁商行（个体工商户）,0,1.0,14,0,aba
九寨沟县邓师榨油坊（个体工商户）,0,1.0,14,4,aba
松潘杨明亮冻库店（个体工商户）,0,60.0,12,5,aba
松潘怡阜源百货店（个体工商户）,0,5.0,7,0,aba
九寨沟县玖禧服装店（个体工商户）,0,4.0,5,3,aba
九寨沟县云端足浴店（个体工商户）,0,8.6,4,3,aba
九寨沟县童伴童装店（个体工商户）,0,5.0,4,0,aba
松潘县龙藏茶楼（个体工商户）,0,25.0,20,2,aba
松潘仁呗商店（个体工商户）,0,6.0,20,0,aba
松潘县川越冒菜店（个体工商户）,0,10.0,18,2,aba
九寨沟县藏顺足浴店（个体工商户）,0,5.0,16,3,aba
九寨沟县九上居民宿（个体工商户）,0,60.0,16,2,aba
九寨沟县宋虎小百货零售店（个体工商户）,0,2.0,16,0,aba
松潘臻乐商行（个体工商户）,0,20.0,16,0,aba
松潘阿达商店（个体工商户）,0,20.0,16,0,aba
松潘阿央仓商店（个体工商户）,0,5.0,14,0,aba
九寨沟县树下酒屋（个体工商户）,1,1.0,14,2,aba
松潘晓平创洁收购站（个体工商户）,0,2.0,14,0,aba
松潘强锐抄青稞店（个体工商户）,0,3.0,13,1,aba
松潘县阿南达商贸有限公司,0,5.0,7,0,aba
松潘克木饲料销售店（个体工商户）,0,10.0,7,0,aba
九寨沟县龙哥花卉种植园（个体工商户）,0,6.8,6,1,aba
九寨沟县寿安棺材店（个体工商户）,0,5.0,5,4,aba
松潘县波波特味烧烤店（个体工商户）,0,4.0,4,2,aba
松潘县一方源商店（个体工商户）,0,8.0,4,0,aba
松潘何平蔬菜店（个体工商户）,0,4.0,4,0,aba
松潘泽里杰商店（个体工商户）,0,1.0,20,0,aba
松潘县托岗商行（个体工商户）,0,5.0,19,0,aba
松潘县宏博汽修厂（个体工商户）,0,10.0,19,3,aba
松潘县罗兴云种植场（个体工商户）,0,8.0,18,1,aba
九寨沟县王氏舒心足道馆（个体工商户）,0,12.0,18,3,aba
松潘川东牛肉面馆（个体工商户）,1,3.0,15,2,aba
松潘浩动台球厅（个体工商户）,0,10.0,14,6,aba
松潘县风顺汽车代驾服务有限责任公司,0,10.0,14,3,aba
松潘阿若布姆藏餐店（个体工商户）,0,4.0,12,2,aba
松潘县千味藏餐店（个体工商户）,0,5.0,8,2,aba
九寨沟县伊美绣美容店（个体工商户）,0,6.0,6,3,aba
松潘优品鲜水果店（个体工商户）,0,8.0,5,0,aba
松潘县纳木错民宿客栈（个体工商户）,0,5.0,4,2,aba
松潘雨露农场,0,10.0,15,1,aba
九寨沟县富侨足疗会所二分店（个体工商户）,0,10.0,20,3,aba
松潘县索波茶馆（个体工商户）,0,8.0,19,2,aba
松潘县梨李园停车场（个体工商户）,0,30.0,18,3,aba
松潘县纵云君饮茶楼（个体工商户）,0,5.0,18,2,aba
九寨沟县刘浪花卉种植园（个体工商户）,0,1.0,17,1,aba
九寨沟县艳峰花卉种植园（个体工商户）,0,1.0,17,1,aba
松潘好兄弟服装批发店（个体工商户）,0,10.0,15,0,aba
松潘川牧源小牦日记商店（个体工商户）,0,1.0,14,0,aba
松潘香仓茶馆（个体工商户）,0,8.0,13,2,aba
松潘扎西央宗唐卡馆（个体工商户）,0,5.0,8,0,aba
松潘老蒋家饺子馆（个体工商户）,0,8.0,7,2,aba
松潘环信再生资源回收站（个体工商户）,0,18.0,6,15,aba
九寨沟县豪兴酒店有限责任公司,0,10.0,5,2,aba
松潘不误正夜烧烤店（个体工商户）,0,6.0,4,2,aba
九寨沟县富侨足疗会所一分店（个体工商户）,0,10.0,20,3,aba
松潘县极速汽车修理店（个体工商户）,0,25.0,19,3,aba
九寨沟县妙寨营养俱乐部（个体工商户）,0,10.0,18,3,aba
松潘县润东通讯店（个体工商户）,0,1.2,16,3,aba
九寨沟县九陵鲜鸡蛋店（个体工商户）,0,3.0,16,0,aba
松潘丰创文创冰淇淋店（个体工商户）,0,20.0,15,0,aba
松潘阿磋糌粑店（个体工商户）,0,10.0,15,4,aba
九寨沟县鸿运五金经营部（个体工商户）,0,5.0,13,0,aba
松潘龙龙汽车养护中心（个体工商户）,0,16.0,12,3,aba
松潘林修工程机械租赁店（个体工商户）,0,10.0,9,5,aba
九寨沟县艺博花卉种植园（个体工商户）,0,1.0,8,1,aba
九寨沟县创慕造型理发店（个体工商户）,0,1.3,8,3,aba
九寨沟县依米唐服装店（个体工商户）,1,3.2,18,0,aba
松潘旭霖农资经营部（个体工商户）,0,10.0,16,0,aba
松潘王四副食店（个体工商户）,0,10.0,15,0,aba
九寨沟县李大美女装店（个体工商户）,0,1.0,15,0,aba
阿坝州松凯食品销售有限公司,0,10.0,11,0,aba
松潘仁师汽车维修店（个体工商户）,0,10.0,8,3,aba
松潘康尚服装店（个体工商户）,0,6.0,7,4,aba
松潘启联代理店（个体工商户）,0,15.0,7,1,aba
松潘县魏家副食店（个体工商户）,0,10.0,6,0,aba
松潘睿瑶洋装饰部（个体工商户）,0,10.0,5,7,aba
九寨沟县千古足道店（个体工商户）,0,23.0,4,3,aba
松潘景尚洗车店（个体工商户）,0,1.2,4,3,aba
松潘伊芙琳服装店（个体工商户）,0,25.0,19,0,aba
松潘县啦啦磨坊（个体工商户）,0,6.0,19,4,aba
松潘县亿烔仓商店（个体工商户）,0,10.0,19,4,aba
松潘县郎帅商店（个体工商户）,0,5.0,18,4,aba
九寨沟县姐妹足浴店（个体工商户）,0,10.0,17,3,aba
松潘周小平煤炭店（个体工商户）,0,3.0,15,0,aba
九寨沟县衣恋服装店（个体工商户）,0,8.0,6,0,aba
松潘依资阁服装店（个体工商户）,0,8.0,19,0,aba
松潘县俄么泽里维修站（个体工商户）,0,13.0,19,3,aba
九寨沟县茉女郎服装店（个体工商户）,0,10.0,19,0,aba
九寨沟县婕玮通讯店（个体工商户）,0,5.0,19,0,aba
松潘县康仲吉裁缝店（个体工商户）,0,1.0,18,4,aba
松潘哈如南小吃店（个体工商户）,0,10.0,16,2,aba
松潘县波波餐具消毒店（个体工商户）,0,10.0,16,3,aba
松潘明玉烤漆门店（个体工商户）,0,10.0,13,7,aba
九寨沟县藏康足浴店（个体工商户）,0,5.0,8,3,aba
九寨沟县屿你服装店（个体工商户）,0,2.5,7,0,aba
松潘县尚吉磋农场（个体工商户）,0,10.0,4,1,aba
九寨沟县藏酥青稞大饼店（个体工商户）,0,20.0,4,4,aba
松潘党其斌农场（个体工商户）,0,3.0,20,1,aba
松潘县途达通讯设备店（个体工商户）,0,10.0,19,3,aba
松潘县建兰农场（个体工商户）,0,6.0,17,1,aba
九寨沟县杨师足浴店（个体工商户）,0,5.0,17,3,aba
九寨沟县哲宇通讯店（个体工商户）,0,1.0,16,10,aba
九寨沟县美元素美甲店（个体工商户）,0,5.0,16,3,aba
松潘心心程家居店（个体工商户）,0,20.0,14,0,aba
九寨沟县付一号烤饼作坊（个体工商户）,0,2.0,10,2,aba
松潘容中格能农产品店（个体工商户）,0,20.0,9,0,aba
松潘县燕山云水中草药种植农民专业合作社,0,2.0,7,1,aba
九寨沟县坤世皮衣店（个体工商户）,0,3.0,7,0,aba
九寨沟县刘溢手推拿馆（个体工商户）,0,2.0,6,3,aba
松潘县贝可商店（个体工商户）,0,5.0,17,0,aba
松潘燕飞商行（个体工商户）,0,30.0,16,0,aba
松潘雷永树煤炭销售店（个体工商户）,0,20.0,7,8,aba
九寨沟县千古香卤卤菜店（个体工商户）,0,8.0,4,4,aba
松潘县宇豪中药材种植农场（个体工商户）,0,10.0,20,1,aba
松潘县尕尔玛藏式家具加工店（个体工商户）,0,15.0,20,4,aba
松潘县千丝密腊商店（个体工商户）,0,5.0,19,0,aba
九寨沟县邓丽蒸馍店（个体工商户）,0,1.0,16,4,aba
松潘达达周商店（个体工商户）,0,2.0,14,0,aba
松潘多哆到家配送站（个体工商户）,0,5.0,11,5,aba
九寨沟县珺南配送部（个体工商户）,0,5.0,8,5,aba
松潘轩度男装店（个体工商户）,0,10.0,20,0,aba
松潘春云商店（个体工商户）,0,20.0,19,0,aba
松潘县其芝农场（个体工商户）,0,1.2,18,1,aba
松潘县卢发山农场（个体工商户）,0,10.0,17,1,aba
松潘县旭良副食店（个体工商户）,0,10.0,17,0,aba
九寨沟县酷美人服装店（个体工商户）,0,6.0,16,0,aba
松潘臻原农产品店（个体工商户）,0,8.0,16,0,aba
松潘万开秦种养殖农场（个体工商户）,0,3.0,14,1,aba
九寨沟县幼乡来开元米粉店（个体工商户）,0,10.0,8,2,aba
松潘县兰瑞飞机械租赁部（个体工商户）,0,10.0,8,3,aba
松潘速味坊商店（个体工商户）,0,3.0,8,0,aba
松潘县罗派煤炭销售部（个体工商户）,0,10.0,7,0,aba
松潘县兴顺汽修厂（个体工商户）,0,23.0,19,3,aba
松潘县王加养殖场（个体工商户）,0,6.0,16,1,aba
松潘上进汽修厂（个体工商户）,0,12.0,15,3,aba
松潘张其武农场（个体工商户）,0,3.0,15,1,aba
松潘马超畜禽销售店（个体工商户）,0,5.0,14,0,aba
松潘华兵农副产品销售店（个体工商户）,0,10.0,14,0,aba
松潘刘蓉蔬果店（个体工商户）,0,1.0,12,0,aba
松潘陈旭煤炭店（个体工商户）,0,10.0,8,0,aba
松潘阿旺别院民宿店（个体工商户）,0,50.0,7,2,aba
松潘县嘉炯仓客栈（个体工商户）,0,20.0,6,2,aba
九寨沟县宿栖民宿（个体工商户）,0,60.0,4,2,aba
松潘县睿博建材销售店（个体工商户）,0,2.0,4,0,aba
松潘县签言签语串串店（个体工商户）,0,50.0,16,2,aba
松潘萱草花卉店（个体工商户）,0,10.0,15,0,aba
松潘善缘香行（个体工商户）,0,3.0,15,0,aba
松潘辰昕农商店（个体工商户）,0,3.0,8,0,aba
松潘喜悦沐足足浴店（个体工商户）,0,60.0,7,3,aba
九寨沟县绿草地牦牛手工酸奶批发店（个体工商户）,0,3.0,6,4,aba
松潘郑师铝合金加工店（个体工商户）,0,5.0,4,4,aba
松潘县泽里见磋养殖场（个体工商户）,0,60.0,19,1,aba
九寨沟县山仙里民宿（个体工商户）,0,80.0,16,2,aba
松潘澜天民宿店（个体工商户）,0,80.0,14,2,aba
松潘央阔民居民宿店（个体工商户）,0,80.0,12,2,aba
松潘县德满仓民宿（个体工商户）,0,50.0,8,2,aba
松潘格让巴农场（个体工商户）,0,16.0,8,1,aba
松潘县丁树清养殖场（个体工商户）,0,80.0,8,1,aba
松潘羌香味餐厅（个体工商户）,0,55.0,7,2,aba
松潘县听松茶府（个体工商户）,0,50.0,4,2,aba
松潘伊兰特家政服务店（个体工商户）,0,2.0,20,3,aba
九寨沟县丽缘小吃店（个体工商户）,0,2.0,17,2,aba
松潘色里木手抓羊肉店（个体工商户）,0,3.0,16,2,aba
松潘茄旗牲畜销售店（个体工商户）,0,1.0,14,0,aba
松潘马春兰手工麻花店（个体工商户）,1,3.0,13,4,aba
松潘县嘉途客栈（个体工商户）,0,70.0,11,2,aba
九寨沟县杜氏货运部（个体工商户）,0,50.0,7,5,aba
松潘克珠仓货运部（个体工商户）,0,50.0,4,5,aba
松潘县潮童童装店（个体工商户）,0,20.0,20,0,aba
松潘马晓敏货运部（个体工商户）,0,50.0,19,5,aba
九寨沟县彩英包子店（个体工商户）,1,1.5,16,2,aba
松潘郑学山货运部（个体工商户）,0,50.0,15,5,aba
松潘县勇兴茶楼（个体工商户）,0,50.0,10,0,aba
松潘爆烤社烧烤店（个体工商户）,0,8.0,7,2,aba
松潘除吾泽里养殖场（个体工商户）,0,50.0,5,1,aba
松潘县泽里磋养殖场（个体工商户）,0,70.0,4,1,aba
九寨沟县串门儿小吃店（个体工商户）,0,3.0,4,2,aba
松潘耗牛汉堡店（个体工商户）,0,10.0,20,0,aba
松潘杨玉斌养殖场（个体工商户）,0,60.0,20,1,aba
九寨沟县云逸山居民宿（个体工商户）,0,30.0,16,2,aba
松潘老屈洗车店（个体工商户）,0,3.0,16,3,aba
松潘蜀到叁火锅馆（个体工商户）,0,10.0,14,2,aba
松潘天澜大酒店（个体工商户）,0,60.0,14,2,aba
松潘龚发军货运部（个体工商户）,0,50.0,14,5,aba
松潘红维糍粑店（个体工商户）,1,3.0,13,4,aba
松潘李云祥养殖场（个体工商户）,1,60.0,12,1,aba
松潘李海均养殖场（个体工商户）,1,60.0,12,1,aba
松潘白树花养殖场（个体工商户）,0,60.0,12,1,aba
松潘霞光里咖啡店（个体工商户）,0,25.0,12,2,aba
松潘青焱蹄花店（个体工商户）,0,10.0,9,2,aba
松潘靠山活饭店（个体工商户）,0,50.0,7,2,aba
松潘小铃铛烧烤店（个体工商户）,0,20.0,4,5,aba
松潘李永富养殖场（个体工商户）,1,60.0,12,1,aba
松潘永芬民宿旅店（个体工商户）,0,50.0,9,2,aba
松潘县张云停车场（个体工商户）,0,6.0,8,3,aba
九寨沟县溪畔屿境酒店有限责任公司,0,10.0,8,2,aba
九寨沟县麦香味包子铺（个体工商户）,0,5.0,8,2,aba
九寨沟县椿棠小院民宿（个体工商户）,0,30.0,4,2,aba
松潘云岫祁居酒店（个体工商户）,0,28.0,4,2,aba
九寨沟县达嘎云居民宿（个体工商户）,0,40.0,16,2,aba
九寨沟县富贵缘客栈（个体工商户）,0,50.0,15,2,aba
松潘徐老三养殖场（个体工商户）,0,50.0,15,1,aba
九寨沟县渝商凡喜音乐藏餐厅（个体工商户）,0,10.0,14,2,aba
松潘实福再生资源回收站（个体工商户）,0,10.0,12,4,aba
九寨沟县凤琴道路货物运输经营部（个体工商户）,0,2.0,6,5,aba
九寨沟县珠杰道路货物运输经营部（个体工商户）,0,2.0,6,5,aba
松潘圣草堂药业有限公司,0,50.0,6,0,aba
九寨沟县刘记散装白酒经营部（个体工商户）,0,5.0,4,4,aba
松潘茶咖酒满烧烤店（个体工商户）,0,10.0,20,2,aba
松潘默默理发店（个体工商户）,0,2.0,19,3,aba
松潘县古云轩餐厅（个体工商户）,0,45.0,17,2,aba
松潘老张鲜卤卤菜店（个体工商户）,0,3.0,15,4,aba
松潘尕豆牙牧场（个体工商户）,0,50.0,15,1,aba
松潘德沁农场（个体工商户）,0,2.0,13,1,aba
九寨沟县山壹轻奢酒店（个体工商户）,0,20.0,13,2,aba
松潘县星辰愿音乐民宿（个体工商户）,0,10.0,13,2,aba
松潘陈多多奶茶店（个体工商户）,0,6.0,12,2,aba
松潘福香居土火锅馆（个体工商户）,0,15.0,8,2,aba
九寨沟县小城记忆民宿（个体工商户）,0,10.0,7,2,aba
九寨沟县华建道路货物运输经营部（个体工商户）,0,2.0,6,5,aba
九寨沟县富德道路货物运输经营部（个体工商户）,0,2.0,6,5,aba
九寨沟县建安道路货物运输经营部（个体工商户）,0,2.0,6,5,aba
九寨沟县陶成道路货物运输经营部（个体工商户）,0,2.0,6,5,aba
九寨沟县虎平道路货物运输经营部（个体工商户）,0,2.0,6,5,aba
九寨沟县方涛卤菜店（个体工商户）,0,5.0,4,4,aba
九寨沟县艺真理发店（个体工商户）,0,1.5,4,3,aba
松潘遇见康吾仓民宿店（个体工商户）,0,35.0,20,2,aba
松潘绿野四季牛肉干店（个体工商户）,0,11.0,15,4,aba
九寨沟县科均开元米粉店（个体工商户）,0,10.0,14,2,aba
松潘杨三水面店（个体工商户）,0,5.0,14,4,aba
九寨沟县行云观山海民宿旅店（个体工商户）,0,40.0,13,2,aba
松潘康顺餐厅（个体工商户）,0,50.0,8,2,aba
松潘酒别重逢酒馆（个体工商户）,0,2.0,8,2,aba
九寨沟县秋云小院民宿（个体工商户）,0,8.0,7,2,aba
九寨沟县杨梅道路货物运输经营部（个体工商户）,0,2.0,6,5,aba
九寨沟县松青青山居民宿（个体工商户）,0,30.0,5,2,aba
九寨沟县林溪舍民宿（个体工商户）,0,30.0,4,2,aba
松潘县觐阳里饭店（个体工商户）,0,20.0,4,2,aba
松潘树先森茶餐厅（个体工商户）,0,20.0,14,2,aba
九寨沟县觅你轻奢酒店（个体工商户）,0,30.0,7,2,aba
九寨沟县鲜春道路货物运输部（个体工商户）,0,1.0,7,5,aba
松潘泽里能之货运部（个体工商户）,0,10.0,5,5,aba
九寨沟县醉梦依山静民宿（个体工商户）,0,30.0,16,2,aba
松潘县海纳货运部（个体工商户）,0,30.0,16,5,aba
松潘泽里王加货运部（个体工商户）,0,22.6,16,5,aba
九寨沟县阿旺达枕山溪舍民宿（个体工商户）,0,41.0,16,2,aba
松潘蜀一二火锅店（个体工商户）,0,1.0,15,2,aba
松潘再三杯烧烤店（个体工商户）,0,20.0,15,0,aba
松潘罗吾见车货运部（个体工商户）,0,18.6,15,5,aba
松潘招财咖啡店（个体工商户）,0,5.0,15,2,aba
松潘县巷里人家茶园（个体工商户）,0,6.0,14,2,aba
松潘涪阳记忆饭店（个体工商户）,0,15.0,14,2,aba
九寨沟县壹贰叁米粉店（个体工商户）,1,5.0,10,2,aba
松潘县尕让郎介货运部（个体工商户）,0,18.0,8,5,aba
九寨沟县顶香美食馆（个体工商户）,0,3.0,8,2,aba
松潘意禾阿岭肥肠馆（个体工商户）,0,30.0,8,2,aba
松潘舌尖冒冒菜店（个体工商户）,0,20.0,7,2,aba
九寨沟县祥云道路货物运输部（个体工商户）,0,1.0,7,5,aba
九寨沟县林林道路货物运输经营部（个体工商户）,0,2.0,6,5,aba
九寨沟县李建刚道路货物运输部（个体工商户）,0,2.0,6,5,aba
松潘县纳波东周货运部（个体工商户）,0,27.0,5,5,aba
松潘县三娃哥货运部（个体工商户）,0,20.0,19,5,aba
松潘县张家明货运部（个体工商户）,0,20.0,18,5,aba
松潘县山江酒坊（个体工商户）,0,3.0,17,0,aba
九寨沟县兵兵米粉店（个体工商户）,0,8.0,16,2,aba
松潘蜀味鲜餐厅（个体工商户）,0,1.2,15,2,aba
松潘阿依莎冒菜店（个体工商户）,0,8.0,15,2,aba
松潘当戈理发馆（个体工商户）,0,10.0,15,3,aba
松潘壹贰壹火盆烧烤店（个体工商户）,0,20.0,14,2,aba
松潘阿东客货运部（个体工商户）,0,46.0,13,5,aba
松潘香来尚茶餐厅（个体工商户）,0,12.0,11,2,aba
九寨沟县梵雅轻居酒店（个体工商户）,0,16.0,8,2,aba
九寨沟县福瑞阁民宿（个体工商户）,0,10.0,8,2,aba
九寨沟县小燕货物运输经营部（个体工商户）,0,2.0,6,5,aba
松潘胖弯夜宵店（个体工商户）,0,1.0,6,2,aba
松潘沈记功夫薯条店（个体工商户）,0,8.0,4,2,aba
松潘索郎介村货运部（个体工商户）,0,24.0,4,5,aba
松潘碗净福至小食店（个体工商户）,0,4.0,4,2,aba
松潘龙帅餐饮店（个体工商户）,0,5.0,4,2,aba
松潘县智巴仓民宿旅店（个体工商户）,0,30.0,20,2,aba
松潘县尕让栋登货运部（个体工商户）,0,10.0,16,5,aba
松潘尕茸邓都货运部（个体工商户）,0,24.0,15,5,aba
松潘王世全货运部（个体工商户）,0,30.0,15,5,aba
松潘马穆洒餐厅（个体工商户）,0,20.0,15,2,aba
九寨沟县半山秋山居民宿（个体工商户）,0,20.0,15,15,aba
松潘柏悦扎西私汤民宿（个体工商户）,0,2.8,14,2,aba
松潘县聚源阁茶楼（个体工商户）,0,10.0,14,2,aba
松潘县罗世斌货运部（个体工商户）,0,14.0,13,5,aba
九寨沟县航航砂锅小吃店（个体工商户）,0,1.0,10,2,aba
松潘县康岗东仓民宿酒店（个体工商户）,0,20.0,8,2,aba
松潘县仁真益西养殖场（个体工商户）,0,25.0,8,1,aba
松潘李少华养殖场（个体工商户）,0,40.0,7,1,aba
九寨沟县风语林间民宿（个体工商户）,0,20.0,7,2,aba
九寨沟县卿月客居民宿（个体工商户）,0,10.0,7,2,aba
九寨沟县福多小吃店（个体工商户）,0,10.0,7,2,aba
九寨沟县雅庭小院民宿（个体工商户）,0,10.0,7,2,aba
松潘归朴茶事茶馆（个体工商户）,0,30.0,6,2,aba
九寨沟县冰雪童话饮品店（个体工商户）,0,10.0,6,2,aba
松潘川味记忆牛肉汤锅店（个体工商户）,0,30.0,4,2,aba
松潘酒隐酒吧（个体工商户）,1,20.0,20,3,aba
松潘县捷航货运部（个体工商户）,0,20.0,19,5,aba
松潘县俄吉介货运部（个体工商户）,0,20.0,19,5,aba
松潘县三味吃屋餐馆（个体工商户）,0,2.0,19,2,aba
松潘县晏洁货运部（个体工商户）,0,20.0,16,5,aba
松潘县铎撒货运部（个体工商户）,0,10.0,16,5,aba
松潘县福临藏家餐厅（个体工商户）,0,5.0,16,2,aba
松潘县美梳理发店（个体工商户）,0,2.0,16,3,aba
九寨沟县娜姆足浴店（个体工商户）,1,3.5,15,3,aba
九寨沟县李氏安乐雅居民宿（个体工商户）,0,3.0,15,2,aba
九寨沟县千古寨客栈（个体工商户）,0,15.0,15,2,aba
松潘藏韵温馨民宿店（个体工商户）,0,40.0,15,2,aba
松潘和众川菜馆（个体工商户）,0,30.0,15,2,aba
九寨沟县足佳乐足浴漳扎店（个体工商户）,0,5.0,15,3,aba
九寨沟县食八方小吃店（个体工商户）,0,3.0,15,2,aba
松潘县味觉之旅烧烤店（个体工商户）,0,20.0,14,2,aba
松潘县珍成客栈（个体工商户）,0,20.0,14,2,aba
九寨沟县清风小筑客栈（个体工商户）,0,15.0,13,2,aba
松潘王永顺牧场（个体工商户）,0,35.5,12,1,aba
九寨沟县牛佛自贡豆花店（个体工商户）,0,2.0,8,2,aba
松潘蔡胖胖遇上我来椰小食店（个体工商户）,0,20.0,7,2,aba
松潘县陈文静货运部（个体工商户）,0,20.0,6,5,aba
松潘卤个啥卤菜店（个体工商户）,0,8.0,4,2,aba
九寨沟县伊佳缘拉面馆（个体工商户）,0,2.0,4,2,aba
松潘李海成货运部（个体工商户）,0,4.8,20,5,aba
松潘多来客小面店（个体工商户）,0,4.0,20,2,aba
松潘县冯荣才货运部（个体工商户）,0,10.0,19,5,aba
松潘县遇见归宿客栈（个体工商户）,0,10.0,18,2,aba
九寨沟县姆然阳光民宿（个体工商户）,0,35.0,18,2,aba
松潘县青莲客栈（个体工商户）,0,20.0,18,2,aba
九寨沟县忆乡居民宿（个体工商户）,0,2.0,16,2,aba
松潘县叶林群货运部（个体工商户）,0,8.0,16,5,aba
松潘县杨世龙货运部（个体工商户）,0,10.0,16,5,aba
松潘县程氏庭院民宿（个体工商户）,0,10.0,16,2,aba
松潘县陈燕货运部（个体工商户）,0,10.0,16,5,aba
松潘鑫旺达牦牛肉汤锅店（个体工商户）,0,5.0,16,2,aba
松潘阿佳康珠茶馆（个体工商户）,0,10.0,16,2,aba
九寨沟县百之味小吃店（个体工商户）,0,2.0,16,2,aba
松潘冯天蓉货运部（个体工商户）,0,10.0,15,5,aba
松潘徐小东货运部（个体工商户）,0,20.0,15,5,aba
松潘兰亭楼茶馆（个体工商户）,0,20.0,15,2,aba
九寨沟县子钰精品民宿（个体工商户）,0,10.0,15,2,aba
松潘万氏货运部（个体工商户）,0,19.0,15,5,aba
九寨沟县仁青措货运部（个体工商户）,0,1.0,15,5,aba
九寨沟县日松贡布客栈（个体工商户）,0,10.0,14,2,aba
松潘味来鲜火锅店（个体工商户）,0,38.0,14,2,aba
松潘白兴贵货运部（个体工商户）,0,15.0,14,5,aba
松潘文秀酸菜面块店（个体工商户）,1,9.0,13,2,aba
松潘志杰热狗店（个体工商户）,1,6.0,13,2,aba
松潘张朝富牧场（个体工商户）,1,47.0,12,1,aba
松潘樟华小吃店（个体工商户）,0,3.0,11,2,aba
九寨沟县浓情咖舍咖啡店（个体工商户）,0,1.0,8,2,aba
九寨沟县喜哥的小院民宿（个体工商户）,0,5.0,8,2,aba
松潘瓦蓝青稞酒厂（个体工商户）,0,23.0,8,4,aba
松潘县吴记京味小笼包早餐店（个体工商户）,0,5.0,8,2,aba
松潘克妹小吃店（个体工商户）,0,2.1,8,2,aba
松潘口口香川味小吃店（个体工商户）,0,4.0,8,2,aba
松潘老杜家饺子馆（个体工商户）,0,15.0,8,2,aba
松潘杨玉冬养殖场（个体工商户）,0,30.0,8,1,aba
松潘代国兵养殖场（个体工商户）,0,40.0,8,1,aba
松潘姜立发养殖场（个体工商户）,0,35.0,8,1,aba
九寨沟县函瑞货物运输经营部（个体工商户）,0,2.0,6,5,aba
九寨沟县鹿鸣居民宿（个体工商户）,0,20.0,6,2,aba
九寨沟县时屿山居民宿（个体工商户）,0,10.0,6,2,aba
九寨沟县娜么小吃店（个体工商户）,0,5.0,6,2,aba
松潘县许永峰货运部（个体工商户）,0,2.0,6,5,aba
九寨沟县鼎瑞足道店（个体工商户）,0,12.0,6,3,aba
九寨沟县小巷人家民宿（个体工商户）,0,8.0,5,2,aba
九寨沟县山涧星韵民宿（个体工商户）,0,10.0,4,2,aba
松潘周志东货运部（个体工商户）,0,20.0,4,5,aba
松潘三人行砂锅串串店（个体工商户）,0,30.0,4,2,aba
松潘县李全生货运部（个体工商户）,0,1.0,4,5,aba
松潘李泽杨货运部（个体工商户）,0,18.0,20,5,aba
松潘肖友明养殖场（个体工商户）,0,15.0,19,1,aba
松潘县赵钧货运部（个体工商户）,0,20.0,19,5,aba
松潘县康凯货运部（个体工商户）,0,18.0,19,5,aba
松潘县祁明富货运部（个体工商户）,0,4.0,18,5,aba
九寨沟县云鲜米粉店（个体工商户）,0,2.2,16,2,aba
松潘县央沁藏餐馆（个体工商户）,0,20.0,16,2,aba
九寨沟县一面缘小吃店（个体工商户）,0,8.0,16,2,aba
松潘泽旺足养殖场（个体工商户）,0,30.0,16,1,aba
松潘阿斯足养殖场（个体工商户）,0,40.0,16,1,aba
松潘旺茗悦茶楼（个体工商户）,0,40.0,16,2,aba
松潘县吕二姐活禽销售店（个体工商户）,0,1.0,16,0,aba
松潘何秀才牧场（个体工商户）,0,10.0,15,1,aba
九寨沟县盛悦酒店（个体工商户）,0,10.0,15,2,aba
松潘李洪中蜂养殖场（个体工商户）,0,20.0,15,1,aba
松潘吃货集小吃店（个体工商户）,1,1.0,15,2,aba
九寨沟县藏雅轩客栈（个体工商户）,0,15.0,15,2,aba
九寨沟县建军货运部（个体工商户）,0,1.0,15,5,aba
松潘紫薰餐厅（个体工商户）,0,5.0,15,2,aba
九寨沟县藏浴足道店（个体工商户）,0,20.0,15,15,aba
松潘盛世龙茗茶坊（个体工商户）,0,10.0,14,2,aba
松潘县丁廷军货运部（个体工商户）,0,10.0,14,5,aba
九寨沟县晨之味小吃店（个体工商户）,0,4.0,14,2,aba
松潘县良捷商贸部（个体工商户）,0,20.0,14,0,aba
松潘素素米粉店（个体工商户）,0,10.0,14,2,aba
松潘穷玛磋粉汤店（个体工商户）,1,3.0,13,2,aba
松潘悦山民宿店（个体工商户）,0,13.0,13,2,aba
九寨沟县春南民宿（个体工商户）,1,30.0,12,2,aba
松潘王登龙货运部（个体工商户）,0,24.0,12,5,aba
松潘县余绍琼货运部（个体工商户）,0,12.0,11,5,aba
松潘华廷轩土菜馆（个体工商户）,0,5.0,9,2,aba
松潘县忆时光酒吧（个体工商户）,0,10.0,8,2,aba
九寨沟县夏屿民宿（个体工商户）,0,0.5,8,2,aba
松潘妥哆哆奶茶店（个体工商户）,0,10.0,8,2,aba
九寨沟县半山度民宿（个体工商户）,0,20.0,7,2,aba
松潘县唐永强货运部（个体工商户）,0,7.0,6,15,aba
九寨沟县蕴景酒店（个体工商户）,0,10.0,6,2,aba
松潘县俄里民宿客栈（个体工商户）,0,20.0,6,2,aba
松潘谢清银货运部（个体工商户）,0,20.0,5,5,aba
九寨沟县花之青民宿（个体工商户）,0,40.0,4,2,aba
松潘李记珍馐阁川菜馆（个体工商户）,0,15.0,4,2,aba
松潘一碗面馆（个体工商户）,0,4.0,4,2,aba
九寨沟县藏韵小筑民宿（个体工商户）,0,10.0,4,2,aba
九寨沟县十三月舍民宿（个体工商户）,0,3.0,20,2,aba
松潘马小伟货运部（个体工商户）,0,2.0,20,5,aba
松潘彭康兰养殖场（个体工商户）,0,25.0,20,1,aba
松潘县谢礼德货运部（个体工商户）,0,5.0,18,5,aba
松潘县高记豆花饭店（个体工商户）,0,20.0,16,2,aba
松潘县丽金饭店（个体工商户）,0,20.0,16,2,aba
松潘罗涛货运部（个体工商户）,0,10.0,16,5,aba
松潘朝福烧烤店（个体工商户）,0,20.0,15,2,aba
九寨沟县慕尚造型美发店（个体工商户）,0,2.0,15,3,aba
松潘益西他牧场（个体工商户）,0,30.0,15,1,aba
松潘晋味黄氏刀削面店（个体工商户）,0,7.0,14,2,aba
松潘倪明艳小吃店（个体工商户）,0,6.0,14,2,aba
松潘穆民牦牛肉汤锅店（个体工商户）,0,1.0,14,2,aba
松潘蒋记猪脚饭店（个体工商户）,0,2.0,13,2,aba
九寨沟县一民小吃店（个体工商户）,0,3.0,13,2,aba
松潘时代零点造型店（个体工商户）,0,5.0,13,3,aba
九寨沟县娟娟小吃店（个体工商户）,1,5.0,13,2,aba
松潘胡开秀养殖厂（个体工商户）,0,15.0,12,1,aba
松潘燚爷餐饮店（个体工商户）,0,10.0,12,2,aba
九寨沟县韵享足浴店（个体工商户）,0,10.0,7,3,aba
松潘隐松居民宿店（个体工商户）,0,20.0,7,2,aba
松潘县后厨江湖饭店（个体工商户）,0,20.0,6,2,aba
九寨沟县如院民宿（个体工商户）,0,10.0,6,2,aba
九寨沟县静意香居民宿（个体工商户）,0,8.0,5,2,aba
松潘马应祥货运部（个体工商户）,0,12.0,4,5,aba
九寨沟县沐晨忆民宿（个体工商户）,0,10.0,19,2,aba
松潘县漫云里民宿（个体工商户）,0,20.0,19,2,aba
松潘县欢之味小吃店（个体工商户）,0,6.0,18,2,aba
松潘县蒋磊货运部（个体工商户）,0,1.0,18,5,aba
松潘县首艺造型理发店（个体工商户）,0,2.0,17,3,aba
松潘县哈里妹餐馆（个体工商户）,0,5.0,16,2,aba
松潘县陈占冬养蜂场（个体工商户）,0,2.0,16,1,aba
松潘梦罗兰足浴店（个体工商户）,0,20.0,16,3,aba
松潘虎冒二号冒菜店（个体工商户）,0,10.0,16,2,aba
松潘仁合悦货运部（个体工商户）,0,1.0,15,5,aba
九寨沟县途眠客栈（个体工商户）,0,9.0,15,2,aba
松潘伊香斋牦牛肉汤煲店（个体工商户）,1,6.0,14,2,aba
九寨沟县嘉航小吃店（个体工商户）,0,3.0,14,2,aba
松潘一千小笼包店（个体工商户）,0,10.0,14,2,aba
松潘云山人家餐厅（个体工商户）,0,10.0,13,2,aba
松潘刘世洪牧场（个体工商户）,0,25.0,12,1,aba
松潘伊穆源牛肉面馆（个体工商户）,0,10.0,8,2,aba
松潘尚厨砂锅菜店（个体工商户）,0,10.0,7,2,aba
松潘卡李龙达茶楼（个体工商户）,0,8.0,6,2,aba
松潘阿春川菜店（个体工商户）,0,2.0,4,2,aba
松潘义培养殖场（个体工商户）,0,24.0,20,1,aba
松潘县悠居阁民宿（个体工商户）,0,20.0,16,2,aba
松潘满鑫苑餐厅（个体工商户）,0,10.0,16,2,aba
松潘见车他养殖场（个体工商户）,0,10.0,16,1,aba
松潘达吾德牛肉面馆（个体工商户）,0,8.0,16,2,aba
松潘川香馆餐厅（个体工商户）,0,10.0,15,2,aba
松潘郭大哥养殖场（个体工商户）,0,10.0,15,1,aba
松潘伊兰源馒头店（个体工商户）,0,5.0,15,4,aba
松潘扎罗牧场（个体工商户）,0,10.0,15,1,aba
松潘依当足牧场（个体工商户）,0,20.0,15,1,aba
松潘除吾他牧场（个体工商户）,0,15.0,15,1,aba
松潘加么草小面店（个体工商户）,0,2.0,15,2,aba
松潘县刘记碗碗香小吃店（个体工商户）,0,8.0,15,2,aba
松潘小德饮品店（个体工商户）,0,15.0,14,2,aba
松潘三舍茶楼（个体工商户）,0,5.0,14,2,aba
松潘肆禧火锅店（个体工商户）,0,30.0,14,2,aba
松潘胡国利牧场（个体工商户）,1,12.0,13,1,aba
松潘廖小强牧场（个体工商户）,1,10.0,13,1,aba
松潘白兴敏养殖场（个体工商户）,0,5.0,11,1,aba
松潘星悦川菜馆（个体工商户）,0,3.0,8,2,aba
松潘见措他牧场（个体工商户）,0,25.0,7,1,aba
松潘吴帮平牧场（个体工商户）,0,20.0,7,1,aba
松潘马应富货运部（个体工商户）,0,7.0,7,5,aba
松潘巷野烈火烧烤店（个体工商户）,0,6.5,7,2,aba
松潘县西牧餐厅（个体工商户）,0,20.0,6,2,aba
松潘县吴二哥小吃店（个体工商户）,0,1.0,4,2,aba
松潘乡隐茶馆（个体工商户）,1,10.0,20,2,aba
松潘县营之行酒吧（个体工商户）,0,15.0,19,2,aba
松潘县兴红小吃店（个体工商户）,0,5.0,18,2,aba
松潘县醉爱川菜馆（个体工商户）,0,10.0,17,2,aba
松潘县杨貌养殖场（个体工商户）,0,10.0,16,1,aba
松潘县莹莹汤锅店（个体工商户）,0,8.0,16,2,aba
松潘县韩佧德客栈（个体工商户）,0,2.0,16,2,aba
松潘县武全养殖场（个体工商户）,0,3.0,16,1,aba
松潘格休亚烤串店（个体工商户）,0,10.0,15,2,aba
松潘洛央民宿店（个体工商户）,0,5.0,15,2,aba
松潘茸波足牧场（个体工商户）,0,10.0,15,1,aba
松潘嘛嘛香小吃店（个体工商户）,0,3.5,15,15,aba
松潘蜜小朵奶茶店（个体工商户）,0,10.0,14,3,aba
松潘马小小火锅店（个体工商户）,0,10.0,14,2,aba
松潘海珍烤肉店（个体工商户）,0,5.0,13,2,aba
松潘周颐米粉店（个体工商户）,1,9.0,13,2,aba
松潘县李世吉养殖场（个体工商户）,1,10.0,13,1,aba
松潘如萍茶楼（个体工商户）,0,1.2,12,2,aba
松潘马二黑餐厅（个体工商户）,0,10.0,7,2,aba
松潘县付幺妹小吃店（个体工商户）,0,8.0,6,2,aba
松潘县蓉旺小吃店（个体工商户）,0,6.0,5,2,aba
松潘县香沁藏餐店（个体工商户）,0,5.0,4,2,aba
松潘郎开拉姆甜茶店（个体工商户）,0,4.0,20,2,aba
松潘县啊格养殖场（个体工商户）,0,10.0,16,1,aba
松潘并巴牧场（个体工商户）,0,5.0,16,1,aba
松潘乌泷奶茶店（个体工商户）,0,15.0,15,2,aba
松潘川逸香川菜馆（个体工商户）,0,2.0,10,2,aba
松潘曾姐调味品店（个体工商户）,0,1.0,6,0,aba
松潘面面俱到小吃店（个体工商户）,0,4.0,4,2,aba
松潘赤伦民宿店（个体工商户）,0,10.0,4,2,aba
松潘犇羴鲜餐厅（个体工商户）,0,10.0,19,2,aba
松潘马玉兰小吃店（个体工商户）,0,5.0,14,2,aba
松潘亚飞牧场（个体工商户）,0,1.0,14,1,aba
松潘椰子熊奶茶店（个体工商户）,0,10.0,11,2,aba
松潘蜀城火锅店（个体工商户）,0,3.5,7,2,aba
松潘醉月轩茶馆（个体工商户）,1,5.0,19,2,aba
松潘县韩晓刚农场（个体工商户）,0,6.0,19,1,aba
松潘袁和农场（个体工商户）,0,10.0,8,1,aba
马尔康西索良品农业发展有限责任公司,0,108.0,17,0,aba
壤塘县优信达商贸有限公司,0,180.0,19,0,aba
九寨沟县正态农副食品商贸有限公司,0,160.0,16,0,aba
汶川鹰嘴崖农副产品销售有限责任公司,0,150.0,14,0,aba
四川茂羌园农业科技有限公司,0,180.0,6,9,aba
四川省阿坝州若尔盖县三人行家政服务有限责任公司,0,120.0,19,3,aba
马尔康市善道农业科技发展有限公司,0,110.0,7,9,aba
阿坝州藏美嘉商贸有限公司,0,120.0,4,10,aba
红原县顺发商贸有限公司,0,100.0,13,0,aba
金川县藏特汇农业综合开发有限责任公司,0,100.0,20,0,aba
阿坝弘征行文化发展有限公司,0,100.0,20,6,aba
若尔盖县优品农产品销售有限公司,0,100.0,20,0,aba
阿坝纯真牦牛食品有限公司,0,100.0,20,0,aba
阿坝州益扬农资有限责任公司,0,100.0,20,1,aba
理县野趣溪谷旅游管理有限公司,0,100.0,20,3,aba
小金县圣景文化旅游有限公司,0,100.0,20,3,aba
理县幽溪河谷酒店管理有限公司,0,100.0,20,3,aba
理县天基农业科技有限责任公司,0,100.0,20,9,aba
松潘县青创商贸有限公司,0,100.0,19,0,aba
九寨沟县家美轩商贸有限公司,0,100.0,19,0,aba
茂县鼎诚广告传媒有限公司,0,100.0,19,3,aba
松潘森林莱农业开发有限公司,0,100.0,19,1,aba
阿坝壤巴拉慧民互联网科技有限公司,0,100.0,19,10,aba
汶川县郑明亮货物运输有限公司,0,100.0,19,5,aba
玩转经幡（阿坝）电子商务有限公司,0,100.0,19,0,aba
阿坝州西部华睿建筑工程技术有限公司,0,100.0,19,9,aba
阿坝州鸿锦生物科技有限公司,0,100.0,19,9,aba
四川中亿汇美环境艺术设计有限公司,0,100.0,19,9,aba
阿坝州君华生物能源有限责任公司,0,100.0,19,9,aba
九寨沟县朝顺农业发展有限责任公司,0,100.0,19,1,aba
阿坝德瑞克体育文化发展有限公司,0,100.0,19,6,aba
阿坝县初阳农副产品商贸有限责任公司,0,100.0,19,0,aba
壤塘优佳城市管理服务有限公司,0,100.0,18,11,aba
阿坝州若尔盖县求吉乡供销合作社有限公司,0,100.0,18,0,aba
金川众鑫时代城市管理服务有限公司,0,100.0,18,11,aba
汶川简丛文化传媒有限公司,0,100.0,18,6,aba
九寨沟县文武智能工业技术服务有限公司,0,100.0,18,9,aba
阿坝州羌韵广告文化传播有限公司,0,100.0,18,3,aba
阿坝县康勤城市管理服务有限公司,0,100.0,18,11,aba
阿坝金川李婉儿传媒有限公司,0,100.0,18,6,aba
红原县启程城市管理服务有限公司,0,100.0,18,11,aba
若尔盖县胜安瑞商贸有限公司,0,100.0,17,0,aba
阿坝州久联能源科技发展有限公司,0,100.0,17,9,aba
四川省凡派文化传媒有限公司,0,100.0,17,6,aba
汶川县寿溪蓝农业科技有限公司,0,100.0,17,1,aba
九寨沟县星启航旅游有限公司,0,100.0,17,3,aba
极美地（阿坝州）企业管理有限责任公司,0,100.0,16,3,aba
金川县心路旅游开发有限公司,0,100.0,16,3,aba
九寨沟县远崎酒店有限公司,0,100.0,16,2,aba
四川汇锦农业有限公司,0,100.0,16,9,aba
阿坝青运机械租赁有限公司,0,166.0,16,3,aba
九寨沟县寅山院酒店管理有限公司,0,100.0,16,3,aba
九寨沟县新未来农业有限公司,0,100.0,16,9,aba
金川藏宝堂农业科技有限公司,0,100.0,15,9,aba
松潘县农品汇电子商务有限公司,0,100.0,15,0,aba
阿坝富临建设工程有限公司,0,100.0,15,7,aba
茂县博林种养殖专业合作社,0,100.0,15,1,aba
四川省天火同人旅游服务有限责任公司,0,100.0,15,3,aba
阿坝曼桑藏香文旅有限公司,0,100.0,15,11,aba
阿坝州二十一帆广告传媒有限公司,0,100.0,15,6,aba
四川迎山红文化旅游开发有限公司,0,100.0,14,11,aba
理县云上怡景种养殖专业合作社,0,100.0,14,1,aba
四川怡农农业发展有限公司,0,100.0,14,0,aba
九寨沟县七里村康养旅游有限公司,0,100.0,15,3,aba
阿坝净土朗咖科技文化有限公司,0,100.0,15,10,aba
理县吉祥谷地乡村旅游专业合作社,0,100.0,13,1,aba
九寨沟县卡格文化传播有限公司,0,100.0,13,6,aba
四川省娘查噶坚文化传媒有限责任公司,0,100.0,13,6,aba
川浙山海（汶川）供应链管理有限公司,0,100.0,13,5,aba
茂县上关村旅游发展有限公司,0,100.0,13,11,aba
茂县煌山环境科技有限公司,0,100.0,13,11,aba
小金县别同古户外运动有限责任公司,0,100.0,13,6,aba
小金县克古户外运动有限责任公司,0,100.0,13,6,aba
小金县横断秘境探索户外运动有限公司,0,100.0,13,6,aba
若尔盖兴原商贸有限责任公司,0,100.0,13,0,aba
四川聚燊文化旅游发展有限公司,0,100.0,13,3,aba
九寨沟县辉宏商贸有限公司,0,100.0,13,0,aba
阿坝州正德建筑劳务有限公司,0,100.0,13,7,aba
四川川北商贸有限公司,0,100.0,13,0,aba
松潘县乡兴旅游发展合伙企业（有限合伙）,0,100.0,13,11,aba
小金云上寻真农业科技有限公司,0,100.0,12,9,aba
阿坝州腾启商贸有限责任公司,0,100.0,12,0,aba
四川弈业春强文化传播有限责任公司,0,100.0,12,6,aba
金川县佳美建筑装饰经营部（个人独资）,0,100.0,12,7,aba
四川省阿坝州鼎层寻味生态农业开发有限公司,0,100.0,12,0,aba
四川千康商贸有限公司,0,100.0,11,0,aba
阿坝州金阳新能源科技有限公司,1,100.0,11,9,aba
壤塘犇犇商贸有限责任公司,0,100.0,11,0,aba
茂县顺钇鑫建筑劳务有限公司,0,100.0,11,7,aba
阿坝州茂县康和建筑劳务有限责任公司,0,100.0,11,7,aba
马尔康创越建筑装饰有限公司,0,100.0,11,7,aba
阿坝州云木润建筑装饰工程有限公司,0,100.0,11,7,aba
九寨沟县桃花水岸生态农业发展有限公司,0,100.0,10,1,aba
四川吐宝鼬文化旅游发展有限公司,0,100.0,10,11,aba
川阳文化艺术（阿坝州）有限公司,0,100.0,10,6,aba
阿坝县峰路广告有限公司,0,100.0,10,3,aba
四川贰拾伍号底片文化传播有限公司,0,100.0,10,6,aba
茂县信安农副产品商贸有限公司,0,100.0,10,0,aba
金川县汇美广告制作有限公司,0,100.0,10,4,aba
茂县视界文化传媒有限公司,0,100.0,9,6,aba
九寨沟县川旅旅游管理有限公司,0,100.0,9,3,aba
四川卓世力建筑工程有限公司,0,100.0,9,7,aba
金川县金轩建筑装饰经营部（个人独资）,0,100.0,8,7,aba
红原县芯算科技有限公司,0,100.0,8,9,aba
九寨沟县杏树地商务服务有限公司,0,100.0,8,3,aba
阿坝州山海情缘农产品商贸有限公司,0,100.0,8,0,aba
松潘县夏尔巴文化旅游发展有限责任公司,0,100.0,7,2,aba
九寨沟县禾风文化传媒有限责任公司,0,100.0,7,6,aba
阿坝途安广告传媒有限公司,0,100.0,7,3,aba
小金县前途信息科技有限公司,0,100.0,6,10,aba
阿坝县高原沃田种植专业合作社,0,100.0,6,1,aba
阿坝州有一家旅游开发有限公司,0,100.0,6,3,aba
阿坝州乾圣坤农林科技有限公司,0,100.0,6,9,aba
阿坝浙川投农业科技有限公司,0,100.0,6,11,aba
马尔康市嘉荣雅博知识技艺建筑劳务有限公司,0,100.0,6,3,aba
小金全盛家电有限公司,0,100.0,6,0,aba
四川星之耀电力科技有限公司,0,100.0,6,8,aba
茂县鑫叠鑫商贸有限责任公司,0,100.0,5,4,aba
四川灿贝装饰工程有限责任公司,0,100.0,5,7,aba
马尔康西索农旅发展有限责任公司,0,100.0,5,1,aba
四川阿坝中慧通运业有限公司,0,100.0,5,5,aba
阿坝县天顺与辉农业科技有限公司,0,100.0,4,9,aba
九寨沟县九绵畅享商务服务有限公司,0,100.0,4,3,aba
四川苏峰商贸有限公司,0,100.0,4,0,aba
马尔康山海映画文化传播有限公司,0,100.0,4,6,aba
九寨沟县九牧农业科技有限公司,0,100.0,4,9,aba
阿坝州福到来农副产品有限公司,0,100.0,9,1,aba
马尔康金瑞商贸有限责任公司,0,100.0,19,0,aba
阿坝州中安消防工程技术有限公司,0,100.0,4,7,aba
九寨沟县家途旅游服务有限公司,0,100.0,15,11,aba
红原县马场马术俱乐部坊（个人独资）,0,100.0,14,6,aba
九寨沟县九庄酒店管理有限公司,0,100.0,19,3,aba
四川佰依顺工程项目管理咨询有限公司,0,100.0,11,9,aba
松潘文景智旅科技有限公司,0,100.0,9,9,aba
若尔盖拾味三千食品有限责任公司,0,100.0,15,0,aba
阿坝州张望星辰农业科技有限公司,0,100.0,8,9,aba
壤塘县净土超市（个体工商户）,0,100.0,5,0,aba
若尔盖县就业信息技术咨询专业合作社,0,100.0,13,1,aba
四川卓巴餐饮文化有限责任公司,0,100.0,9,2,aba
九寨沟县金成熙悦华庭酒店管理有限公司,0,100.0,20,3,aba
四川省汶川宥仁办公家具有限公司,1,130.0,18,4,aba
若尔盖县阿张工程机械租赁有限公司,0,150.0,12,3,aba
茂县全新劳务服务有限公司,0,100.0,12,3,aba
九寨沟县熊之源林麝养殖有限公司,0,100.0,6,1,aba
松潘川优汽车租赁有限责任公司,0,100.0,19,3,aba
理县扎西朗民宿（个体工商户）,0,100.0,8,2,aba
茂县叠溪镇蚕丛村供销合作社有限责任公司,0,100.0,13,3,aba
马尔康中旭汽车销售服务有限责任公司,0,100.0,11,4,aba
阿坝县创合建筑垃圾综合利用有限公司,0,100.0,15,4,aba
九寨沟县骑镜旅游有限公司,0,100.0,10,11,aba
行走（阿坝州）文化旅游有限公司,0,100.0,14,3,aba
九寨沟县藏元素旅游服务有限公司,0,100.0,15,3,aba
九寨沟县韵丘民宿经营管理有限公司,1,120.0,14,3,aba
阿坝州天澜玥景酒店管理有限公司,0,100.0,6,2,aba
马尔康畅停停车服务有限公司,0,100.0,8,5,aba
黑水县阿佳拉农产品有限责任公司,0,100.0,15,1,aba
阿坝州农膳源电子商务有限责任公司,0,100.0,11,0,aba
阿坝州瑞腾建筑机械租赁有限公司,0,100.0,6,3,aba
阿坝州藏家肴农产品贸易有限责任公司,0,100.0,15,1,aba
四川省味你而来餐饮服务有限公司,0,100.0,7,2,aba
九寨沟县邻你超市管理有限责任公司,0,100.0,18,3,aba
九寨沟县绿洲餐饮服务有限公司,0,100.0,11,2,aba
理县七亩良田家庭农场（个体工商户）,0,100.0,8,1,aba
四川祥云麝业科技有限公司,0,100.0,5,11,aba
茂县冠林物流有限公司,0,100.0,11,5,aba
四川奥太美文化传媒有限责任公司,0,180.0,18,0,aba
阿坝州若尔盖久迈新能源科技有限公司,0,120.0,20,9,aba
四川盛达物业服务有限责任公司,0,100.0,14,12,aba
茂县锦里予棠商贸有限公司,0,100.0,7,0,aba
四川壤新锦成食品贸易有限公司,0,100.0,9,0,aba
若尔盖县友鸿建筑工程有限公司,0,100.0,9,7,aba
九寨沟县正方建筑劳务有限公司,0,100.0,8,7,aba
若尔盖县姜冬雪原畜牧养殖农民专业合作社,0,100.0,7,1,aba
九寨沟县玖玖红商贸有限责任公司,0,100.0,16,0,aba
红原县雅柯农业发展有限责任公司,0,100.0,11,1,aba
马尔康市农商文旅有限责任公司,0,100.0,15,3,aba
金川县杨家湾农副产品销售有限责任公司,0,100.0,9,1,aba
阿坝杰纳供应链管理有限公司,0,100.0,4,5,aba
四川新鑫彤食品商贸有限公司,0,100.0,12,0,aba
阿坝州禹投建材有限责任公司,0,100.0,4,4,aba
若尔盖语墨建筑工程机械租赁有限公司,0,100.0,15,3,aba
小金县九泽旅游开发有限公司,0,100.0,13,3,aba
马尔康阿甲机械租赁有限公司,0,100.0,15,3,aba
九寨沟县旺翌中药材贸易专业合作社,0,118.0,11,1,aba
阿坝州金辉赛宏环保新材料有限公司,0,100.0,18,9,aba
九寨沟县信晨建筑劳务有限公司,0,100.0,13,7,aba
马尔康市英大设计装饰工程有限公司,0,100.0,12,0,aba
阿坝州若尔盖县原乡甄品农副产品有限责任公司,0,100.0,13,1,aba
理县鲸鸿建筑装饰工程有限公司,0,100.0,14,7,aba
若尔盖益民中草药种植合伙企业（普通合伙）,0,100.0,12,1,aba
若尔盖一家餐饮管理有限公司,0,100.0,15,2,aba
九寨沟县聚民苑餐饮文化社（个人独资）,0,100.0,12,6,aba
四川万祥健康养老服务有限公司,0,100.0,14,13,aba
四川阿坝三益益兴中药材种植有限公司,0,100.0,6,1,aba
松潘县云上麦墩休闲度假有限责任公司,0,100.0,15,2,aba
四川杰荣贸易有限公司,0,100.0,10,3,aba
四川共赢工程机械租赁有限公司,0,100.0,6,3,aba
金川县友缘工程建设有限责任公司,0,100.0,9,7,aba
理县乐理农业有限公司,0,100.0,6,1,aba
九寨沟县藏雅阁餐饮管理有限公司,0,100.0,16,2,aba
汶川宏运达道路运输有限责任公司,0,100.0,19,5,aba
汶川羌村优选供应链管理有限公司,0,100.0,19,3,aba
阿坝州鑫满亿商贸有限公司,0,100.0,17,0,aba
九寨沟县北纬三十三度假酒店有限公司,0,100.0,18,3,aba
九寨沟县泽宇工程机械租赁有限公司,0,100.0,10,3,aba
阿坝县诺东农业专业合作社,0,100.0,7,1,aba
四川若尔盖县郎依山居乡村旅游有限公司,0,100.0,11,11,aba
阿坝州浚源石业有限公司,0,100.0,10,4,aba
茂县金琅盾商贸有限公司,0,100.0,7,0,aba
金川县宏阳蔬菜种殖专业合作社,0,100.0,13,1,aba
四川木百供应链管理有限公司,1,100.0,12,3,aba
四川聚诚鑫盛旅游管理有限公司,0,100.0,11,11,aba
汶川县虒驿科技服务有限责任公司,0,100.0,19,9,aba
四川容豪酒店管理有限公司,0,100.0,10,2,aba
阿坝州羌山云朵电子商务有限公司,0,100.0,19,0,aba
茂县汇聚物流有限公司,0,100.0,13,5,aba
若尔盖翱宇出租汽车有限责任公司,0,100.0,18,5,aba
汶川禹里农业发展有限公司,0,100.0,15,1,aba
阿坝州万绿农旅农业有限责任公司,0,190.0,11,9,aba
九寨沟县佳捷酒店管理有限公司,0,100.0,8,3,aba
阿坝州身渤体育文化传播有限公司,0,100.0,19,6,aba
九寨沟县云玺禅月度假酒店有限公司,0,100.0,4,2,aba
九寨沟县云盛商贸有限公司,0,100.0,19,0,aba
壤塘县吉祥机械租运铺（个人独资）,0,160.0,19,3,aba
四川省阿坝州岷江隐里酒店有限公司,0,100.0,11,2,aba
四川钵音脉道健康科技有限公司,0,100.0,6,3,aba
九寨沟县瀚屹旅游服务有限责任公司,0,100.0,15,11,aba
茂县祥和嘉教育咨询有限公司,0,100.0,8,3,aba
马尔康川投新能源有限公司,0,100.0,19,8,aba
茂县鑫福昇生态环境工程有限公司,0,100.0,14,11,aba
壤塘县鑫盛热力有限责任公司,1,100.0,19,8,aba
小金县胆亿机械设备租赁有限公司,0,100.0,17,3,aba
四川高原雲森商贸有限公司,0,100.0,10,0,aba
汶川蜀信达通信设备有限公司,0,100.0,15,0,aba
若尔盖盛宏商贸有限公司,0,100.0,6,0,aba
四川耕馀商贸有限公司,0,100.0,19,0,aba
四川省金川县伊康源草牛羊肉销售有限责任公司,0,188.0,18,0,aba
四川省阿坝州东泉汇丰商贸有限公司,0,100.0,14,0,aba
阿坝县金鼓赐福商贸有限公司,0,100.0,9,4,aba
九寨沟县万木春林木种植专业合作社,0,100.0,18,0,aba
茂县四季酒店管理有限公司,0,100.0,10,2,aba
阿坝州春之蓉建材有限公司,0,100.0,15,0,aba
若尔盖瀚汇广告传媒有限公司,0,100.0,10,4,aba
红原县高原犇犇农副产品有限公司,0,100.0,7,0,aba
松潘县上诚宝鼎机械设备租赁有限责任公司,0,100.0,7,3,aba
四川省慧科生态农产品商贸有限公司,0,100.0,13,0,aba
松潘县天域尚品电子商务有限责任公司,0,100.0,13,10,aba
四川顺意环保工程服务有限公司,0,100.0,9,11,aba
九寨沟县蜗牛电竞俱乐部（个人独资）,0,100.0,6,6,aba
若尔盖县诺诚机械租赁有限公司,0,100.0,19,3,aba
四川梓贝建筑劳务有限公司,0,100.0,13,7,aba
若尔盖县供暖热力有限公司,0,100.0,20,8,aba
若尔盖藏家一号天然食品有限责任公司,0,100.0,13,4,aba
阿坝县藏玛原野土特产品有限责任公司,0,100.0,18,0,aba
松潘县羊拱海生态农业发展农民专业合作社,0,100.0,11,1,aba
壤塘县玛尼巴扎商贸店（个人独资）,0,100.0,19,0,aba
黑水县云领牛羊绒制品有限公司,0,180.0,15,4,aba
理县大秦种养殖专业合作社,0,120.0,6,1,aba
松潘县雅庭美居装饰工程有限公司,0,120.0,19,7,aba
南水北调西线（金川）新能源有限公司,0,135.0,10,8,aba
汶川汶成餐饮管理有限公司,0,100.0,12,3,aba
阿坝天顺黑猪养殖有限责任公司,0,100.0,11,1,aba
松潘县仓朗桑农业科技有限公司,0,100.0,10,1,aba
四川瑞峰卓越工程管理咨询有限公司,0,100.0,8,9,aba
九寨沟县龙跃商贸有限公司,0,100.0,8,0,aba
九寨沟县邦锐捷酒水商贸有限公司,1,100.0,18,0,aba
四川顺欣环保工程服务有限公司,0,100.0,9,11,aba
松潘县迎凤商贸有限公司,0,100.0,20,0,aba
九寨沟县泰鑫和工程机械设备租赁有限公司,0,100.0,8,3,aba
四川科弘食品有限公司,0,100.0,10,0,aba
阿坝州和江博强机械租赁有限公司,0,100.0,6,3,aba
松潘瑶池密境农业综合开发有限公司,0,100.0,19,1,aba
乐朴（九寨沟县）酒店管理有限公司,0,100.0,12,3,aba
四川省云端果果蔬销售有限责任公司,0,100.0,12,0,aba
红原县雅克王供应链管理有限公司,0,100.0,11,4,aba
黑水县扬西预包装食品销售有限责任公司,0,100.0,14,0,aba
九寨沟县途客酒店管理有限公司,0,100.0,7,3,aba
马尔康富祥建筑工程有限公司,0,120.0,18,7,aba
四川三江里旅游开发有限公司,0,100.0,6,3,aba
松潘县海峰博达商贸有限责任公司,0,100.0,19,0,aba
四川省牧色广告策划有限责任公司,0,100.0,14,3,aba
汶川睿德星物流有限公司,0,100.0,14,5,aba
松潘县锦能电力技术有限公司,0,100.0,18,9,aba
理县福来居酒店有限公司,0,100.0,16,2,aba
马尔康市旅投旅游发展有限责任公司,0,100.0,14,3,aba
阿坝县康瑞生态科技有限公司,0,100.0,13,4,aba
阿坝县尕翁农业科技有限公司,0,120.0,18,9,aba
阿坝州高原耕心农业发展有限责任公司,0,100.0,15,1,aba
阿坝州茂县虎珊食用菌农民专业合作社,0,100.0,13,1,aba
汶川带富农业有限公司,0,100.0,4,1,aba
松潘岷江通达客运有限责任公司,0,100.0,15,5,aba
若尔盖智达百货超市（个体工商户）,0,100.0,8,0,aba
马尔康洪福机械租赁部（个体工商户）,0,100.0,4,3,aba
四川合玥建筑工程有限公司,0,100.0,14,7,aba
九寨沟县卓美华庭企业服务有限公司,0,168.0,15,3,aba
若尔盖新泽贸易有限公司,0,100.0,19,3,aba
理县森丰建筑工程机械租赁有限公司,0,100.0,16,3,aba
小金县友余中药材种植专业合作社,0,100.0,7,1,aba
阿坝县藏源纯商贸有限公司,1,100.0,19,0,aba
茂县淮创再生资源回收有限公司,0,100.0,14,4,aba
壤塘县勇忠然芝劳务服务经营部（个人独资）,0,150.0,12,3,aba
汶川荣保生物科技开发有限公司,0,120.0,11,9,aba
九寨沟县九居阁酒店管理有限公司,0,100.0,5,2,aba
松潘县翔云客运有限责任公司,0,100.0,16,5,aba
四川高原雅克商贸有限公司,0,100.0,20,0,aba
阿坝州耍坝子文化旅游开发有限责任公司,0,100.0,16,3,aba
四川托岗智森树莓食品饮料有限责任公司,0,100.0,14,4,aba
松潘牧云藏珍农业发展有限公司,0,100.0,14,0,aba
阿坝州美丽新九寨酒业有限公司,0,100.0,5,4,aba
阿坝州力合机械租赁有限公司,0,100.0,4,3,aba
小金县成泽食品加工专业合作社,0,120.0,19,1,aba
若尔盖龙羊峡农业有限公司,0,100.0,16,0,aba
阿坝州成京食品有限责任公司,0,100.0,8,0,aba
阿坝县贾龙达体育赛事策划有限责任公司,0,100.0,6,6,aba
四川益过瓦新能源汽车充电服务有限责任公司,0,100.0,20,8,aba
阿坝州恒合酒店管理有限公司,0,100.0,18,3,aba
阿坝州路汶机动车驾驶员培训学校有限责任公司,0,100.0,15,6,aba
若尔盖县安嘉牛肉销售有限公司,0,100.0,9,1,aba
阿坝海通固能新材料有限公司,0,100.0,7,9,aba
阿坝州达利亚科技有限公司,1,100.0,12,9,aba
金川鼎鑫劳务服务有限公司,0,100.0,9,7,aba
马尔康西龙网吧（个人独资）,0,100.0,16,6,aba
马尔康市安海建筑工程机械租赁有限公司,0,100.0,7,3,aba
马尔康市拾捌餐饮服务有限责任公司,0,100.0,19,2,aba
马尔康市勇鑫商贸有限公司,0,100.0,18,0,aba
四川省木木品牌管理有限公司,0,100.0,10,3,aba
九寨沟县悦途之旅旅游服务有限责任公司,0,100.0,17,3,aba
阿坝州砾锦辉煌商贸有限公司,0,100.0,4,4,aba
阿坝柒六六汽车代驾服务有限公司,0,100.0,7,3,aba
四川省兴亿禾农业开发有限公司,0,100.0,7,9,aba
松潘县誉和疗养健康管理有限责任公司,0,100.0,7,3,aba
马尔康绒义机械设备租赁有限公司,0,100.0,20,3,aba
小金县穿山洞户外运动有限责任公司,0,100.0,18,6,aba
阿坝州蓝月餐饮服务有限责任公司,0,100.0,18,2,aba
四川彬蓉商贸有限公司,0,100.0,8,0,aba
阿坝县跨沙绿色蔬菜种殖有限公司,0,100.0,15,1,aba
阿坝县高原卓凯食品有限公司,0,180.0,13,4,aba
金川县归山牧云文化旅游开发有限责任公司,0,100.0,7,3,aba
阿坝州恩汐建筑劳务有限公司,0,100.0,19,7,aba
钧淇（若尔盖）旅游有限责任公司,0,180.0,14,2,aba
九寨沟县闲景居民宿经营管理有限公司,1,168.0,15,3,aba
金川县蓉坤商贸店（个体工商户）,0,100.0,7,0,aba
汶川县羌韵星火文化旅游发展有限公司,0,100.0,4,11,aba
黑水县牛旺家庭农场（个人独资）,0,105.0,18,1,aba
理县忠世建筑劳务有限公司,0,100.0,16,7,aba
小金县皓观山旅游有限公司,0,100.0,14,2,aba
阿坝县润弘农业科技有限公司,0,100.0,15,9,aba
茂县泓达民宿经营管理有限公司,0,100.0,16,3,aba
阿坝州牛羊粪发酵肥料有限公司,0,100.0,14,4,aba
四川宸锋网络信息科技有限公司,0,100.0,9,10,aba
理县信达工程管理有限公司,0,100.0,8,9,aba
汶川县漩口镇赵公福邸酒店（个体工商户）,0,100.0,8,2,aba
若尔盖鼎盛工程机械租赁有限公司,0,100.0,11,3,aba
茂县果益水果销售有限公司,0,100.0,10,0,aba
松潘县禧悦酒店管理有限责任公司,0,100.0,14,3,aba
松潘县名爵文化娱乐有限公司,0,100.0,18,6,aba
马尔康市达字罗工程机械租赁有限责任公司,0,100.0,16,3,aba
四川维通汽车维修服务有限公司,0,100.0,14,3,aba
若尔盖县飞扬运输有限公司,0,113.0,20,5,aba
小金县云上伦珠文化旅游开发有限公司,0,100.0,6,3,aba
阿坝州山巴琨珩商贸有限公司,0,100.0,20,0,aba
松潘县木之森农庄有限公司,0,100.0,19,2,aba
阿坝兴堃建筑工程机械租赁有限公司,0,100.0,12,3,aba
茂县羌城印象度假酒店有限责任公司,0,100.0,4,2,aba
四川寅竹酒店管理有限公司,0,100.0,9,3,aba
四川雁攀新能源有限公司,0,100.0,7,9,aba
卧龙熊猫苑文化旅游有限公司,0,100.0,12,2,aba
红原县阳康洗涤服务中心有限公司,0,100.0,16,3,aba
四川川西熙诺矿石加工有限责任公司,0,100.0,6,4,aba
九寨沟县瑞佑牧场养殖有限公司,0,100.0,14,1,aba
四川瑞晟工艺美术品有限责任公司,1,100.0,19,0,aba
金川县嗨客文化娱乐有限公司,0,120.0,17,6,aba
阿坝若尔盖天仙子农业发展有限公司,0,100.0,15,1,aba
若尔盖噶玛沃措大酒店有限公司,0,100.0,20,2,aba
阿坝州康鑫修缮装饰有限公司,0,100.0,11,7,aba
金川乡情农副产品销售有限公司,0,100.0,10,1,aba
九寨沟县宇峰同和劳务有限公司,0,160.0,9,7,aba
黑水薛大娃肉牛养殖有限公司,0,100.0,14,1,aba
小金县华勤能鑫旅游服务有限公司,0,100.0,9,1,aba
若尔盖彭措牧原小筑民宿（个体工商户）,0,180.0,7,2,aba
松潘县鑫熙农产品商贸有限公司,0,100.0,11,0,aba
四川渎山石屋文创策划有限公司,0,100.0,8,6,aba
四川藏觅迹忆旅游有限公司,0,100.0,19,3,aba
九寨沟县联易商贸有限公司,0,100.0,8,0,aba
四川兴垦粮油有限责任公司,1,100.0,19,4,aba
小金县金圻农业科技有限公司,0,100.0,10,9,aba
阿坝县萨纳生物质能源科技有限公司,0,100.0,15,9,aba
若尔盖县铁布镇冻列祥鹿家园农家乐农民专业合作社,0,100.0,13,1,aba
阿坝州壹叁柒陆二手车市场管理有限责任公司,0,100.0,9,3,aba
阿坝县福万嘉超市店（个体工商户）,0,160.0,10,0,aba
若尔盖县天赐丰裕农产品有限公司,0,100.0,8,0,aba
松潘县云屯种植专业合作社,0,100.0,11,1,aba
黑水央宗林卡酒店管理有限责任公司,0,100.0,18,2,aba
茂县羌乡餐饮有限公司,0,100.0,13,2,aba
九寨沟县五区小郡肝餐饮有限公司,0,100.0,13,2,aba
茂县鸿发建筑劳务有限公司,0,100.0,11,7,aba
阿坝州茂县国森脚手架租赁有限公司,0,166.0,10,3,aba
小金县丰源中药材种植专业合作社,0,100.0,6,1,aba
若尔盖县东卓农作物种植有限公司,0,100.0,14,1,aba
马尔康薪州种植专业合作社,0,100.0,8,1,aba
壤塘县壤巴拉曼热文化旅游有限公司,0,100.0,8,0,aba
四川龙永翔物流有限公司,0,100.0,10,5,aba
茂县奕辰种植家庭农场（个体工商户）,0,100.0,8,1,aba
阿坝州茏烜新能源有限责任公司,0,100.0,13,0,aba
壤塘县加林之夜漫摇吧（个体工商户）,0,100.0,19,6,aba
四川美邦洋华洗涤有限责任公司,0,100.0,9,3,aba
九寨沟县时友工艺品有限公司,0,100.0,8,0,aba
阿坝县阿龙浴宿店（个体工商户）,0,150.0,20,2,aba
马尔康云云机械租赁有限公司,0,100.0,14,3,aba
汶川县水磨小杨商贸有限公司,0,100.0,20,0,aba
松潘县联博劳务专业合作社,0,100.0,20,1,aba
茂县万泉五金制品有限责任公司,0,150.0,7,0,aba
阿坝县坤勇中药材种植有限责任公司,0,100.0,12,1,aba
马尔康和韵茶府（个体工商户）,0,100.0,6,2,aba
理县格岗庄园民宿（个体工商户）,0,100.0,13,2,aba
汶川顶粮粮油有限公司,0,100.0,12,0,aba
阿坝州若尔盖农生生态农业发展有限公司,0,100.0,8,1,aba
黑水县芝兰食品有限公司,0,100.0,11,0,aba
小金县鑫圆生物科技有限公司,0,130.0,12,9,aba
茂县笙竹院民宿（个体工商户）,0,180.0,5,2,aba
阿坝县景丰药业有限公司,1,100.0,18,0,aba
若尔盖吉翔商贸有限公司,0,100.0,14,0,aba
阿坝州雅克体育发展有限责任公司,0,113.0,9,6,aba
四川诚远藏羌中药材种植有限公司,1,100.0,19,1,aba
黑水县月香思食品厂（个人独资）,0,100.0,15,4,aba
马尔康优客尔文化娱乐有限责任公司,0,150.0,12,6,aba
若尔盖县白龙江兴财民宿旅店（个体工商户）,0,100.0,7,2,aba
茂县奕诺家禽经营部（个体工商户）,0,100.0,13,0,aba
松潘县粮键汽车物流有限公司,0,100.0,20,5,aba
阿坝县华锦中药材有限责任公司,0,100.0,10,1,aba
松潘县广融劳务专业合作社,0,100.0,20,1,aba
阿坝州德它机物流有限公司,0,100.0,6,5,aba
松潘县云聚力劳务专业合作社,0,100.0,20,1,aba
小金县汪春强养殖专业合作社,0,100.0,18,1,aba
九寨沟县雪域高原忻紫酒水销售有限公司,0,100.0,14,0,aba
九寨沟县清清自能网络科技有限公司,0,100.0,13,10,aba
小金县栖居山野民宿旅店（个体工商户）,0,100.0,13,2,aba
松潘景盛劳务专业合作社,0,100.0,11,1,aba
九寨沟县海澜云天文化娱乐有限公司,0,100.0,13,6,aba
茂县刺梨藏香猪养殖家庭农场（个体工商户）,0,100.0,13,1,aba
阿坝县甲本畜牧发展专业合作社,0,100.0,10,1,aba
若尔盖嘎仓琶喜民宿（个体工商户）,0,150.0,6,2,aba
汶川县宇润畜禽养殖专业合作社,0,100.0,20,1,aba
茂县清园民宿酒店（个体工商户）,0,100.0,16,2,aba
松潘瑞鼎劳务专业合作社,0,100.0,11,3,aba
汶川桑落葚水果销售有限责任公司,0,100.0,15,0,aba
松潘县远川汽车租赁有限公司,1,100.0,13,3,aba
阿坝县阿曲河畔吉康庄园民宿（个体工商户）,0,100.0,13,2,aba
马尔康康盛雅筵食府（个体工商户）,0,100.0,10,2,aba
金川最美江喃音乐会所有限公司,0,100.0,7,6,aba
松潘县收拉建筑垃圾综合利用有限责任公司,0,100.0,15,4,aba
四川观无界旅游服务有限责任公司,0,100.0,14,3,aba
若尔盖县辉煌酒店用品店（个体工商户）,0,100.0,7,0,aba
松潘县用安劳务专业合作社,0,100.0,20,1,aba
松潘县洛修工程项目管理咨询有限公司,0,100.0,8,9,aba
汶川领航酒水商贸有限责任公司,0,199.0,4,4,aba
松潘县兴合劳务专业合作社,0,100.0,20,1,aba
小金县屿境私汤酒店（个体工商户）,0,100.0,13,2,aba
茂县爱情海音乐餐吧（个体工商户）,0,100.0,13,6,aba
松潘易川劳务专业合作社,0,100.0,11,1,aba
阿坝县天宫娱乐有限公司,0,100.0,7,6,aba
四川高速行旅行社有限公司,0,100.0,6,3,aba
理县风屿印象花海民宿（个体工商户）,0,150.0,12,2,aba
若尔盖县八骏阁茶府（个体工商户）,0,180.0,6,6,aba
小金县森格绒家庭农场（个体工商户）,0,150.0,13,1,aba
小金县杰莱登酒店（个体工商户）,0,100.0,12,2,aba
若尔盖县卓巴酒店（个体工商户）,0,100.0,11,2,aba
金川麦斯卡农副产品加工有限公司,0,100.0,9,4,aba
红原县麻萨运输服务有限责任公司,0,100.0,6,3,aba
茂县观山望月民宿（个体工商户）,0,160.0,5,2,aba
马尔康卓达机械租赁部（个体工商户）,0,100.0,14,0,aba
若尔盖县上河墅集酒店管理有限公司,0,100.0,13,3,aba
阿坝县欧鼎瑞娱乐吧（个人独资）,0,100.0,10,6,aba
马尔康凤清池足浴店（个体工商户）,0,100.0,12,3,aba
壤塘县谐多风情庄园民宿（个体工商户）,0,120.0,20,2,aba
小金县瀚峰酒店（个体工商户）,0,100.0,16,2,aba
四川本正堂中草药销售有限公司,0,100.0,11,1,aba
九寨沟县风马旗商业管理有限公司,0,100.0,14,12,aba
九寨沟县西蜀商业管理有限公司,0,100.0,14,3,aba
小金县德鹏水电有限公司,0,100.0,9,8,aba
茂县云隐夏园民宿旅店（个体工商户）,0,100.0,12,2,aba
汶川县三江镇烟雨河畔民宿（个体工商户）,0,100.0,17,2,aba
松潘聚信达劳务专业合作社,0,100.0,12,3,aba
茂县欣旺养殖家庭农场（个体工商户）,0,100.0,9,1,aba
若尔盖县千贝打字复印店（个体工商户）,0,100.0,7,4,aba
四川阿坝红原县牧鑫牛养殖有限责任公司,0,100.0,11,1,aba
汶川县映秀镇鸿盛建筑工程机械租赁站（个体工商户）,0,160.0,4,3,aba
马尔康江布机械租赁有限公司,0,100.0,11,3,aba
黑水县祝吾仓家庭农场（个人独资）,0,150.0,9,1,aba
松潘达瓦娜姆民宿店（个体工商户）,0,100.0,4,2,aba
壤塘县荣创机械租赁经营部（个人独资）,0,120.0,12,3,aba
松潘鑫垚劳务专业合作社,0,100.0,12,3,aba
阿坝县中团石油有限责任公司,0,100.0,13,0,aba
九寨沟县溪畔明珠度假酒店有限公司,0,100.0,13,3,aba
若尔盖天边花海酒店管理有限公司,0,100.0,5,2,aba
马尔康时光浅酌酒馆（个体工商户）,0,100.0,11,2,aba
茂县紫薇民宿旅店（个体工商户）,0,160.0,6,2,aba
马尔康赞酱烤肉店（个体工商户）,0,100.0,19,2,aba
若尔盖俄藏天鹅湖旅游有限责任公司,0,100.0,14,2,aba
马尔康盛鑫废品回收有限公司,1,100.0,20,0,aba
阿坝县布仓民宿酒店（个体工商户）,0,150.0,10,2,aba
若尔盖县康德民宿旅店（个体工商户）,0,100.0,7,2,aba
若尔盖县远舍民宿（个体工商户）,0,150.0,6,2,aba
嘉绒汉子特色旅游（马尔康市）有限公司,0,100.0,13,3,aba
松潘县诚德藏雕装修工程有限公司,0,100.0,13,7,aba
黑水林麝家庭农场（个人独资）,0,100.0,11,4,aba
松潘云谷山居民宿店（个体工商户）,0,100.0,15,2,aba
九寨沟县上亿土特产有限公司,0,100.0,13,0,aba
四川省阿坝州阿坝鼎倩建筑垃圾资源再生利用有限责任公司,0,100.0,11,11,aba
茂县锐欣养殖家庭农场（个体工商户）,0,160.0,7,1,aba
阿坝县阳客自助火锅店（个体工商户）,0,180.0,11,2,aba
马尔康汇顶商贸城有限公司,0,100.0,10,3,aba
红原县七乳海奶牛养殖农民专业合作社,0,100.0,19,1,aba
松潘力恒劳务专业合作社,0,100.0,10,3,aba
汶川县水磨镇竹韵雅居民宿（个体工商户）,0,100.0,12,2,aba
黑水喜波吉纳民宿（个体工商户）,0,120.0,6,2,aba
汶川县三江镇亭边小宿民宿（个体工商户）,0,100.0,18,2,aba
小金县景都酒店（个体工商户）,0,100.0,15,2,aba
阿坝县大团石油有限责任公司,0,100.0,13,0,aba
茂县生态源养殖家庭农场（个体工商户）,0,100.0,13,1,aba
汶川县茂盛粮油加工经营部（个体工商户）,1,100.0,13,4,aba
阿坝县蕃扎仓二手车销售有限公司,0,100.0,6,0,aba
汶川县水磨镇有客民宿（个体工商户）,0,120.0,5,2,aba
若尔盖县暖万家煤炭有限责任公司,1,100.0,19,0,aba
小金县顺林家庭农场（个体工商户）,0,120.0,12,1,aba
汶川致和物流有限公司,0,100.0,7,5,aba
阿坝县俄地桑中药材店（个体工商户）,0,100.0,15,0,aba
汶川县水磨镇山与山民宿（个体工商户）,0,100.0,6,2,aba
马尔康市起跑线托育服务有限公司,0,120.0,13,6,aba
黑水县二郎山家庭农场（个人独资）,0,150.0,10,1,aba
黑水县阿吾基肉牛养殖场（个人独资）,1,120.0,10,1,aba
若尔盖县鼎力掘运建筑工程机械租赁有限公司,0,140.0,8,3,aba
阿坝县温磬家庭牧场（个体工商户）,0,100.0,6,1,aba
松潘县君智再生资源回收站（个体工商户）,0,100.0,4,4,aba
茂县李小肠烧烤店（个体工商户）,0,130.0,13,2,aba
黑水县嘉措家庭农场（个人独资）,0,120.0,10,1,aba
黑水县帮地吉家庭农场（个人独资）,0,120.0,9,1,aba
阿坝县岗瓦尚西餐厅（个体工商户）,0,150.0,7,2,aba
茂县茂州景悦酒店（个体工商户）,0,100.0,19,2,aba
若尔盖县德源大酒店（个体工商户）,0,130.0,18,2,aba
阿坝州酒鑫酒水商贸有限公司,0,100.0,10,4,aba
黑水县巨人家庭农场（个人独资）,0,120.0,10,1,aba
金川县蜀儿郎串串香店（个体工商户）,0,100.0,15,2,aba
黑水县康妹家庭农场（个人独资）,0,150.0,9,1,aba
若尔盖穆源养殖场（个体工商户）,0,100.0,7,1,aba
若尔盖县途顺汽车租赁中心（个体工商户）,0,120.0,4,3,aba
茂县大平牛肉点（个体工商户）,0,100.0,4,0,aba
金川县七仁道路货物运输中心（个人独资）,0,100.0,15,5,aba
若尔盖县铁布镇德玛村农副产品加工农民专业合作社,0,100.0,9,4,aba
茂县董浩牛肉点（个体工商户）,0,100.0,4,0,aba
阿坝县布草洗涤店（个体工商户）,0,120.0,7,3,aba
马尔康喜悦酒店有限公司,0,100.0,6,2,aba
松潘尊耀足浴店（个体工商户）,0,180.0,6,3,aba
松潘县云鹏酒店（个体工商户）,0,180.0,8,2,aba
汶川县灵灵挖机租赁店（个体工商户）,0,140.0,7,3,aba
阿坝县生格道路货物运输店（个体工商户）,0,150.0,6,5,aba
理县班措小院酒店（个体工商户）,0,160.0,8,2,aba
若尔盖县卓玛泽仁运输部（个体工商户）,0,100.0,8,5,aba
松潘仁阁仓民宿客栈（个体工商户）,0,100.0,5,2,aba
理县遇见拾光民宿（个体工商户）,0,150.0,15,2,aba
松潘县少群启源养殖场（个体工商户）,0,170.0,8,1,aba
马尔康八四基家庭农场（个体工商户）,0,100.0,8,1,aba
若尔盖县辖曼利众藏医诊所（个体工商户）,0,100.0,11,13,aba
松潘县喜禽驼鸟养殖场（个体工商户）,0,120.0,8,1,aba
汶川县水磨镇窈宸居民宿（个体工商户）,0,120.0,7,2,aba
理县什革民宿（个体工商户）,0,120.0,6,2,aba
松潘县卡莫堂畜牧养殖场（个体工商户）,1,100.0,16,1,aba
黑水若玛民宿（个体工商户）,0,108.0,12,2,aba
若尔盖县阿如酒店（个体工商户）,0,150.0,7,2,aba
理县宽途货物运输部（个体工商户）,0,100.0,5,5,aba
黑水东腾大酒店（个体工商户）,0,150.0,5,2,aba
理县古道山舍民宿（个体工商户）,0,120.0,13,2,aba
九寨沟县云之上文化旅游发展合伙企业（有限合伙）,0,350.0,19,3,aba
四川净土众旺人力资源管理有限公司,0,400.0,13,3,aba
九寨沟县景鸿人力资源管理咨询有限责任公司,0,400.0,13,3,aba
四川鑫旺建筑劳务有限公司,0,480.0,12,7,aba
阿坝州蜀兴农业生产资料有限责任公司,0,400.0,5,0,aba
九寨沟县搜了宝瑞兴食品有限公司,0,300.0,20,0,aba
翠海栖迟山舍酒店（九寨沟县）有限公司,0,300.0,19,2,aba
汶川县洪久强养种植专业合作社,0,300.0,19,1,aba
马尔康市屿骋家具制造有限公司,0,300.0,18,4,aba
九寨沟县红立方广告设计有限公司,0,300.0,18,3,aba
阿坝丰园农业有限责任公司,0,300.0,17,1,aba
理县龙达汽车服务有限公司,0,300.0,12,0,aba
马尔康鑫桦宇成汽车销售服务有限公司,0,300.0,11,0,aba
阿坝州川青汽车服务有限公司,0,320.0,9,3,aba
四川瑞临四方建筑工程有限公司,0,300.0,7,7,aba
九寨沟县盛和酒店管理有限公司,0,300.0,6,3,aba
九寨沟县朋生酒店管理有限公司,0,300.0,6,2,aba
景遇（九寨沟县）餐饮管理有限公司,0,300.0,6,3,aba
阿坝州高原粮仓商贸有限责任公司,0,300.0,6,3,aba
阿坝州德吉拾光文旅科技有限公司,0,300.0,5,6,aba
九寨沟县大帅哥食品有限公司,0,200.0,13,0,aba
阿坝州美东哥哥供应链管理有限责任公司,0,200.0,14,2,aba
九寨沟县一方见地商贸有限公司,0,200.0,18,0,aba
阿坝州志文农业科技发展有限责任公司,0,200.0,20,9,aba
茂县李园春农业专业合作社,0,260.0,20,1,aba
阿坝州星烨供应链管理有限公司,1,220.0,20,3,aba
四川净薪人力资源服务有限公司,0,200.0,20,3,aba
红原县凯达商贸有限公司,0,200.0,19,0,aba
理县瑞邦农业技术推广专业合作社,0,210.0,19,9,aba
理县桃佳农机服务专业合作社,0,200.0,19,1,aba
九寨沟县美点酒店有限公司,0,200.0,19,2,aba
红原县高原牧歌农业科技有限公司,0,200.0,19,10,aba
卧龙大自然文化科技开发有限公司,0,200.0,19,10,aba
四川嘉城市政建设有限公司,0,200.0,19,7,aba
黑水县旭鑫紫劳务专业合作社,0,200.0,19,1,aba
红原县泽供企业管理有限公司,0,200.0,19,3,aba
阿坝老地方酒店管理有限公司,0,200.0,19,3,aba
若尔盖县宇诚商贸有限责任公司,0,200.0,18,0,aba
四川润丰劳务有限公司,0,200.0,18,3,aba
阿坝州优捷城市管理服务有限公司,0,200.0,18,11,aba
九寨沟县霖亚酒店管理有限公司,0,200.0,18,3,aba
四川谊诚源商贸有限公司,0,200.0,17,0,aba
阿坝尔玛阿玲农业科技有限公司,0,200.0,16,9,aba
九寨沟县旭露悦跑体育赛事策划有限责任公司,0,200.0,16,6,aba
阿坝州白水江林业有限责任公司,0,200.0,16,1,aba
茂县桁凌农业有限公司,0,200.0,16,1,aba
壤塘县周通建筑机械设备租赁经营部（个人独资）,0,200.0,16,3,aba
阿坝县泰禾农业科技有限公司,0,200.0,15,9,aba
阿坝州吒喜商贸有限公司,0,200.0,15,0,aba
四川省赞拉雪山商贸有限公司,0,200.0,15,0,aba
四川川藏游牧生态养殖有限公司,0,200.0,15,1,aba
若尔盖衔聚牧业有限公司,0,200.0,15,1,aba
红原县衔聚牧业有限公司,0,200.0,14,1,aba
鑫锐达电梯工程（四川）有限公司,1,200.0,14,4,aba
阿坝州合盛建筑劳务有限公司,0,200.0,13,7,aba
四川鸿鑫富诚建筑劳务有限公司,0,200.0,13,7,aba
四川锦城建筑劳务有限公司,0,200.0,13,7,aba
汶川锦泓装修工程有限责任公司,0,200.0,13,7,aba
茂县鑫宇建筑劳务有限公司,0,200.0,12,7,aba
金川莹鑫建筑劳务有限公司,0,200.0,12,7,aba
金川县兴鸿人力资源有限责任公司,0,200.0,12,3,aba
阿坝州德航建设工程有限公司,0,200.0,11,7,aba
四川悦伏工程项目管理有限公司,0,200.0,11,9,aba
四川齐元建筑工程有限公司,0,200.0,11,7,aba
四川江洋通建筑工程有限公司,0,200.0,11,7,aba
红原县凯莱建筑装饰有限责任公司,0,200.0,10,7,aba
阿坝州青藏绿脉地质工程勘察有限责任公司,0,200.0,10,11,aba
小金县雪海奇境户外运动有限责任公司,0,213.7,10,6,aba
四川盛铭羌文化传播有限公司,0,200.0,9,6,aba
理县漫尔冉措旅游开发有限公司,0,200.0,9,3,aba
阿坝钦泽劳务有限公司,0,200.0,8,7,aba
阿坝县尕勒丽洋农业有限公司,0,200.0,7,1,aba
阿坝州川西滋味供应链管理有限公司,0,200.0,7,5,aba
四川省西部启航人力资源服务有限公司,0,200.0,7,3,aba
阿坝州森态农业开发有限公司,0,200.0,7,1,aba
茂县云顶羌韵文化传播有限责任公司,0,200.0,7,6,aba
汶川县百花凌寒农业发展有限责任公司,0,200.0,7,1,aba
四川聚正豪建筑劳务有限公司,0,200.0,6,7,aba
四川才盖建筑劳务有限公司,0,200.0,6,7,aba
四川常久工程项目管理有限公司,0,200.0,6,9,aba
四川金壤达建筑劳务有限公司,0,200.0,6,7,aba
阿坝州曼拉供应链管理有限公司,0,200.0,4,5,aba
四川君航鸿盛劳务有限公司,0,200.0,4,7,aba
阿坝州新质企业管理服务有限责任公司,0,200.0,16,3,aba
理县诗曼文化旅游有限公司,0,360.0,14,2,aba
若尔盖县野奢一宅民宿经营管理有限责任公司,0,280.0,15,3,aba
阿坝州新扬光商贸有限公司,0,200.0,10,0,aba
小金县金源水电开发有限公司,0,200.0,9,8,aba
金川县毛日乡旅游发展有限责任公司,0,200.0,9,11,aba
茂县华盛果蔬种植专业合作社,0,400.0,20,1,aba
阿坝州阿玲山珍农业科技有限责任公司,0,200.0,5,1,aba
若尔盖县祥祥食品贸易有限责任公司,0,200.0,8,0,aba
阿布咖药业（阿坝）有限公司,0,369.0,7,0,aba
四川藏地秘境探索旅游服务有限公司,0,200.0,13,3,aba
极美地（阿坝州）旅游开发有限责任公司,1,300.0,16,2,aba
九寨沟县泽瑞建筑劳务有限公司,0,200.0,12,7,aba
四川同心磐筑建筑工程有限公司,0,300.0,7,7,aba
马尔康嘉诚农业有限责任公司,0,200.0,4,1,aba
九寨沟县瑾瑜玉藏旅游服务有限公司,0,200.0,16,3,aba
四川久迎畅欣建筑工程有限公司,0,200.0,13,7,aba
阿坝州升腾建筑劳务有限公司,0,200.0,5,7,aba
金川县怡诚建筑劳务有限公司,0,200.0,12,7,aba
茂县帼贸电器有限公司,0,200.0,4,0,aba
金川县峰扬建筑工程有限公司,0,200.0,11,7,aba
阿坝州若尔盖县若巴格登食品有限责任公司,0,200.0,16,0,aba
四川浩盛公路工程有限责任公司,0,200.0,13,7,aba
四川鸿伟晟达建筑工程有限公司,0,200.0,7,7,aba
茂县云森建筑装饰有限公司,0,200.0,13,7,aba
松潘县岷之源商务服务有限责任公司,0,200.0,20,3,aba
松潘县羌香柏味老腊肉加工有限责任公司,0,200.0,19,4,aba
四川埠瀚达建筑工程有限公司,0,200.0,10,7,aba
阿坝州禾利机械租赁有限公司,0,200.0,8,3,aba
四川慧育优才人力资源管理有限责任公司,0,200.0,6,3,aba
小金县福强劳务服务有限公司,0,200.0,17,3,aba
阿坝县邦恒建筑工程有限公司,1,300.0,17,7,aba
阿坝聚牧牧业有限公司,0,200.0,15,1,aba
四川强飞鹏建筑工程有限公司,0,200.0,11,7,aba
金川县沙耳乡惠民家庭农场（个体工商户）,0,200.0,6,1,aba
四川阿坝红原县中和青绿现代农业有限公司,0,200.0,19,9,aba
茂县海森建筑劳务有限公司,1,300.0,17,7,aba
阿坝朗朗物业管理服务有限公司,0,300.0,19,5,aba
马尔康博央生物科技开发有限公司,0,300.0,16,9,aba
马尔康邦达仓商贸有限责任公司,0,200.0,13,0,aba
阿坝州杉森劳务有限公司,0,200.0,9,9,aba
若尔盖赞诺食品加工有限公司,0,360.0,19,4,aba
阿坝州潘达餐饮服务有限公司,0,450.0,19,2,aba
金川县源源农副产品销售有限公司,0,300.0,9,1,aba
四川黄河美园生态科技有限责任公司,0,200.0,11,4,aba
壤塘县慧科新能源开发有限公司,0,200.0,11,8,aba
九寨沟县惠祥劳务服务有限公司,0,200.0,10,3,aba
四川中合丰环境科技有限公司,0,200.0,10,11,aba
若尔盖藏家一号装修工程有限责任公司,0,200.0,20,7,aba
阿坝县何丰建筑维修工程有限责任公司,0,200.0,18,7,aba
四川华鑫诚建筑劳务有限责任公司,0,200.0,5,7,aba
阿坝州蜀之都丝绸销售有限公司,0,200.0,16,0,aba
阿坝州盛衡运输有限公司,0,200.0,12,5,aba
九寨沟县科尤恩文化发展有限公司,0,200.0,19,6,aba
四川心豪建筑工程有限公司,0,360.0,17,7,aba
阿坝州润和环保专用设备销售有限公司,0,200.0,12,0,aba
阿坝县隆科农业开发有限责任公司,0,200.0,20,1,aba
阿坝县德戈仓农业开发有限公司,0,200.0,9,3,aba
四川中峰和环境科技有限公司,0,200.0,9,11,aba
松潘雪域星辉农业科技有限公司,0,280.0,4,1,aba
金川县坤坤农副产品销售有限公司,0,300.0,9,1,aba
九寨沟县凯景酒店有限公司,0,300.0,17,3,aba
四川聚晟屹货物运输有限公司,0,300.0,12,5,aba
四川启明酒店管理有限公司,0,500.0,12,2,aba
阿坝县通卓文化艺术传播有限公司,0,300.0,15,6,aba
理县建娇种养殖专业合作社,0,200.0,14,1,aba
理县孟屯河谷雪山冷水鱼农业有限公司,0,300.0,9,1,aba
茂县鸿盛商业管理有限公司,0,200.0,17,3,aba
四川中玖胜辉建筑工程有限公司,0,200.0,4,7,aba
四川利顺鼎越货物运输有限公司,0,200.0,19,5,aba
若尔盖县顺成商贸有限责任公司,1,300.0,18,0,aba
松潘县措彭纳德农副产品销售有限责任公司,0,200.0,15,0,aba
若尔盖县瑞程建筑劳务有限公司,0,300.0,14,7,aba
四川滨扬餐饮管理有限公司,0,200.0,19,3,aba
阿坝县嘉洛绿色种养殖有限责任公司,0,300.0,15,1,aba
金川盛世天宇建筑工程有限公司,0,200.0,9,7,aba
马尔康市绒古市政建设有限责任公司,0,300.0,16,7,aba
松潘县绿意盎然生态农业有限公司,0,200.0,8,1,aba
松潘县鑫益装修工程有限责任公司,0,200.0,7,7,aba
小金县玉锦农业有限公司,0,200.0,20,0,aba
茂县云庭西里酒店管理有限公司,0,200.0,11,2,aba
壤塘县盛杰建筑劳务有限公司,0,200.0,15,7,aba
马尔康正杨鑫能再生资源有限公司,0,200.0,9,0,aba
阿坝州瑞科道路工程有限公司,0,200.0,19,7,aba
阿坝州一牦食品有限公司,0,450.0,7,4,aba
茂县通达得莱劳务有限公司,0,200.0,7,3,aba
若尔盖县唐克镇九曲宫廷藏餐饮文化有限责任公司,0,200.0,15,2,aba
四川绿波建筑工程有限公司,0,200.0,17,7,aba
阿坝县仁博吉农作物种植农民专业合作社,0,300.0,7,1,aba
卧龙青云劳务有限责任公司,0,200.0,8,3,aba
理县锐佳中草药种植专业合作社,0,300.0,6,1,aba
阿坝州玖行文化旅游有限公司,0,200.0,8,11,aba
若尔盖龙达诚信商贸有限公司,0,200.0,12,0,aba
若尔盖景秀民宿经营管理有限公司,0,200.0,6,2,aba
理县博吧林卡酒店有限公司,0,200.0,19,0,aba
四川弘贝建筑劳务有限公司,0,200.0,5,7,aba
小金县虹圣中草药种植专业合作社,0,200.0,19,1,aba
松潘县途行汽车租赁有限责任公司,0,300.0,15,3,aba
阿坝州强凯食品技术开发有限公司,0,200.0,11,4,aba
阿坝州永盛兴香面业有限公司,0,400.0,12,0,aba
马尔康牛里建筑工程机械租赁有限公司,0,200.0,19,3,aba
马尔康田顺五金建材有限公司,0,200.0,19,0,aba
松潘龙之雪汽车租赁有限公司,0,300.0,19,3,aba
阿坝东煜汽车租赁服务有限公司,0,200.0,11,3,aba
茂县兴福电力器材经营部（个体工商户）,0,200.0,4,4,aba
四川康旭劳务有限公司,0,200.0,16,7,aba
四川古戈尔杰斯建材有限公司,0,200.0,18,0,aba
松潘运捷汽车租赁服务有限责任公司,0,200.0,13,3,aba
四川翎昀环境工程有限公司,0,200.0,4,8,aba
阿坝州岷江童瑶汽车租赁有限责任公司,0,200.0,15,3,aba
阿坝风恒新材料科技有限公司,0,300.0,7,9,aba
四川三阖文化娱乐有限责任公司,0,300.0,19,6,aba
马尔康鸿胜商贸有限公司,0,200.0,19,0,aba
马尔康市茸兴运输服务有限责任公司,0,200.0,19,5,aba
小金县徽懋中药材种植农民专业合作社,0,200.0,15,1,aba
阿坝繁石信息技术有限公司,0,200.0,10,10,aba
九寨沟县情满九歌歌舞厅（个人独资）,0,400.0,6,6,aba
九寨沟县三墨酒店管理有限责任公司,0,200.0,10,2,aba
茂县驰程货物运输有限公司,0,200.0,16,5,aba
四川富才昌盛建筑工程有限公司,0,200.0,11,7,aba
九寨沟县钧翔劳务服务有限公司,0,200.0,10,3,aba
小金县路顺汽车租赁有限责任公司,0,200.0,18,3,aba
若尔盖晶犇运业有限责任公司,0,300.0,15,5,aba
阿坝州停停泊车商业运营管理有限公司,0,300.0,9,7,aba
阿坝州三头牛农业科技有限公司,0,200.0,12,1,aba
九寨沟县宗良劳务服务有限公司,0,200.0,15,3,aba
四川中达鑫垚建筑劳务有限公司,0,200.0,8,7,aba
松潘县盛开农业发展有限公司,0,200.0,6,1,aba
若尔盖县嘉悦酒店管理有限公司,0,200.0,6,3,aba
阿坝州友莉工程机械租赁有限公司,0,200.0,20,3,aba
马尔康市陆缘机械租赁有限公司,0,200.0,19,3,aba
松潘凯虹酒店有限公司,0,300.0,16,2,aba
四川麦洼牦牛生态牧场食品有限责任公司,0,200.0,8,0,aba
四川信优志顺建筑工程有限公司,0,200.0,13,7,aba
九寨沟县博奥酒店管理有限公司,0,300.0,13,3,aba
汶川盛世鑫鸿新能源科技有限公司,0,300.0,9,9,aba
四川兴顺翼建筑劳务有限公司,0,200.0,13,7,aba
四川锐盛达建筑劳务有限公司,0,200.0,13,7,aba
四川墨安建设工程有限公司,0,300.0,13,7,aba
汶川县杰锐劳务服务有限公司,0,200.0,19,3,aba
茂县回归家园民宿旅店（个体工商户）,0,200.0,9,2,aba
松潘同盛和文化旅游有限公司,0,200.0,13,3,aba
阿坝州大道牧业有限责任公司,0,418.0,10,1,aba
红原县锦福酒店有限责任公司,0,300.0,4,2,aba
汶川目的地家庭农场（个人独资）,0,200.0,15,1,aba
九寨沟县燕子桠劳务专业合作社,0,200.0,6,3,aba
四川贯誉名建设工程有限公司,0,200.0,14,7,aba
红原县恒辉矿业有限公司,0,300.0,7,0,aba
松潘天藏灵泉饮用水有限公司,0,300.0,15,4,aba
金川县科山村俄都中药材贸易有限责任公司,0,200.0,9,0,aba
阿坝勒登仓建筑工程有限公司,0,300.0,9,7,aba
松潘县快迅物流配送有限公司,0,300.0,19,5,aba
阿坝州旭金工程机械租赁有限公司,0,200.0,19,3,aba
黑水冰川阿罗家庭农场（个人独资）,0,200.0,10,1,aba
小金县洁鑫洗涤服务有限责任公司,0,300.0,18,3,aba
松潘县彦金建筑工程有限公司,0,300.0,9,7,aba
松潘县逢祥商贸有限公司,0,200.0,13,0,aba
四川省壤塘华城正饮料有限责任公司,0,200.0,20,4,aba
茂县宏锋建筑劳务有限公司,0,200.0,15,7,aba
四川万龙顺建设项目管理有限公司,0,300.0,8,9,aba
若尔盖县辖曼镇虢昌村诺尔措生态养殖农民专业合作社,0,200.0,15,1,aba
松潘县聚盛润业生态旅游开发有限公司,0,200.0,7,11,aba
马尔康璀璨娱乐有限公司,0,200.0,13,6,aba
马尔康市玖溢源商贸有限责任公司,0,290.0,8,9,aba
若尔盖县三三牦牛肉店（个体工商户）,0,200.0,11,0,aba
四川龙鳞辉煌影业有限公司,0,300.0,19,6,aba
茂县稳驰货物运输有限公司,0,200.0,14,5,aba
四川诚善建筑劳务有限公司,0,200.0,8,7,aba
红原县龙羊建材有限公司,0,200.0,7,4,aba
阿坝州凯萨酒店管理有限公司,0,300.0,19,3,aba
阿坝州漩映机动车检测服务有限公司,0,350.0,18,9,aba
若尔盖云朵酒店有限公司,0,370.0,6,3,aba
四川龙焱远飞建筑劳务有限公司,0,200.0,4,7,aba
阿坝县叶则神山乡村旅游农民专业合作社,0,400.0,13,1,aba
四川省瓦窑堡药好雅康中药材种植有限公司,0,300.0,10,4,aba
汶川锆华新材料有限公司,0,300.0,4,4,aba
小金县水岸雅筑民宿酒店（个体工商户）,0,200.0,7,2,aba
汶川秦嘉阳牧业有限公司,0,300.0,5,1,aba
四川北泽匠兴建筑劳务有限公司,0,200.0,4,7,aba
阿坝州展蓝劳务服务有限责任公司,0,200.0,11,3,aba
四川吉泽机械租赁有限公司,0,300.0,18,3,aba
茂县九心泉饮用水销售有限公司,0,200.0,16,0,aba
九寨沟县酒隐文化娱乐有限责任公司,0,200.0,13,6,aba
茂县茂庆建筑劳务有限公司,0,200.0,11,7,aba
理县山间雅舍民宿（个体工商户）,0,600.0,6,2,aba
汶川鑫盛嘉建材销售有限公司,0,400.0,18,0,aba
小金潜盛商贸有限公司,0,200.0,10,0,aba
四川省若尔盖县铁布镇罗戈村农副产品加工农民专业合作社,0,300.0,9,4,aba
金川县额日甲中药材贸易有限责任公司,0,200.0,9,0,aba
阿坝圣岚地贸易有限公司,0,300.0,11,0,aba
理县云漫印象酒店有限公司,0,200.0,9,2,aba
松潘亿丰源商贸有限公司,0,200.0,7,0,aba
黑水银学机械租赁有限公司,0,200.0,19,3,aba
松潘长运汽车租赁服务有限责任公司,0,200.0,13,3,aba
阿坝县尼壬保奇农产品开发有限责任公司,0,200.0,7,4,aba
阿坝州永盛制面食品有限公司,0,400.0,13,4,aba
马尔康奥遂种养殖专业合作社,0,300.0,9,1,aba
松潘县香榭丽舍酒店有限公司,0,200.0,12,2,aba
松潘兰之欣台球厅（个体工商户）,0,200.0,9,6,aba
理县凯风彤韵民宿（个体工商户）,0,500.0,6,2,aba
汶川弘星物流有限责任公司,0,200.0,19,5,aba
若尔盖县热当坝嘎庆酒店（个体工商户）,0,300.0,8,2,aba
松潘安兴商务服务有限责任公司,0,200.0,11,3,aba
松潘县安步汽车租赁有限公司,0,300.0,19,3,aba
马尔康星圣劳务服务有限公司,0,200.0,15,7,aba
阿坝县顺宇机械租赁有限公司,0,200.0,12,3,aba
松潘鸿顺汽车租赁有限公司,0,200.0,9,3,aba
黑水县净土能源销售有限公司,0,300.0,19,0,aba
理县音浪酒吧（个体工商户）,0,380.0,14,6,aba
阿坝县本初清凉民宿经营管理有限责任公司,0,300.0,8,3,aba
金川藏乡美酒店管理有限公司,0,300.0,10,2,aba
阿坝县岗罗卡生态观光农业专业合作社,0,300.0,15,1,aba
金川县曌烽互动娱乐有限公司,0,200.0,14,2,aba
若尔盖县索仓庄园民宿（个体工商户）,0,600.0,10,2,aba
若尔盖县云牧生态牧业农民专业合作社,0,300.0,9,1,aba
若尔盖花湖星野美宿农家乐（个体工商户）,0,200.0,13,2,aba
理县半山雪私汤民宿（个体工商户）,0,300.0,5,2,aba
若尔盖县天海蓝洁洗涤有限公司,0,200.0,20,3,aba
若尔盖降扎净地秘宝菌业有限责任公司,0,200.0,14,4,aba
九寨沟县美景无限旅游服务有限公司,0,200.0,12,3,aba
阿坝苏源气体壤塘经营部,0,200.0,10,0,aba
黑水嘉央家庭农场（个人独资）,0,420.0,18,1,aba
金川归山牧云牧场酒店（个体工商户）,0,200.0,9,2,aba
茂县鸿信民宿经营管理有限公司,1,200.0,17,3,aba
若尔盖县夺尔吉班钦马种养殖专业合作社,0,300.0,6,1,aba
茂县音浪娱乐有限公司,0,200.0,19,6,aba
松潘县雄飞腾停车场服务有限责任公司,0,200.0,9,3,aba
小金县瑜璟民宿酒店（个体工商户）,0,280.0,15,2,aba
汶川县皓宇物流有限公司,0,200.0,6,5,aba
若尔盖县索郎央卓酒店（个体工商户）,0,500.0,13,2,aba
九寨沟县悦易行汽车租赁有限公司,0,200.0,10,3,aba
松潘县启亿商贸有限责任公司,0,200.0,7,0,aba
壤塘县温斯特娱乐会所（个体工商户）,0,300.0,8,6,aba
马尔康市金舟文化娱乐有限责任公司,0,200.0,7,6,aba
阿坝州林溢城商贸有限责任公司,0,200.0,18,0,aba
阿坝州千里缘餐饮文化服务有限责任公司,0,200.0,11,2,aba
九寨沟县智雅洗涤服务有限公司,0,400.0,14,3,aba
若尔盖县索藏牦牛生态养殖农民专业合作社,0,300.0,19,1,aba
四川优鲜来农产品商贸有限公司,0,200.0,9,0,aba
若尔盖德圣奢野大酒店（个体工商户）,0,600.0,8,2,aba
黑水翰峰湾智能酒店（个体工商户）,0,400.0,5,2,aba
茂县遥远的她民宿旅店（个体工商户）,0,200.0,13,2,aba
黑水珠嘉庆措民宿（个体工商户）,0,200.0,8,2,aba
若尔盖第一会所店（个体工商户）,0,300.0,18,2,aba
黑水德吉央宗酒吧（个体工商户）,0,200.0,7,2,aba
理县尕玛大酒店（个体工商户）,0,400.0,4,2,aba
理县阿斯满瑞宅尊品民宿（个体工商户）,0,260.0,7,2,aba
九寨沟县燕归建筑劳务有限公司,0,200.0,4,7,aba
九寨沟县盛耀和颐膳餐饮有限公司,0,200.0,13,2,aba
汶川县无忧威州劳务服务专业合作社,0,200.0,9,1,aba
理县追山茗境酒店有限责任公司,0,200.0,12,2,aba
汶川县三江镇汇江苑民宿（个体工商户）,0,300.0,10,2,aba
理县红山藏家民宿（个体工商户）,0,200.0,7,2,aba
金川县叶合琼建材销售经营部（个体工商户）,0,200.0,6,0,aba
松潘奇遇山画酒店（个体工商户）,0,500.0,11,2,aba
黑水县夏纳福苑民宿（个体工商户）,0,200.0,8,2,aba
松潘县潘东蔬菜种植农民专业合作社,0,240.0,19,1,aba
若尔盖县星展文化旅游有限责任公司,0,300.0,15,2,aba
四川诺尔纳农业科技有限公司,0,300.0,9,1,aba
九寨沟县珠康酒店有限责任公司,0,400.0,15,2,aba
阿坝州若尔盖县杨噶藏绵羊生态养殖专业合作社,0,315.0,15,1,aba
若尔盖圆满珍宝酒店（个体工商户）,0,200.0,4,2,aba
理县山水良轩酒店（个体工商户）,0,200.0,12,2,aba
理县祝梦逸居民宿（个体工商户）,0,200.0,13,2,aba
松潘县柳云汽车维修有限公司,0,200.0,12,3,aba
黑水县琼璞大酒店（个体工商户）,0,300.0,12,2,aba
理县晓龙湾民宿（个体工商户）,0,250.0,7,2,aba
九寨沟县程润酒店管理有限公司,0,300.0,12,2,aba
松潘雲尚沐歌足浴店（个体工商户）,0,200.0,14,3,aba
汶川县三江镇金在苑民宿（个体工商户）,0,200.0,14,2,aba
四川新塘建筑工程有限公司,0,300.0,12,7,aba
黑水热窝人参果家庭农场（个人独资）,0,200.0,8,1,aba
阿坝州圣康建筑劳务有限责任公司,0,200.0,7,7,aba
四川九寨大熊猫食品有限责任公司,1,300.0,12,4,aba
汶川县三江镇醺岳民宿（个体工商户）,0,400.0,7,2,aba
松潘见山小舍民宿店（个体工商户）,0,200.0,13,2,aba
汶川县三江镇岷雅清居民宿（个体工商户）,0,200.0,8,2,aba
理县雍丞机械租赁部（个体工商户）,0,300.0,7,3,aba
卧龙长久阁民宿（个体工商户）,0,200.0,6,2,aba
黑水龙缘民宿（个体工商户）,0,200.0,4,2,aba
松潘县天成建筑劳务有限责任公司,0,200.0,11,7,aba
四川省天添运运输服务有限责任公司,0,200.0,10,5,aba
四川可蕊工程机械租赁有限公司,0,300.0,4,3,aba
小金县东辉机械租赁有限公司,0,200.0,5,3,aba
若尔盖县华臣机动车检测有限责任公司,0,200.0,10,9,aba
金川县白塔仙鹤酒店（个体工商户）,0,200.0,5,2,aba
松潘阿帝墅院民宿旅店（个体工商户）,0,500.0,8,2,aba
阿坝州熊哥宝树堂大药房有限公司,0,300.0,7,0,aba
金川县藏家心愿酒店（个体工商户）,0,200.0,5,2,aba
卧龙云水依山民宿（个体工商户）,0,500.0,13,2,aba
阿坝州旗润综合能源有限公司,0,200.0,5,8,aba
若尔盖县聚缘民宿酒店（个体工商户）,0,200.0,7,2,aba
汶川县云睿机械设备租赁部（个体工商户）,0,300.0,8,3,aba
红原县金壶酒店（个体工商户）,0,200.0,13,2,aba
松潘普瓦央启民宿店（个体工商户）,0,280.0,7,2,aba
松潘博巴民宿店（个体工商户）,0,200.0,7,2,aba
理县孟屯澜香阁民宿（个体工商户）,0,390.0,6,2,aba
金川县圣行佛都酒店（个体工商户）,0,280.0,6,2,aba
松潘绿保源养殖场（个体工商户）,0,200.0,6,1,aba
黑水古达阁民宿（个体工商户）,0,250.0,13,2,aba
理县瑞枫山居民宿（个体工商户）,0,200.0,7,2,aba
美投（美姑县）能源发展有限责任公司,0,5000.0,19,8,aba
壤塘县王祥建筑有限公司,0,4000.0,19,7,aba
凉山州易路通交通发展有限公司,0,3468.894785,20,9,aba
四川道禾天诚工程项目管理有限公司,0,1200.0,20,9,aba
甘孜州蓝越劳务服务有限责任公司,0,1200.0,19,3,aba
德格好东购生活超市（个人独资）,1,1000.0,20,0,aba
布拖农投惠农商贸有限公司,0,1000.0,16,10,aba
甘孜州华瑞酒店管理有限责任公司,0,1000.0,20,2,aba
凉山康远大件物流有限公司,0,1000.0,20,5,aba
甘孜县天王宝店工艺品有限公司,0,1000.0,19,4,aba
道孚郎杰酒店管理有限责任公司,0,1000.0,19,2,aba
汶川盛太运输有限公司,0,1000.0,19,5,aba
甘孜州乾鼎物流有限责任公司,0,1000.0,20,5,aba
松潘县彭初运输有限公司,0,1050.0,19,5,aba
国能（布拖）新能源有限公司,0,20000.0,18,8,aba
雅江县土香土特产店（个体工商户）,0,1000.0,12,0,aba
若尔盖县唐克黄河外滩洲际酒店（个体工商户）,0,1000.0,12,3,aba
丹巴县德胜租赁部（个体工商户）,0,1000.0,6,3,aba
宁南县串火王烧烤店（个体工商户）,0,1000.0,9,2,aba
阿坝县娘亚家庭牧场（个体工商户）,0,1000.0,6,1,aba
